Nhiệt_độ_C,Độ_ẩm_%,Lượng_mưa_mm,Độ_ẩm_đất,Chiều_cao_triều_m,Lượng_mưa_mm_lag1,Lượng_mưa_mm_lag2,Lượng_mưa_tích_luỹ_3_ngày,Nguy_cơ_ngập
-0.5368279541315956,0.4451691454458763,-0.39855763873010974,-0.45877392572147335,-0.3095899126605427,-0.3985479937804561,-0.39857676518854035,-0.5376577854611028,0
-2.2225693237661193,0.28256869200946005,-0.32152870620474433,0.9160303126937374,-0.26439439744239557,-0.2830047085092533,0.03608999825686986,-0.2555922298745151,0
-2.121436204859835,1.072875521063342,-0.08493984201969355,1.0751898824320751,-0.3095899126605427,0.2892096566433698,0.6798369770304521,0.3976122146417952,0
0.9455108505116355,-1.1794545117913542,-0.39855763873010974,-0.5991210134832343,-0.26439439744239557,-0.3985479937804561,-0.3600619886807192,-0.5203379706443826,0
-1.7737200881708133,0.5013464574510282,-0.37654937229429103,0.9348427946703137,-0.6259585191875722,-0.13444905601770696,-0.07395222033690488,-0.26301500765310953,0
2.021044525172286,-2.6320357785837256,-0.39855763873010974,-0.805759704400551,-0.26439439744239557,-0.3985479937804561,-0.39857676518854035,-0.5376577854611028,0
-0.39705971114875455,1.145493620681303,2.556052130278548,1.1032592999844275,3.0857231681027577,2.247943445050426,1.4006135088196767,2.790220918608727,2
-0.27433637584674697,1.1556145502807214,0.905432147592147,1.078175990682325,1.053808129753561,0.2837075954399792,1.0869931858274187,1.0235998073032555,2
0.8119924070117663,-0.7440225980141444,-0.39855763873010974,0.2910378559163621,-0.26439439744239557,-0.04091401556006663,0.3882250977569489,-0.02301185947855775,0
-0.38399194859344843,0.9759342370604706,-0.39855763873010974,0.8118151347600039,-0.3095899126605427,-0.2775026473058627,0.43774409612414766,-0.10713667430262677,0
0.4716624169844397,0.26243997521233003,-0.1344584415002856,-0.20167000537492732,0.8447788718696307,-0.12894699481431632,-0.321547212172898,-0.2630150076531095,0
0.4313228021397982,0.5090185431149339,-0.23349564046146964,0.8769122946154592,-0.9460934186494477,0.6743539408807123,0.1186216622022008,0.2516309183294366,0
-1.0987417440097704,0.5349323722240004,-0.327030772813699,0.45736408545530005,-0.26439439744239557,-0.3985479937804561,-0.343555655891653,-0.48074982249187964,2
0.16712673308686482,0.7275585455384335,-0.02991917593014685,-0.3587392993380902,-0.3095899126605427,0.25069522821963547,0.16263854963971072,0.17245462202442904,0
-0.6050075848549331,0.7517900654168987,0.9934652133354218,0.9088636528931368,2.4002578539608592,-0.38754387137367485,0.4102335414757039,0.4569944368705494,2
0.9886912833030841,-0.523106697275383,-0.10694810845551225,0.1790587965319781,-0.26439439744239557,-0.3985479937804561,0.2946892119522404,-0.0947653780049702,0
0.011449909601910668,0.7721799899000977,0.322213087042952,0.28894758014118715,-0.1909516852129066,-0.38204181017028427,-0.3270493231025868,-0.17394167430997526,0
1.1886848667582062,-1.2555857833935486,-0.39855763873010974,-0.672877887264415,-0.26439439744239557,-0.37103768776350304,-0.28853454659476563,-0.47580130397281606,0
-1.1941932270224436,0.5881088634521143,-0.227993573852515,0.9694816503732167,1.9257049441703151,-0.013403709543113596,-0.33805354496196427,-0.26054074839357805,0
-0.131727314917098,0.7988363747471614,-0.0794377754107389,-1.3770022126734218,-0.3095899126605427,-0.06842432157701966,-0.24451765915725573,-0.176415933569508,0
1.196070993419902,-1.3436837340220664,0.008595290332535846,-0.6185307171098611,-0.3095899126605427,-0.3930459325770655,-0.39857676518854035,-0.3520883409962411,0
0.5693865543545563,-0.044701683537676326,0.052611823204173146,0.4173502349019473,-0.5826461504368481,0.09113545332130796,0.26717865730379675,0.18482591832208634,0
-1.4089590638009575,0.208981701183817,-0.39855763873010974,-0.9284887534858358,-0.3095899126605427,-0.3985479937804561,-0.321547212172898,-0.5030181558276622,0
0.38302889704410004,0.5100845799989846,-0.1674708411540136,-1.3725230502980466,-0.3095899126605427,-0.21147791286517545,-0.39857676518854035,-0.349614081736711,0
1.8193464509490802,-2.8779267912946094,-0.3380349060316084,-0.6248015444353863,-0.3095899126605427,-0.2940088309160346,-0.39857676518854035,-0.4634300076751571,0
-0.32831191683605626,0.5344350550828879,-0.261005973506243,0.9414122328208644,-0.3095899126605427,-0.018905770746504184,0.1516343277803333,-0.05765148911199603,0
-0.5266010095230954,0.3013971140896064,-0.10694810845551225,-0.3897948251406924,-0.26439439744239557,-0.2609964636956909,-0.38757254332916286,-0.3397170446985855,0
-0.6163708566421564,0.5387995310588308,2.379985998791999,0.016315896893340044,-0.3095899126605427,0.8339137157790398,-0.20600288264943456,1.3526762888209414,1
1.5790132526493148,-2.362906742588391,-0.39855763873010974,-2.044696017429376,-0.3095899126605427,-0.3985479937804561,-0.39857676518854035,-0.5376577854611028,0
0.6438159845608676,0.14368433963157043,-0.2995204397689256,0.6953569130002446,-0.6259585191875722,-0.21697997406856606,0.41023354147570396,-0.04775445207387185,0
-0.6942092683846335,0.5155448201452751,-0.2059853074166963,-0.259301894604757,-0.6259585191875722,-0.10143668879736328,-0.23901554822756696,-0.2456951928363892,0
1.0835746027263946,-1.3787413613438806,-0.39855763873010974,-0.1736005878225754,-0.6259585191875722,-0.17296348444144116,-0.39857676518854035,-0.4362131558203124,0
-1.4504350058243203,0.683115128654712,-0.16196877454505895,0.7777735007071509,-0.3095899126605427,-0.3930459325770655,-0.39857676518854035,-0.42879037804171743,0
-0.299335573778637,0.4351015904658581,0.09662835607581054,0.940516400345789,-0.26439439744239557,-0.25549440249230027,-0.26652610287601064,-0.19126148912669677,0
-1.796446631745259,0.12947973577325295,0.5257895515742749,0.9061761554679114,-0.3095899126605427,-0.23348615767873787,-0.3655640996104079,-0.03290889651668193,0
1.3483388353686896,-1.5465376230229144,-0.39855763873010974,-0.3763573380145666,-0.4753068017937486,-0.3490294429499406,-0.321547212172898,-0.48074982249187737,0
-2.2589317934852335,0.03663463138755529,-0.25000184028833367,1.0253218746528965,-0.3095899126605427,-0.035411954356676,1.4446303962571865,0.5213251776183686,0
1.010849663288168,-0.767144678433603,-0.3875535055122004,0.34866974514619176,-0.3095899126605427,0.6028271452366344,-0.2005007717197458,0.0066792516358222575,0
-1.1941932270224436,1.415872496994166,3.034731925257604,1.0910162561584016,-0.6259585191875722,3.937076234491342,1.3896092869602992,3.7601305483450633,0
-0.7748884980739166,0.3612472705467276,-0.39855763873010974,0.6305583639698148,1.0895879126345942,-0.30501295332281575,0.17364277149908827,-0.23827241505779412,0
-0.9476102292397062,0.6266787876133848,0.06361595642208255,0.8136067997101543,1.987848777595268,0.21768286099929188,-0.321547212172898,-0.018063340959494387,0
1.755143965351271,-3.0863944899261644,-0.3380349060316084,-0.5370099618780294,-0.8387540700063483,-0.3655356265601124,-0.26652610287601064,-0.43621315582031195,0
-1.9328058931919343,1.116142190642587,1.158527211604062,1.0901204236833262,3.0800737287004893,0.5643127168129002,-0.1949986607900571,0.6871005480069762,1
-1.2015793536841375,0.20209683588375796,-0.39855763873010974,0.37853082764869406,-0.6259585191875722,-0.3985479937804561,-0.39857676518854035,-0.5376577854611028,0
0.2586010709740096,0.5025684451344961,-0.14546257471819496,0.7090930109513954,-0.26439439744239557,-0.35453150415333123,-0.3270493231025868,-0.3718824150724939,0
0.6591564014736182,0.14335113977245995,-0.035421242539101554,-1.6914394114247724,-0.3095899126605427,-0.37653974896689363,-0.1949986607900571,-0.2729120446912353,0
1.1131191093731745,-0.91309691191473,-0.39855763873010974,-2.2904527264249706,-0.3095899126605427,-0.3985479937804561,-0.29403665752445435,-0.4906468595300054,0
-0.949314720007789,0.9702437278990218,-0.37654937229429103,0.6347389155201647,-0.26439439744239557,-0.3930459325770655,-0.38757254332916286,-0.5203379706443833,0
0.13792298823444019,0.5048182304812443,5.334595767800656,0.5926347891916366,-0.3095899126605427,-0.3985479937804561,-0.321547212172898,2.0405203629706903,1
0.7125637788735659,-0.07968931309533854,-0.3325328394226537,0.9584330498472908,-0.6259585191875722,-0.22248203527195665,0.8008834174836043,0.11059814053614271,0
-1.499297074509379,0.7674731711051246,-0.15646670793610426,0.8354053899369805,-0.26439439744239557,-0.1784655456448318,-0.37656832146978536,-0.31992297062233394,0
0.16371775155069812,0.696161413915167,0.1901634884280399,0.6723638794733175,-0.3095899126605427,0.25619728942302616,-0.134475440563481,0.1402892516505206,0
-0.24876901432549536,0.29434914022705155,-0.09044190862864825,-2.5627857988477922,2.940720890111202,0.4597735539484786,2.4240061417417813,1.2561801776992145,0
-1.5032742196349074,-0.6028029356145835,-0.3875535055122004,-0.6471973563122634,-0.3095899126605427,0.44876943154169735,0.6028074240148097,0.2986418442605342,0
-0.7271627565675801,0.4470230659613914,-0.39855763873010974,0.5597875984388839,0.8975069729574692,-0.3985479937804561,-0.39857676518854035,-0.5376577854611028,0
0.3040541581229017,0.492837761015632,-0.39855763873010974,0.3659891729976432,-0.1871853922780609,-0.3985479937804561,-0.39857676518854035,-0.5376577854611028,0
-1.7089494389836424,-0.28549775074460465,-0.30502250637788036,-0.7561903074463971,2.5377275460827238,-0.23348615767873787,-0.22250921543850077,-0.34219130395811675,0
0.04440339778485726,0.38633470044205137,-0.3380349060316084,0.4427321550290743,-0.26439439744239557,-0.34902944294994065,-0.3270493231025868,-0.4560072298965646,0
0.020540527031688502,0.7482321044441388,0.11313455590267459,0.5556070468885332,-0.7257652819609804,-0.18946966805161303,-0.39857676518854035,-0.21352982246248006,0
-1.7112220933410869,-0.3246785904451793,-0.14546257471819496,1.0023288411259692,-0.26439439744239557,0.19017255498233884,-0.3160451012432093,-0.12198222985981642,0
-1.8305364471069279,0.9587685071498264,0.21217175486385859,0.9954607921503937,1.9916150705301132,0.10764163693147973,0.1516343277803333,0.2120427701769329,0
0.743244612699068,-0.4344446559592016,-0.39855763873010974,-2.258202757322268,-0.3095899126605427,-0.3985479937804561,-0.39857676518854035,-0.5376577854611028,0
0.16599040590814162,0.8346804071663715,0.1681552219922213,1.0420440808542974,-0.26439439744239557,0.5368024107959471,-0.03543744382908376,0.301116103520065,0
-0.02207174217039752,0.7947707515008104,-0.39855763873010974,0.7604540728556999,-0.26439439744239557,-0.38754387137367485,-0.13997755149316973,-0.4164190817440608,0
1.7369627304917132,-3.4045706142730556,-0.39855763873010974,-0.6570515135380889,-0.26439439744239557,-0.22248203527195665,-0.2995387684541431,-0.41394482248452996,0
-0.20672490871276997,0.8323939164052276,0.019599423550445146,-0.3509754178874396,-0.3095899126605427,0.13515194294843275,14.473629077760114,6.5783118449514095,0
-1.5487273067837994,0.9140300835675087,1.0154734797712404,0.9288705781698131,-0.26439439744239557,0.16816431016877648,-0.39857676518854035,0.3530755479702261,0
-1.2078291531671113,0.36814022402694424,-0.39855763873010974,-0.7639541888970477,-0.3095899126605427,-0.3215191369329876,-0.14547966242285842,-0.38920222988921443,0
0.003336465366202953,0.6778136305590782,-0.3325328394226537,0.9261830807445878,-0.26439439744239557,-0.035411954356676,0.6853390879601406,0.14276351091005177,0
-0.47773894083803764,1.0046973072650236,0.28369862078026936,1.1029606891594022,2.0311611463459918,0.4432673703383069,0.9879551890930212,0.7712253628310471,0
0.1796263320528103,0.09068816046987407,-0.14546257471819496,-2.112480674710056,0.1593135577277334,-0.3930459325770655,-0.39857676518854035,-0.42136760026312353,0
-1.5055468739923517,0.9434314705549699,1.4776470749234327,1.1128148463852288,-0.26439439744239557,1.296086856863851,0.7898791956242268,1.6025764740336192,1
0.8864218372180777,-0.3098236941385759,-0.39855763873010974,-0.015038239734287601,-0.6259585191875722,-0.3985479937804561,-0.39857676518854035,-0.5376577854611028,0
1.2869771677176844,-1.3410370336703528,-0.39855763873010974,-0.5316349670275791,-0.8010911406578923,-0.3985479937804561,-0.21700710450881203,-0.4560072298965634,0
1.2187975369943487,-1.353648961547425,-0.39855763873010974,-0.6683987248890397,-0.26439439744239557,-0.37653974896689363,-0.39857676518854035,-0.5277607484229769,0
0.6773376363331739,-0.8058894380973914,-0.294018373159971,0.08439916499904558,-0.7031675243519069,-0.3930459325770655,-0.38757254332916286,-0.48322408175141074,0
-1.3998684463711786,0.6877960615883585,0.3772337531324987,1.1053495757596028,-0.26439439744239557,0.7458807365247903,0.8063855284132928,0.8677214739527721,0
-0.5459185715613752,-0.6915221791570617,-0.39855763873010974,-2.3012027161258715,-0.3095899126605427,-0.3985479937804561,-0.39857676518854035,-0.5376577854611028,0
-1.589066921628441,0.25661550902153907,2.2754467332218598,-0.038031273261214305,6.079926051305002,0.6083292064400251,-0.37656832146978536,1.1275186962035777,2
-1.7725837609920911,0.6464607121711962,-0.39855763873010974,0.8219679028108552,-0.26439439744239557,-0.3985479937804561,-0.26652610287601064,-0.47827556323234754,0
-0.7489576595780082,1.0445366058964691,-0.294018373159971,0.9097594853682117,-0.6259585191875722,-0.2830047085092533,-0.20600288264943456,-0.3520883409962425,0
-0.4328540172785062,0.9101375455341213,-0.28851630655101634,0.4478085390544995,0.6112687099092045,-0.018905770746504184,0.041592109186558576,-0.11950797060028351,0
1.6040124505812057,-3.231689669314091,-0.39855763873010974,-0.4969961113246766,-0.6259585191875722,-0.3985479937804561,-0.39857676518854035,-0.5376577854611028,0
0.6722241640289244,-0.6350625961128433,-0.39855763873010974,-0.21391304920095316,-0.47907309472859433,-0.3985479937804561,-0.39857676518854035,-0.5376577854611028,0
0.2728051607080389,0.5212603999015953,-0.36004317246742706,0.5657598149393842,-0.26439439744239557,-0.20047379045839422,0.45975253984290254,-0.04528019281434096,0
0.34325744578882006,0.6614634618850057,-0.0244171093211922,0.748509639854699,-0.12504155885310875,-0.06842432157701966,-0.17299021707130213,-0.11950797060028351,0
-0.7192084663165245,0.6575441582394909,-0.39855763873010974,-1.3181758801434922,-0.3095899126605427,-0.3600335653567218,-0.33805354496196427,-0.4931211187895364,0
-0.4726254685337862,0.38080722614669466,-0.36554523907638176,0.8984122740172609,1.2101092865496534,-0.12894699481431632,0.8779129704992464,0.17245462202442977,0
0.6881327445310366,-0.2334996419598933,-0.19498117419878694,0.19458655943327924,-0.9121967822358372,-0.2830047085092533,-0.13997755149316973,-0.2778605632102976,0
-1.761220489204868,0.5257944466933157,-0.39855763873010974,0.7389540934538981,1.667713878133392,-0.3930459325770655,-0.39857676518854035,-0.5351835262015695,0
-0.2732000486680247,0.9749568937966436,-0.39855763873010974,0.7099888434264712,0.9445856346430389,-0.3930459325770655,-0.38207043239947414,-0.5277607484229765,2
-1.7015633123219476,0.47033460140718275,-0.227993573852515,0.8115165239349793,1.9181723583006243,-0.23348615767873787,-0.3545598777510305,-0.3669338965534313,1
-1.1055597070821048,0.8482197628127534,-0.39855763873010974,0.6353361371702151,-0.6259585191875722,-0.3985479937804561,-0.38757254332916286,-0.5327092669420399,0
0.7523352301288458,0.33416761041278287,-0.36004317246742706,0.38121832507391934,-0.6259585191875722,-0.37103768776350304,-0.39857676518854035,-0.507966674346725,0
0.6284755676481161,-0.2890788569937249,0.008595290332535846,-0.2873713121571097,-0.556282099892929,-0.06292226037362902,0.19014910428815443,0.06111295534551214,0
-0.10331913544904128,0.778039296065095,-0.37654937229429103,0.9016969930925361,0.2101585123481488,0.14615606535521403,1.120005851405551,0.40008647390132385,0
-0.1964979641042699,-1.0271515368982291,0.14614695555640259,-0.37904483543979195,2.5301949602130325,1.2575724284401166,9.53273346289963,4.918083881805791,0
-1.036243749180045,0.7809140361157969,1.1915396112577898,0.919613642594038,-0.26439439744239557,-0.3325232593397688,-0.39857676518854035,0.20709425165786927,2
-0.7976150416483632,1.337049970959015,0.15164902216535725,0.9264816915696132,-0.6259585191875722,-0.013403709543113596,-0.08495644219628236,0.023999066452541573,1
0.9824414838201104,-0.6124845517475598,-0.2995204397689257,-0.4139823019677195,-0.3095899126605427,-0.3930459325770655,-0.39857676518854035,-0.4906468595300042,0
0.5000705964524974,-0.07078855179945494,-0.39855763873010974,-0.12134369344319597,-0.7314147213632489,-0.3985479937804561,-0.39857676518854035,-0.5376577854611028,0
-0.9112477595205919,1.224447224980079,1.004469346553331,1.0940023644086516,3.074424289298221,2.8036516265928775,3.1612890063200725,3.1341429556836014,2
-1.3237345253967854,-2.4173143368237353,-0.31052457298683506,-0.6991556398666174,-0.3095899126605427,-0.11794287240753515,0.09111110755375722,-0.15167334097419335,0
0.45234485494616083,0.7115452108773125,-0.2720101067241523,0.938426124570614,-0.9046641963661461,0.5037900435756034,-0.013429000110328791,0.09822684423848597,0
0.798129135888452,-0.23823051802420495,-0.39855763873010974,-0.015934072209362576,-0.3095899126605427,-0.29951089211942516,-0.17299021707130216,-0.39167648914874603,0
0.8369916049436573,-0.46203068867969627,-0.39855763873010974,-0.49729472214970116,-0.26439439744239557,-0.38204181017028427,-0.23351343729787824,-0.45600722989656506,0
1.693214134110906,-2.387449790977653,-0.37654937229429103,-0.4934127814243759,-0.6259585191875722,-0.10143668879736328,-0.39857676518854035,-0.39415074840827685,0
0.02224501779977233,0.9348282584835603,0.41024615278622667,1.034280199403647,0.12353377484669997,0.4707776763552599,0.8228918612023591,0.7662768443119833,0
1.3949282496963038,-1.3648206728756043,-0.36004317246742706,-0.27482965750605853,-1.0571990602273924,-0.2664985248990815,0.025085776397492373,-0.27043778543170327,0
-0.49307935775078826,1.3128807153284807,1.0870003456876511,1.084446818007851,1.1272508419830505,0.10213957572808914,0.5037694272804124,0.7613283257929195,0
1.1983436477773466,-0.9952757333236439,-0.39855763873010974,-2.2761194068237693,-0.3095899126605427,-0.3985479937804561,-0.39857676518854035,-0.5376577854611028,0
0.8392642593011008,-1.6004700182499016,-0.1399605081092403,0.34239891782066617,-0.26439439744239557,-0.21147791286517545,-0.3655640996104079,-0.32239722988186553,0
0.6222257681651443,0.31673224379005077,-0.1894791075898323,0.9309608539449885,-0.3095899126605427,3.0017258299149394,-0.17849232800099088,1.184426659172801,0
0.5250697943843874,0.4361986489292704,-0.2224915072435603,0.5394820623371818,-0.26439439744239557,-0.2830047085092533,-0.09596066405565984,-0.2704377854317046,0
0.6693833460821192,-0.13572235518084735,-0.39855763873010974,-0.7111000728676182,0.3721091085465092,-0.3985479937804561,-0.39857676518854035,-0.5376577854611028,0
1.0858472570838391,-0.7525595432017679,-0.3710473056853364,-0.5265585830021535,-0.26439439744239557,-0.37103768776350304,-0.38207043239947414,-0.5054924150871943,0
1.465380534777085,-1.2238239144569918,-0.39855763873010974,-2.5627857988477922,-0.6730371808731422,-0.38204181017028427,-0.38757254332916286,-0.5252864891634448,0
1.1568677057539827,-1.9136056218859692,-0.36554523907638176,-0.6522737403376887,-0.6259585191875722,-0.38754387137367485,-0.3490577668213417,-0.4955953780490677,0
-1.3515745412754814,0.6854168976012649,-0.36554523907638176,0.7285027145780222,-0.6259585191875722,-0.3985479937804561,-0.38757254332916286,-0.5178637113848507,0
-1.3714602669031208,0.441593746061911,-0.30502250637788036,0.940516400345789,-0.26439439744239557,-0.31051501452620633,0.1186216622022009,-0.22342685950060595,0
0.4125734036908799,-0.16056848463078624,-0.39855763873010974,-2.2689527470231687,-0.3095899126605427,-0.3985479937804561,-0.39857676518854035,-0.5376577854611028,0
1.3898147773920533,-1.978689627747396,-0.3875535055122004,-0.5026697170001518,-0.26439439744239557,-0.35453150415333123,-0.39857676518854035,-0.5129151928657885,0
0.08417484904013722,0.35373424935523823,-0.39855763873010974,0.5478431654378827,-0.3095899126605427,-0.37653974896689363,-0.3655640996104079,-0.5129151928657867,0
0.9733508663903325,-0.8660834619678641,-0.39855763873010974,-0.7284195007190697,-0.26439439744239557,-0.3985479937804561,-0.39307465425885163,-0.535183526201572,0
-1.3703239397243987,0.8625469422122745,-0.39855763873010974,0.5881556268162609,1.0330935186119101,-0.3985479937804561,-0.3655640996104079,-0.5228122299039137,0
-1.8026964312282316,0.49973525603664437,-0.0244171093211922,0.04617697939584234,-0.26439439744239557,-0.32151913693298756,-0.39857676518854035,-0.3347685261795225,0
-0.7163676483697193,0.4848769604834834,0.6083205507085949,-0.15777421409624887,4.049894159423229,0.4872838599654318,1.3565966213821665,1.1027761036082628,0
-1.2875766854760162,1.4837907375211534,3.4583910541471137,0.861981753364208,-0.6259585191875722,1.461148692965569,-0.04093955475877247,2.193924437061641,0
1.885821590904334,-3.471613617901669,-0.39855763873010974,-0.8714540859060564,-0.26439439744239557,-0.3930459325770655,-0.39857676518854035,-0.5351835262015713,0
-0.1459314046511273,0.6922523586756012,-0.17847497437192295,0.06051029899704351,-0.26439439744239557,-0.38754387137367485,-0.39307465425885163,-0.4312646373012503,0
0.6284755676481161,-0.21846017301361287,-0.39855763873010974,-2.258501368147293,-0.3095899126605427,-0.3985479937804561,-0.39857676518854035,-0.5376577854611028,0
0.036449107533800686,0.9144734641541545,0.11313455590267459,1.0459260215796229,-0.26439439744239557,10.462520821712603,0.47075676170228004,4.967569066996421,1
0.8563091669819352,-0.6907189574618567,-0.36554523907638176,0.22385042028573193,-0.6259585191875722,-0.26649852489908155,-0.22801132636818952,-0.38672797062968345,0
1.0057361909839184,-1.1352201716010926,-0.3160266395957897,-0.04340626811166494,-0.6259585191875722,0.1571601877619952,0.2781828791631743,0.053690177566919385,0
-0.42546789061681123,-0.6316370767871513,-0.39855763873010974,-0.5044613819503018,-0.26439439744239557,-0.3985479937804561,-0.39857676518854035,-0.5376577854611028,0
0.3631431714164605,0.42212800210029355,-0.39855763873010974,0.2420656806122584,-0.6259585191875722,-0.3985479937804561,-0.38207043239947414,-0.5302350076825084,0
-0.4504670885487022,1.0616250236750266,-0.0024088428853735037,0.9632108230476911,-0.3095899126605427,-0.3930459325770655,-0.3050408793838318,-0.31497445210326863,0
-0.28115433891907937,1.0490490366121743,0.6248267505354589,0.9859052457495932,-0.3095899126605427,-0.316017075729597,-0.23351343729787824,0.033896103490668475,0
-1.052152329682156,0.19995198960792718,-0.39855763873010974,-1.115120519126476,-0.3095899126605427,-0.3655356265601124,-0.06294799847752744,-0.37188241507249425,0
1.1663674464211886,-1.3555396611737363,-0.3930555721211551,0.7583637970805245,-0.26439439744239557,0.3222220238637134,0.6743348661007633,0.27142499240568835,0
1.5102654583366164,-2.2094637672594093,-0.39855763873010974,-0.5967321268830339,-0.6259585191875722,-0.3985479937804561,-0.38757254332916286,-0.5327092669420399,0
0.5193881584907752,0.1731555815964043,0.008595290332535846,0.9130442044434874,-0.8180394588646975,0.22318492220268255,0.23416599172566435,0.20956851091740172,0
-0.27376821225738535,0.8405974084023551,-0.007910909494328202,0.6457875160460905,-0.26439439744239557,-0.3600335653567218,-0.37106621054009664,-0.3322942669199912,2
-0.12547751543412622,0.8642424108567178,-0.0629315755838749,0.8339123358118556,-0.04783255368877411,-0.23348615767873787,-0.3545598777510305,-0.29270611876748714,1
-0.38399194859344843,-0.765809262774875,0.3827358197414533,0.9742594235736174,3.516963709142578,-0.26649852489908155,0.003077332678737408,0.053690177566919475,2
-0.16468080310004457,0.8635464174269287,-0.0024088428853735037,1.0295024262032464,0.9540013669801528,0.8834322666095554,-0.2500197700869444,0.2837962887033464,0
1.1284595262859252,-0.9654424485702316,-0.39855763873010974,-2.2172930742938393,-0.3095899126605427,-0.3985479937804561,-0.11246699684472604,-0.40899630396546666,0
0.022813181389133932,0.6853048974937981,-0.37654937229429103,0.8548150935636074,0.10470231017247209,0.09663751452469854,-0.3050408793838318,-0.2630150076531086,0
-1.2180560977756112,0.8442960696252707,-0.25000184028833367,0.9491761142715149,-0.26439439744239557,-0.051918137966847855,2.011347822015126,0.7687511035715132,0
0.43984525598021534,0.5196240127417069,-0.2720101067241523,-0.9628289983637138,-0.46400792298921195,-0.007901648339723007,-0.3655640996104079,-0.2902318595079557,0
0.1461046802805021,-0.16740323637725021,-0.37654937229429103,-2.3158346465520974,-0.3095899126605427,-0.38754387137367485,-0.3545598777510305,-0.5030181558276622,0
-0.6464835268782979,0.7933299361686499,-0.39855763873010974,0.2647601033141597,-0.26439439744239557,-0.3985479937804561,-0.29403665752445435,-0.4906468595300056,0
0.5705228815332786,-0.36041180189935873,-0.3820514389032457,0.6834124799992438,-1.162655262403069,-0.2940088309160346,0.030587887327181137,-0.29023185950795544,0
0.3250762109292634,-0.1643422102455164,-0.39855763873010974,-2.267758303723068,-0.3095899126605427,-0.3985479937804561,-0.39857676518854035,-0.5376577854611028,0
-0.8856803979993403,0.7349390099322233,-0.3160266395957897,-0.5713502067559069,-0.3095899126605427,-0.029909893153285457,1.3896092869602992,0.469365733168206,0
0.6699515096714799,-0.2639010983392497,-0.2995204397689257,-1.3587869523468954,-0.9875226409327491,-0.3105150145262064,-0.321547212172898,-0.41889334100359216,0
-1.7862196871367588,0.6559001388959333,-0.17847497437192295,1.0181552148522959,-0.26439439744239557,-0.013403709543113596,-0.321547212172898,-0.23084963727920038,0
-0.006163161668285341,0.5530120987346272,-0.39855763873010974,0.27431564971496103,0.2798349316427921,-0.3930459325770655,-0.2005007717197458,-0.44611019285843734,0
1.0261900802009187,-0.7825081720369029,-0.3325328394226537,0.13814911350354994,-0.26439439744239557,-0.3985479937804561,-0.3545598777510305,-0.48817260027047304,0
-0.3745378428257401,1.2861179911788554,1.1475230783861523,0.7676207326563005,-0.6259585191875722,-0.21147791286517545,-0.3545598777510305,0.2615279553675623,0
0.0711070864848311,1.4172408549447433,0.8008928820220084,0.9700788720232667,-0.6259585191875722,0.43226324793152554,-0.38757254332916286,0.380292399825073,0
0.38757420575898893,0.36686801224527815,-0.0024088428853735037,0.4066002452010468,-0.3095899126605427,-0.26649852489908155,1.0924952967571073,0.3703953627869488,1
-0.7987513688270854,0.6809407347275644,-0.3930555721211551,-1.3486341842960448,-0.3095899126605427,-0.3985479937804561,-0.38207043239947414,-0.5277607484229769,0
0.48813916107591254,0.36121689841691007,0.1681552219922212,0.6463847376961405,-0.26439439744239557,-0.3985479937804561,-0.38207043239947414,-0.27538630395076724,0
0.6176804594502534,-0.013985865942058962,-0.2830142399420617,-0.28289214978173405,-0.6259585191875722,-0.018905770746504184,-0.38757254332916286,-0.3100259335842075,1
0.5387057205290551,0.22575394757823067,-0.37654937229429103,0.4015238611756207,-0.3095899126605427,-0.3270211981363782,-0.2555218810166332,-0.43126463730124814,0
-0.07604728315970584,0.28999404211830726,-0.37654937229429103,-0.45429476334609764,-0.26439439744239557,-0.38204181017028427,-0.3490577668213417,-0.49806963730859927,0
-0.3214939537637219,0.27549635687990465,0.6963536164518697,-1.5188423545603082,-0.3095899126605427,-0.31051501452620633,-0.39857676518854035,-0.005692044661836417,0
-1.1691940290905534,0.12895022712238993,-0.37654937229429103,0.784044328032677,-0.26439439744239557,-0.3600335653567218,-0.22250921543850077,-0.43126463730125025,0
-0.556713679759236,0.8187576085355329,0.26169035434445065,0.9942663488502933,-0.6259585191875722,0.5092921047789941,0.597305313085121,0.6153470294805629,0
0.41745947420012414,0.1402840889598338,-0.3325328394226537,0.23400318833658243,-0.3095899126605427,-0.3985479937804561,-0.1674881061416134,-0.4040477854464034,0
0.4824575251823014,0.4144229280842906,-0.3160266395957897,0.5460515004877323,-0.3095899126605427,-0.13995111722109754,0.19014910428815443,-0.11950797060028387,0
1.6170802131365118,-2.215241965927601,-0.3875535055122004,-2.3023971594259716,-0.3095899126605427,-0.36553562656011246,-0.38207043239947414,-0.5104409336062564,0
0.32734886528670787,0.0620345800890813,-0.3820514389032457,0.2850656394158619,0.07645511316113025,-0.16195936203466,-0.39307465425885163,-0.4213676002631236,0
1.0665296950455603,-1.1241029219142469,-0.39855763873010974,-2.2504388758716174,-0.3095899126605427,-0.3600335653567218,-0.39857676518854035,-0.5203379706443824,0
-1.3532790320435644,0.966287110843792,-0.2720101067241523,1.0160649390771201,1.3645272968783222,0.22868698340607313,0.4432462070538364,0.17987739980302384,0
0.7574487024330964,-0.6252897530458112,-0.3710473056853364,0.5296279051113563,-1.05531591375997,-0.3985479937804561,-0.321547212172898,-0.4906468595300051,0
0.08190219468269276,0.7996689091863997,0.4102461527862268,0.09455193304989647,-0.21166629635455733,-0.3380253205431594,-0.39857676518854035,-0.1467248224551303,2
-1.6294065364730816,-0.21947220885884194,-0.21698944063460562,0.9873982998747177,4.644968443128832,0.3662385134908383,-0.03543744382908371,0.05121591830738797,0
-1.543613834479549,0.7573193636982121,0.20666968825490395,-1.1184052382017513,-0.3095899126605427,-0.30501295332281575,-0.39857676518854035,-0.2234268595006059,0
-0.7527301180888317,0.6583480800505164,1.0484858794249685,1.0898218128583008,4.884128044491527,0.49828798237221295,-0.12347121870410352,0.6400896220758789,2
-1.7759927425282578,0.17274167035864643,-0.21698944063460565,0.9832177483243679,-0.26439439744239557,0.03611484128740189,0.025085776397492373,-0.07002278540965479,0
-0.05445706676398251,0.014624477680682639,-0.3930555721211551,0.5472459437878323,1.6808959034053517,1.1310250207621328,0.4542504289132138,0.536170733175556,0
0.5159791769546096,0.2117972307812569,-0.3820514389032457,-0.39069065761576777,-0.07419660423269335,-0.3985479937804561,-0.39857676518854035,-0.5302350076825088,0
0.6142714779140878,-0.03057293630749976,-0.3875535055122004,0.019899226793639938,-0.5638146857626202,-0.25549440249230027,-0.38757254332916286,-0.46343000767515974,0
0.4176868759951314,0.3669817672483261,0.08562422285790125,0.9530580549968402,-0.8632349740828446,1.2190580000163826,-0.3325514340322755,0.43720036279429697,1
0.07151615290589938,0.982187280073084,0.5147854183563655,0.9452941735461896,-0.26439439744239557,0.5147941659823848,0.3221997666006841,0.6079242517019686,0
-0.30104006454671983,1.0117367231328556,0.09662835607581054,0.6263778124194641,-0.6259585191875722,-0.3930459325770655,-0.39857676518854035,-0.31250019284373887,1
-0.44024014394020117,1.1100835403152636,0.7623784157593256,1.0889259803832263,2.0142128281391862,0.025110718880620664,0.26717865730379675,0.47431425168726815,0
1.2216383549411538,-1.7368069623601654,-0.3930555721211551,-0.16732976049704978,-0.3095899126605427,-0.316017075729597,-0.3490577668213417,-0.47580130397281534,0
-0.928860830790787,0.72488597314347,-0.1344584415002856,1.0181552148522959,-0.6259585191875722,1.5051651825926942,0.5587905365772997,0.8677214739527728,0
-0.5675087879570986,0.9455125970789205,-0.39855763873010974,-1.6806894217238715,0.4719158713199174,-0.3985479937804561,-0.39857676518854035,-0.5376577854611028,0
-1.316916562324451,0.4381577986952881,-0.0959439752376029,0.7664262893562005,1.0312103721444874,-0.3270211981363782,-0.2720282138056994,-0.31250019284373876,1
-1.316916562324451,0.9569487817649973,-0.261005973506243,1.0166621607271704,2.2948016517851832,0.04161690249079247,0.16263854963971072,-0.02548611873808873,0
-0.38740093012961413,0.9809002046482693,-0.39855763873010974,-2.5627857988477922,0.23087312348979952,-0.3985479937804561,0.05259633104593601,-0.3347685261795215,0
-0.1720669297617405,0.18931350399290275,-0.36004317246742706,-2.5627857988477922,-0.10997638711372654,-0.3985479937804561,-0.39857676518854035,-0.5203379706443818,0
0.19780756691236695,-0.05017995166639111,-0.36554523907638176,-0.6280862635106615,-0.26439439744239557,-0.3985479937804561,-0.39857676518854035,-0.5228122299039146,0
0.7722209557564863,-0.17407926449715797,-0.39855763873010974,0.7834471063826266,-0.3095899126605427,-0.29951089211942516,0.22866388079597563,-0.2110555632029482,0
0.3517798996292373,0.26900922645728825,-0.3930555721211551,-0.6400306965116628,-0.02523479607970054,-0.3930459325770655,-0.39857676518854035,-0.5327092669420399,0
0.004063782940214724,0.19452043578624997,-0.3875535055122004,-2.263279141347693,-0.3095899126605427,-0.3985479937804561,-0.39857676518854035,-0.5327092669420405,0
-0.8862485615887009,1.4873918293133865,0.39373995295936276,1.051002405605048,-0.26439439744239557,-0.38204181017028427,-0.38757254332916286,-0.1689931557909143,0
0.15462713412091933,0.08889988041872361,-0.39855763873010974,0.6003986706422871,-0.6259585191875722,-0.2775026473058627,-0.39857676518854035,-0.48322408175141046,0
0.4513904878385673,0.5468322408555717,0.3662296199145894,0.8580998126388827,-0.26439439744239557,0.9109425726265085,0.47625887263196875,0.7885451776477658,1
-0.881703252873812,0.7482819232121253,-0.2224915072435603,0.9972524571005441,-0.26439439744239557,-0.1784655456448318,0.19014910428815443,-0.0947653780049702,0
1.4636760440090022,-2.4539904891399202,-0.36004317246742706,-0.5074474902005525,0.021843865605869178,-0.17296348444144122,-0.37106621054009664,-0.40652204470593395,0
-1.4078227366222342,0.420704275121428,-0.3490390392495177,0.4185446782020472,-0.25686181157270443,-0.3985479937804561,-0.37656832146978536,-0.505492415087194,0
-1.2822585833734206,-0.24457363646458571,-0.327030772813699,-1.240537065636986,-0.3095899126605427,-0.3270211981363782,0.3387060993897504,-0.14177630393606733,0
-0.9606779917950122,0.9264429067955652,-0.3710473056853364,0.5102182014847298,-0.26439439744239557,-0.26649852489908155,-0.39857676518854035,-0.46590426693469017,0
0.14383202592305766,0.8835800842891314,0.37173168652354405,0.42063495397722256,-0.6259585191875722,0.45977355394847874,-0.07395222033690488,0.34070425167257,0
-1.1277180870671888,0.03458542001184406,-0.1289563748913309,-0.4817669592484,3.334298501802566,0.5918230228298532,2.539550471265245,1.35020202956141,0
0.1921259310187558,-0.2624741932030331,-0.3930555721211551,-0.32648933023538756,-0.6259585191875722,-0.3930459325770655,-0.3160451012432093,-0.4955953780490674,0
-0.7356852104079973,0.40092509575460333,1.8077710714607127,1.0083010576264695,-0.6259585191875722,-0.31051501452620633,0.5587905365772997,0.924629436921996,2
-1.6674734969602787,1.3760884752705078,0.3992420195683174,1.1107245706100526,3.385143456422982,1.0539961639146644,0.8944193032883129,1.0557651776771655,0
-0.9941996435673195,0.9653509039905516,-0.3490390392495177,0.8539192610885324,-0.3095899126605427,-0.3655356265601124,-0.24451765915725568,-0.43126463730124776,0
0.6523384384012848,-0.3371774956772017,-0.3325328394226537,0.5995028381672117,-0.6730371808731422,-0.28850676971264394,0.9109256360773789,0.13039221461239503,0
0.9898276104818053,-0.14921103994459123,-0.39855763873010974,-0.6779542712898406,-0.051598846623619785,-0.3985479937804561,-0.39857676518854035,-0.5376577854611028,0
-1.0231759866247387,0.4424503792247172,-0.39855763873010974,-0.8857874055072573,-0.3095899126605427,-0.38204181017028427,-0.3600619886807192,-0.5129151928657885,0
-0.9277245036120647,1.198862348974939,0.905432147592147,1.1068426298847274,2.114019590912595,0.6193333288468063,0.1461322168506446,0.7514312887547943,0
0.09553812082736049,0.16580261977876187,-0.14546257471819496,-2.297320775400546,-0.3095899126605427,-0.3985479937804561,-0.39857676518854035,-0.4238418595226549,0
-0.28854046558077534,0.8030554661453737,-0.39855763873010974,0.612940325293338,0.16496299713000168,-0.3985479937804561,-0.38207043239947414,-0.5302350076825084,0
-1.4845248211859892,0.987320602978561,-0.261005973506243,0.9978496787505936,-0.3095899126605427,-0.07392638278041025,0.5697947584366774,0.10564962201708111,0
0.5205244856694985,-0.43542843844618156,-0.36554523907638176,0.0900727706745212,-0.46965736239148037,-0.37103768776350304,0.16263854963971083,-0.2580664891340458,0
1.1202780046889396,-0.7691620022972226,-0.39855763873010974,0.3701697245479939,-0.3095899126605427,-0.20597585166178484,0.7623686409757832,0.07100999238363914,0
-0.6902321232591052,0.49062094099085857,-0.36554523907638176,-2.5627857988477922,1.7449228832977266,0.38824675830440075,-0.23351343729787824,-0.0947653780049688,0
1.2011844657241517,-1.5177195937263102,-0.39855763873010974,-0.7457389285705213,-0.3095899126605427,-0.3985479937804561,-0.39857676518854035,-0.5376577854611028,0
-0.6050075848549331,0.7307354224146564,-0.39855763873010974,0.11216997172637293,-0.26439439744239557,-0.3985479937804561,-0.39857676518854035,-0.5376577854611028,0
0.49268446979080144,0.07972845987317044,-0.1179522416734216,-0.19510056722437713,-0.26439439744239557,-0.3655356265601124,-0.38757254332916286,-0.3916764891487469,1
0.5620004276928613,0.3518882143547732,-0.36554523907638176,0.36748222712276857,-0.5656978322300429,-0.38754387137367485,-0.343555655891653,-0.49312111878953613,0
-0.631711273554908,0.828040725190894,-0.39855763873010974,0.2778989796152609,0.6169181493114727,-0.3985479937804561,-0.39857676518854035,-0.5376577854611028,0
-0.6413700545740474,0.870391233338338,-0.244499773679379,0.10589914440084693,-0.26439439744239557,-0.3985479937804561,-0.39857676518854035,-0.4683785261942223,0
-0.5623953156528472,-1.8062328838863668,-0.39855763873010974,0.3244822683191651,-0.26439439744239557,-0.3930459325770655,-0.24451765915725573,-0.46590426693469056,0
0.6244984225225878,0.350034920258678,0.8008928820220084,0.7520929697549993,-0.9084304893009917,0.13515194294843275,-0.07395222033690492,0.3877151776036663,0
0.14099120797625256,-0.16252454835995558,-0.3930555721211551,-0.48326001337352537,-0.26439439744239557,-0.26649852489908155,-0.3325514340322755,-0.4461101928584384,0
0.8682406023585201,-0.8070525193252561,-0.36554523907638176,0.2886489693161618,-0.35666857434611254,-0.1949717292550036,0.4597525398429026,-0.045280192814338496,0
1.2057297744390405,-0.22082983937685446,-0.39855763873010974,-0.36142679676331546,-0.3095899126605427,-0.2830047085092533,-0.39857676518854035,-0.48569834101094084,0
-1.2055564988096659,0.2648568026670473,-0.39855763873010974,0.6093569953930377,-0.3095899126605427,-0.37103768776350304,-0.39857676518854035,-0.5252864891634454,1
-0.46183036033592545,0.6567548881944529,-0.3160266395957897,0.9817246941992426,1.1404328672550097,0.08013133091452669,0.4212377633350814,0.08338128868129754,1
-0.45160341572742346,0.3139441476783844,-0.39855763873010974,-0.4698225262473992,-0.26439439744239557,-0.3930459325770655,-0.3600619886807192,-0.5178637113848518,0
-0.20842939948085282,0.7229547773440678,-0.39855763873010974,0.33224614976981565,-0.26439439744239557,-0.35453150415333123,-0.39857676518854035,-0.5178637113848518,0
-1.3191892166818955,0.39691663788634973,-0.294018373159971,0.9760510885237669,1.473749791988845,0.22868698340607313,1.4501325071868754,0.6227698072591566,0
-0.07036564726609469,0.8910105470858927,0.30020482060713327,0.8360026115870309,-0.9253788075077967,-0.3600335653567218,-0.2500197700869444,-0.13930204467653573,0
-1.7799698876537862,0.6322908193183829,0.3442213534787707,1.0629468386060492,-0.26439439744239557,0.6413415736603686,-0.1619859952119247,0.3703953627869472,0
0.7727891193458479,-0.547718578104436,-0.2059853074166963,0.17786435323187813,-0.8218057517995431,-0.2775026473058627,-0.33805354496196427,-0.3694081558129618,0
0.300645176586734,0.5140788052495363,1.4556388084876142,0.9261830807445878,-0.6259585191875722,0.31121790145693223,1.8242760504057092,1.6149477703312773,0
2.068202103089263,-3.635055030197317,-0.39855763873010974,-1.0377803154449945,-0.26439439744239557,-0.3985479937804561,-0.39857676518854035,-0.5376577854611028,0
-1.1828299552352202,0.6927040439255859,-0.2389977070704243,-1.3160856043683171,-0.3095899126605427,-0.3985479937804561,-0.39857676518854035,-0.4659042669346907,0
1.1136872729625362,-1.7999880810527404,-0.1839770409808776,-0.2604963379048573,-0.3095899126605427,-0.24999234128890968,-0.39307465425885163,-0.37188241507249287,0
-1.4413443883945425,1.0957584059909073,-0.23349564046146964,1.0190510473273704,-0.6259585191875722,-0.002399587136332371,0.6028074240148097,0.16503184424583534,0
-0.99869949919506,-0.02131531400132564,-0.34353697264056304,-0.0938714975408936,-0.3095899126605427,0.2782055342365885,0.8118876393429817,0.33575573315350576,0
-0.3214939537637219,0.4401806682131844,-0.39855763873010974,0.6825166475241689,-0.26439439744239557,-0.36553562656011246,-0.38757254332916286,-0.5178637113848518,0
1.5040156588536426,-1.8026720487539163,-0.25000184028833367,-0.38949621431566783,-0.4432933118475611,-0.3270211981363782,-0.37656832146978536,-0.42879037804171716,1
1.0807337847795886,-1.1210489430009885,-0.277512173333107,0.06349640724729382,-0.9762237621282124,-0.3985479937804561,-0.39857676518854035,-0.4832240817514103,0
0.7392674675735398,-0.2900193059961258,-0.39855763873010974,-2.5627857988477922,-0.7709607971791276,-0.3600335653567218,-0.38207043239947414,-0.5129151928657879,0
-0.9021571420908141,0.7426869890724724,0.7458722159324617,1.0587662870556986,-0.26439439744239557,0.8064034097620868,1.576681058569716,1.4071099925306332,0
0.2767823058335653,0.4095081196177957,0.2726944875623599,1.0193496581523958,-0.6259585191875722,-0.029909893153285405,1.373102954171233,0.7266886961594786,0
-0.010708470383174257,0.7243304865107794,3.326341455532202,-0.03713544078613933,-0.3095899126605427,1.3566095301011476,4.38825974364066,4.079309992824623,0
0.39749264078511626,0.10481134362167335,-0.39855763873010974,-0.008383484205158376,-0.3095899126605427,-0.32151913693298756,-0.321547212172898,-0.5376577854611028,2
1.2733412415730176,-2.50121050549654,-0.39855763873010974,-0.39427398751606807,-0.6259585191875722,-0.3985479937804561,-0.39857676518854035,-0.5376577854611028,0
-0.3618335686083625,1.108407122190826,0.47627095209368275,0.6643013871976423,-0.26439439744239557,-0.34352738174655,-0.38207043239947414,-0.11208519282169058,1
-1.359528831526537,0.5436736406871302,-0.0739357088017842,0.9163289235187623,-0.26439439744239557,-0.22798409647534726,-0.39857676518854035,-0.31497445210327113,0
-0.4658075054614528,-1.3892583952878375,-0.3930555721211551,0.5081279257095541,-0.26439439744239557,-0.2444902800855191,0.09661321848344594,-0.2432209335768581,0
-0.03211668125468093,0.6707122268048231,0.1791593552101306,0.8485442662380818,-0.26439439744239557,0.8779302054061647,-0.31054299031352056,0.33575573315350643,2
-0.9424967569354556,0.9223042872626901,-0.3380349060316084,0.4015238611756207,-0.3095899126605427,-0.3985479937804561,-0.002424778250951309,-0.33229426691999,0
0.6023400425375038,-0.40461524947896244,-0.39855763873010974,-2.2761194068237693,-0.3095899126605427,-0.3985479937804561,-0.39857676518854035,-0.5376577854611028,0
-2.0708696454066935,1.0766116292706984,0.09112628946685589,1.0623496169559994,-0.3095899126605427,0.9494570010502427,2.880681348905947,1.7634033259031663,0
0.28075945095909355,-0.5217900603811761,-0.39855763873010974,-0.5743363150061572,-0.6259585191875722,-0.38204181017028427,-0.39307465425885163,-0.5277607484229766,0
0.1729902949617903,0.32835709126613705,-0.1509646413271496,0.8945303332919355,-0.26439439744239557,-0.3985479937804561,-0.002424778250951309,-0.24816945209592106,0
0.5250697943843874,0.03126948263041828,0.5918143508817308,0.5780028587654104,-1.0025878126721313,-0.28850676971264394,-0.13997755149316973,0.07348425164317127,1
-0.3124033363339431,1.0646404731879342,0.39373995295936276,1.0056135602012441,-0.3095899126605427,0.04161690249079247,-0.04093955475877247,0.1774031405434932,0
-0.753866445267554,-0.15671571501851386,-0.1289563748913309,0.9969538462755186,3.2043613955503933,-0.14545317842448818,-0.10146277498534856,-0.1689931557909136,0
-0.7277309201569416,1.070442715307389,-0.1509646413271496,0.9557455524220655,0.7280237908894175,-0.32151913693298756,-0.28853454659476563,-0.3421913039581175,1
-0.3964915475593939,0.6512880844623308,-0.10694810845551225,0.9432038977710143,-0.6259585191875722,-0.2775026473058627,-0.2995387684541431,-0.30755167432467667,0
-0.24422370561060547,0.74041272270207,-0.327030772813699,-1.7460851924043517,0.6112687099092045,-0.27200058610247213,-0.14547966242285848,-0.33476852617952196,0
-1.2146471162394454,0.6586147182402337,-0.3820514389032457,0.8697456348148586,-0.26439439744239557,-0.38754387137367485,-0.22250921543850077,-0.4461101928584391,0
1.6767373900194322,-3.1054771185341563,-0.3930555721211551,-0.9771623179649146,-0.26439439744239557,-0.3985479937804561,-0.39857676518854035,-0.5351835262015716,0
0.052130274877635746,0.7492835770766747,0.5257895515742749,0.6147319902434882,-0.3095899126605427,0.6743539408807123,1.4171198416087427,1.1770038813942068,1
1.5784450890599542,-1.8776989152825891,-0.327030772813699,-0.5928501861577087,-0.7709607971791276,-0.3930459325770655,-0.3655640996104079,-0.4881726002704732,0
-0.2856996476339702,0.04364745667221498,-0.3710473056853364,-0.37546150553949126,-0.3095899126605427,-0.3600335653567218,-0.27202821380569936,-0.4510587113774999,0
0.8449458951947129,-0.8709464618635079,-0.37654937229429103,0.3235864358440897,-0.6259585191875722,-0.002399587136332371,0.2781828791631743,-0.045280192814339724,0
-0.10331913544904128,1.3334768147092981,0.7623784157593256,1.0823565422326757,-0.6259585191875722,4.1351504378134045,1.7967654957572656,3.0104299927070266,1
1.2341379539070982,-1.869704306525863,-0.39855763873010974,-2.258501368147293,-0.3095899126605427,-0.37103768776350304,-0.37106621054009664,-0.512915192865788,0
0.9534651407626921,-1.093926953495946,0.1571510887743119,-0.3545587477877399,-0.7257652819609804,-0.33802532054315937,-0.24451765915725568,-0.19126148912669588,1
-0.5288736638805409,0.5869601115684809,-0.3710473056853364,-0.5301419129024542,-0.3095899126605427,-0.316017075729597,-0.3600619886807192,-0.4708527854537517,0
1.780143163283162,-2.7061455025972405,-0.3930555721211551,-0.9141554338846347,-0.26439439744239557,-0.3930459325770655,-0.39857676518854035,-0.5327092669420402,0
-0.3641062229658079,0.45172987093828754,1.0264776129891497,0.9623149905726162,1.2967340240511016,-0.316017075729597,0.0801068856943797,0.3555498072297594,1
0.3966648231887687,0.43369117489966746,1.4116222756159766,0.9793358075990426,-0.26439439744239557,0.21768286099929196,0.041592109186558576,0.7514312887547937,2
-0.4635348511040083,0.3929735671510768,0.26169035434445065,-0.30409351835851084,-0.3095899126605427,0.20667873859251068,-0.06845010940721616,0.17987739980302384,0
0.1500818254060304,0.9032444308430249,0.6303288171444135,-0.19390612392427678,-0.3095899126605427,3.8160308880167495,0.7953813065539156,2.3572255481907187,0
0.850627531088325,-0.940124367359662,-0.3160266395957897,-0.5823988072818331,-0.3095899126605427,-0.3985479937804561,-0.39857676518854035,-0.50054389656813,0
0.3392803006632918,0.47824715382592065,0.07462008963999184,0.9013983822675108,-0.32465508439992513,-0.051918137966847855,0.1186216622022009,0.06358721460504471,1
0.6932462168352871,0.26976755322538715,-0.30502250637788036,0.6962527454753196,-0.26439439744239557,-0.013403709543113596,1.329086066733723,0.4545201776110163,0
-1.7413347635772285,1.0175514752166117,-0.2059853074166963,0.7834471063826266,1.4003070797593553,0.2892096566433698,-0.15648388428223592,-0.03290889651668378,0
-1.2424871321181405,0.0004570075970982487,-0.2720101067241523,-0.951780397837788,1.236473337093572,-0.13995111722109754,-0.23901554822756696,-0.292706118767487,0
0.5665457364077502,0.2684333074970466,-0.2224915072435603,0.746419364079524,-0.6975180849496386,-0.31051501452620633,-0.12347121870410352,-0.2951803780270179,0
-1.4163451904626514,0.820155633894082,-0.39855763873010974,0.6338430830450897,-0.26439439744239557,-0.3985479937804561,-0.39857676518854035,-0.5376577854611028,0
-0.6470516904676585,0.600409580634126,-0.10144604184655755,1.0002385653507944,2.0424600251505285,-0.002399587136332371,-0.321547212172898,-0.19126148912669685,0
0.885853673628715,-0.33454751519677056,-0.3325328394226537,-0.5298433020774288,-0.26439439744239557,-0.3325232593397688,-0.3160451012432093,-0.4411616743393755,0
0.09496995723799889,0.9693679336716051,0.08012215624894649,1.0799676556324758,-0.26439439744239557,0.09113545332130796,1.5711789476400273,0.7835966591287029,0
-0.9970404615141246,1.5432052008475996,3.507909653627706,1.1149051221604034,4.115804285783027,2.3524826079148475,-0.33805354496196427,2.4834127704268236,2
1.003463536626473,-0.9936950606439291,-0.0189150427122375,-0.17419780947262498,-1.0308350096834735,-0.15645730083126935,-0.21700710450881205,-0.17641593356950833,0
-1.696449840017697,0.41675639108987633,-0.3710473056853364,-2.5627857988477922,1.453035180847194,-0.3930459325770655,-0.3270493231025868,-0.4906468595300042,0
-0.2714955578999409,0.4753518570849907,-0.3380349060316084,-1.1225857897521014,-0.3095899126605427,-0.3985479937804561,-0.39857676518854035,-0.5104409336062566,0
-0.0021860165427570535,-0.03638268164191979,-0.3710473056853364,-0.4360795030195712,-0.6259585191875722,-0.3655356265601124,-0.3600619886807192,-0.49312111878953596,0
1.2040252836709577,-1.5154579847130103,-0.39855763873010974,-0.5370099618780294,-0.26439439744239557,-0.37653974896689363,-0.3655640996104079,-0.5129151928657881,0
-1.8265593019814004,-0.02700182973897288,-0.32152870620474433,0.7909123770082521,-0.3095899126605427,0.42676118672813496,-0.39307465425885163,-0.12940500763840937,0
-0.7061407037612184,0.8757199254064383,-0.39855763873010974,-1.699501903700448,-0.3095899126605427,-0.3985479937804561,-0.3325514340322755,-0.507966674346725,0
-1.1458993219267453,0.8970412572646729,1.8462855377233955,-0.5155099824762276,-0.3095899126605427,-0.21697997406856606,-0.39857676518854035,0.553490547992276,0
0.6352935307204505,-0.3880831520236468,-0.2500018402883337,0.6338430830450897,-1.2247990958280213,-0.38204181017028427,-0.29403665752445435,-0.4164190817440605,0
1.6591243187492373,-2.9538819469192954,-0.37654937229429103,-0.7558916966213721,-0.26439439744239557,-0.37103768776350304,-0.37656832146978536,-0.5054924150871943,0
-1.128854414245911,0.24646046259386217,-0.39855763873010974,-1.1727524083563055,-0.3095899126605427,-0.3985479937804561,-0.37106621054009664,-0.5252864891634457,0
0.11087853774011204,0.7208822779052155,-0.25550390689728836,0.920808085894138,0.3325630327306306,0.10764163693147973,-0.15648388428223592,-0.13682778541700283,0
1.006304354573279,-0.8053248131108092,-0.3930555721211551,-2.5627857988477922,-0.7728439436465504,-0.3985479937804561,-0.39857676518854035,-0.5351835262015707,0
-0.11070526211073528,0.990823264013408,-0.39855763873010974,0.027663108244290503,0.5980866846372448,-0.3985479937804561,-0.39857676518854035,-0.5376577854611028,0
0.38473338781218386,0.5862794884446036,-0.39855763873010974,0.28835035849113677,-0.26439439744239557,-0.3985479937804561,-0.39307465425885163,-0.5351835262015713,0
-0.3794466398785595,1.1677874732950355,0.4872750853115922,1.0235302097027457,0.6056192705069356,-0.08493050518719147,0.041592109186558576,0.1996714738792756,0
-0.5033063023592893,0.56868288330559,0.7403701493235069,-2.5627857988477922,4.784321281718118,0.525798288389166,-0.39857676518854035,0.39018943686319957,0
-0.3499021332317796,0.65124411534628,-0.2830142399420617,-1.3510230708962447,1.1404328672550097,-0.22248203527195665,-0.28853454659476563,-0.3570368595153054,0
0.7557442116650135,-0.6509071429824628,-0.3490390392495177,0.3531489075215674,-0.6259585191875722,0.525798288389166,0.22866388079597563,0.1823516590625558,0
-0.43569483522531227,-0.12892417066802328,-0.3820514389032457,-2.1689181206397854,-0.3095899126605427,-0.3600335653567218,-0.29403665752445435,-0.4659042669346907,0
-0.4612621967465639,1.0345152263185493,-0.040923309148056204,0.9115511503183621,-0.6259585191875722,-0.3930459325770655,-0.3655640996104079,-0.35951111877483655,0
-0.04877543087037137,0.2264539943101496,-0.3820514389032457,0.2128018197598057,-0.26439439744239557,-0.37103768776350304,-0.29403665752445435,-0.4708527854537539,0
0.10292424748905546,0.7295390718671563,-0.277512173333107,0.7282041037529976,-0.26439439744239557,0.2506952282196356,-0.2610239919463219,-0.12940500763841076,0
-1.879966679381348,0.4599211984230034,-0.3930555721211551,0.33553086884509054,-0.26439439744239557,-0.3985479937804561,-0.39857676518854035,-0.5351835262015715,0
0.72944954393302,-0.16806359759650497,-0.39855763873010974,0.4857321138326778,-0.26439439744239557,-0.29951089211942516,-0.17299021707130216,-0.39167648914874603,0
2.0199081979935647,-2.3039702695215416,-0.39855763873010974,-0.6654126166387898,-0.6259585191875722,-0.3985479937804561,-0.3490577668213417,-0.5153894521253196,0
1.377315178426108,-1.3088290389561634,-0.30502250637788036,-0.14881588934549833,-0.6730371808731423,-0.3215191369329876,-0.38757254332916286,-0.4560072298965645,1
1.3040220753985208,-1.2667680194891897,-0.39855763873010974,-0.6027043433835345,-0.6372573979921091,-0.3985479937804561,-0.39857676518854035,-0.5376577854611028,0
1.4596988988834738,-1.2456628391790383,-0.39855763873010974,-2.5627857988477922,0.1819113153368067,-0.3985479937804561,-0.39857676518854035,-0.5376577854611028,0
0.7290405229650397,-0.8094387996212007,-0.05742950897492025,-0.11148953621737047,-0.7464798931026313,-0.3325232593397688,-0.1674881061416134,-0.250643711355452,0
1.0972105288710623,-1.7038161230060203,-0.36554523907638176,-0.6639195625136645,-1.060965353162238,-0.3325232593397688,-0.39857676518854035,-0.49312111878953613,0
-0.9609053481369306,0.9097540570924574,2.8971802600337373,0.7924054311333775,-0.3095899126605427,1.142029143168914,4.371753410851594,3.7823988816808454,0
-1.3214618710393409,1.1473101909389036,-0.16196877454505895,1.0205441014524959,-0.26439439744239557,0.12414782054165159,-0.17849232800099088,-0.09723963726450092,0
-0.23513308818082765,0.989244009989441,-0.3325328394226537,0.21817681461025631,-0.26439439744239557,-0.3985479937804561,-0.39857676518854035,-0.5079666743467252,2
-0.7657524275569904,0.37734507970903763,0.8284032150667817,0.2017532192338802,-0.3095899126605427,0.30021377905015095,0.7183517535382732,0.8306075850598,1
0.7977883172777379,0.06796033737887178,0.8449094148936457,0.6012945031173621,-0.6259585191875722,-0.33802532054315937,-0.1179691077744148,0.17492888128396125,0
0.04042625265932897,0.5711300690720493,-0.261005973506243,0.6547458407968415,-0.6259585191875722,-0.3985479937804561,-0.38757254332916286,-0.4708527854537529,0
-2.205524416085285,0.6672046004748663,0.289200687389224,1.112217624735178,-0.3095899126605427,0.679856002084103,1.477643061835319,1.100301844348733,0
-1.9481463101046859,0.8502134946155698,0.019599423550445146,0.022288113393840663,-0.26439439744239557,-0.3215191369329876,-0.39857676518854035,-0.31497445210327113,0
-0.6328476007336302,-0.047043971687446014,-0.2059853074166963,0.8485442662380818,-0.26439439744239557,-0.3270211981363782,0.47625887263196875,-0.025486118738088908,0
0.9057393992563556,-0.20895189081895588,-0.1674708411540136,-0.07356596143919222,-0.26439439744239557,-0.3985479937804561,-0.10696488591503732,-0.30260315580561375,0
0.4029146226717405,0.1548711356921063,0.27819655417131467,-1.9589947106471937,-0.3095899126605427,-0.22798409647534726,-0.38757254332916286,-0.1516733409741932,0
0.48586650671846904,0.4035958349515598,-0.2720101067241523,0.1426282758789252,-0.26439439744239557,-0.3600335653567218,-0.3050408793838318,-0.42136760026312436,0
-0.010708470383174257,0.5894995329885023,2.957702992732239,-2.5627857988477922,1.993498216997536,0.7348766141180091,0.5642926475069885,1.9143331407345858,2
0.5387057205290551,0.22332306253476508,-0.19498117419878694,-1.2972731223917404,-0.7992079941904695,-0.13995111722109754,-0.39857676518854035,-0.32982000766045916,0
0.3341668283590422,0.07061931739362547,-0.39855763873010974,-0.09536455166601897,0.36269337620939524,-0.20597585166178484,-0.39857676518854035,-0.45105871137750114,0
0.07281157725291493,0.3078035976179304,-0.39855763873010974,0.07215612117301935,-0.26439439744239557,-0.3985479937804561,-0.39857676518854035,-0.5376577854611028,0
0.28928190479951077,-0.09729253709249013,-0.39855763873010974,-0.596134905232984,0.006778693866486969,-0.3985479937804561,-0.39857676518854035,-0.5376577854611028,0
-0.839090983671726,1.1560946040395834,-0.25550390689728836,0.9817246941992426,-0.3095899126605427,-0.18946966805161303,-0.002424778250951309,-0.20115852616482205,0
0.5233653036163036,0.43226976475144957,-0.39855763873010974,-1.2360579032616108,-0.3095899126605427,-0.3600335653567218,-0.39857676518854035,-0.5203379706443829,0
-0.7953423872909177,0.6280193620202766,-0.2720101067241523,-0.024892396960113503,1.3513452716063632,-0.3215191369329876,-0.38757254332916286,-0.44116167433937425,0
-1.116922978869328,1.114364610387852,1.736244205544302,1.1068426298847274,3.5772243961001067,1.796774426372396,-0.2115049935791233,1.4937090666142352,2
0.2716688335293157,0.5927779404770334,-0.3930555721211551,0.6183153201437885,-0.3095899126605427,0.0031024740670582166,-0.21700710450881205,-0.2729120446912354,0
0.6722241640289244,-0.32364962745753495,-0.39855763873010974,-2.28328606662437,-0.3095899126605427,-0.35453150415333123,-0.3325514340322755,-0.4881726002704733,0
-0.40899114652533747,-0.44792336407247624,-0.21698944063460562,-0.7478292043456961,-0.3095899126605427,-0.27200058610247213,-0.27753032473538813,-0.344665563217648,0
0.7824479003649863,-0.12195571061757757,-0.3820514389032457,0.35912112402206764,-0.26439439744239557,-0.3985479937804561,-0.39857676518854035,-0.5302350076825091,2
-0.23911023330635592,0.15914996723647268,0.289200687389224,0.9850094132745179,-0.3095899126605427,0.030612780084011252,0.5092715382101012,0.37286962204647955,0
-0.95954166461629,0.9927638561041094,-0.2059853074166963,0.9118497611433867,0.03690903734525164,-0.2830047085092533,-0.27753032473538813,-0.3446655632176486,2
-1.3572561771690925,0.3322568607590069,-0.06843364219282955,-0.42801701074389564,1.8108330096575247,0.22318492220268255,0.008579443608426173,0.07348425164317038,0
-1.071469891720436,1.352754301211118,-0.32152870620474433,0.8509331528382817,1.1423160137224322,-0.3270211981363782,-0.343555655891653,-0.446110192858437,0
-2.084505571551361,1.124085225735744,0.8008928820220084,1.0548843463303732,-0.26439439744239557,1.4776548765757411,1.2960734011555903,1.607524992552682,2
-1.6691779877283626,0.3065387048102228,-0.2720101067241523,-1.426571609627576,2.304217384122298,-0.27200058610247213,-0.39857676518854035,-0.4238418595226553,0
-0.13002282414901511,-0.12438314114218244,0.2451841545175866,0.9891899648248681,-0.26439439744239557,-0.07942844398380089,0.23416599172566435,0.17987739980302347,0
1.5045838224430053,-1.5285957456328785,-0.3875535055122004,-0.6842250986153663,-0.6259585191875722,-0.35453150415333123,-0.39857676518854035,-0.5129151928657877,0
0.1921259310187558,0.7798725401337286,0.3442213534787707,0.7816554414324762,-0.3773831854877634,-0.07392638278041025,-0.39857676518854035,-0.05765148911199638,0
0.14594556038566625,0.16330123952042674,-0.3380349060316084,0.8351067791119556,-0.26439439744239557,-0.3325232593397688,-0.03543744382908371,-0.3174487113628019,0
-0.7197766299058851,0.3830423459093752,-0.3930555721211551,0.09843387377522135,-0.3114730591279655,-0.3985479937804561,-0.39857676518854035,-0.5351835262015716,0
-0.3879690937189767,0.8712538220916579,-0.28851630655101634,0.7461207532544987,0.4681495783850717,-0.26649852489908155,0.17364277149908827,-0.17146741505044505,0
-0.859544872888728,0.8869450574142707,-0.34353697264056304,0.21698237131015635,-0.26439439744239557,-0.33802532054315937,-0.27753032473538813,-0.43126463730124986,0
1.1983436477773466,-1.2553061423948437,-0.1839770409808776,0.2184754254352813,-0.7992079941904695,-0.18946966805161303,0.5422842037882337,0.07595851090270277,0
-1.3322569792372025,1.1839820274095259,-0.3820514389032457,0.921703918369213,1.2929677311162564,-0.35453150415333123,0.49826731635072374,-0.10713667430262633,0
0.4585946544291326,0.21233744844058564,-0.17847497437192295,-1.4262729988025509,-0.3095899126605427,-0.316017075729597,0.32770187753037283,-0.07497130392871833,0
1.1318685078220918,-1.1237049337054232,-0.3820514389032457,-0.5844890830570081,-0.3095899126605427,-0.3930459325770655,-0.37106621054009664,-0.5153894521253185,0
-0.9305653215588717,1.0535520387944042,-0.30502250637788036,-0.7143847919428936,-0.3095899126605427,-0.0959346275939727,-0.1619859952119247,-0.25311797061498365,0
-0.14309058670432123,0.30594633773418295,-0.3875535055122004,0.5344056783117566,-0.26439439744239557,-0.17296348444144116,-0.3655640996104079,-0.4164190817440608,0
-0.9277245036120657,-0.010931753454070157,-0.16196877454505895,0.9879955215247681,-0.26439439744239557,2.429511464762316,3.1282763407419396,2.4265048074575994,0
0.010313582423188439,0.5293276226447595,-0.26650804011519763,0.492600162808253,-0.26439439744239557,-0.24999234128890968,0.26167654637410803,-0.11455945208122155,0
-0.8180689308653633,-0.37740766160259465,0.09112628946685589,0.9844121916244678,4.006581790672505,0.4047529419145725,0.4927652054210349,0.4446231405728917,0
-0.1584310036170728,0.9967984071048223,0.3277151536519066,1.0507037947800235,-0.6259585191875722,-0.32151913693298756,3.3428586669998004,1.5060803629118926,1
0.5864314620353906,-0.1300916598619548,-0.13996050810924024,0.46333630195580106,-0.26439439744239557,0.7018642468976654,-0.3325514340322755,0.10317536275754828,0
-0.4663756690508144,0.5256445850591414,0.16265315538326655,0.09544776552497104,-0.26439439744239557,-0.16746142323805058,-0.39857676518854035,-0.1813644520885717,0
1.0511892781328096,-1.618827105776787,0.23968208790863205,-0.6364473666113621,-0.26439439744239557,-0.3985479937804561,-0.39857676518854035,-0.2506437113554527,0
1.3074310569346863,-1.4093642754122897,-0.39855763873010974,-2.098744576758905,-0.3095899126605427,-0.3325232593397688,-0.31054299031352056,-0.46837852619422216,0
-0.10597801605126221,0.8592596635193113,-0.1509646413271496,0.9873982998747177,-0.26439439744239557,-0.27200058610247213,-0.024433221969706275,-0.2011585261648234,0
0.9017622541308272,-1.1421908379375858,-0.3820514389032457,-2.3462929507046497,-0.3095899126605427,-0.37103768776350304,-0.39857676518854035,-0.517863711384851,0
1.321066983079355,-1.3399752665716147,-0.0739357088017842,-2.1536889685635097,-0.3095899126605427,-0.3325232593397688,-0.343555655891653,-0.33724278543905345,0
0.5779090081949735,0.2493649161127841,-0.244499773679379,0.32239199254398976,-0.3095899126605427,0.09663751452469854,-0.22250921543850077,-0.16651889653138072,0
-1.0216761938346306,1.3946880377791906,-0.2830142399420617,0.9611205472725162,-0.6259585191875722,-0.20597585166178484,-0.06845010940721616,-0.25064371135545216,0
-1.9100793496174886,0.9971659034271748,0.3662296199145894,1.1062454082346782,3.3663119917487547,0.1571601877619952,1.8077697176166432,1.0483423998985708,2
1.0790292940115056,-0.8842160978893508,-0.39855763873010974,-0.5982251810081592,-0.6259585191875722,-0.36553562656011246,-0.39857676518854035,-0.522812229903914,0
0.5745000266588068,-0.17675407081431654,-0.39855763873010974,-0.532829410327679,-0.3095899126605427,-0.3985479937804561,-0.39857676518854035,-0.5376577854611028,0
0.6483612932757565,-0.03371154632680326,-0.15646670793610426,-0.10044093569144422,0.9031564123597374,-0.013403709543113596,0.4652546507725913,0.13286647387192696,0
-0.8504542554589493,0.7046073394398641,-0.3930555721211551,0.4513918689547998,-0.3095899126605427,-0.3930459325770655,-0.3545598777510305,-0.512915192865787,0
-0.17774856565535166,0.7917706722938177,-0.39855763873010974,-0.08849650269044337,-0.17023707407125588,-0.38204181017028427,-0.3600619886807192,-0.5129151928657877,0
1.7733252002108266,-2.663914852436165,-0.36004317246742706,-0.7185653434932439,-0.26439439744239557,-0.3930459325770655,-0.39857676518854035,-0.5178637113848518,0
-1.7157674020559768,0.3960017615355631,-0.39855763873010974,0.6932666372250693,-0.26439439744239557,-0.3985479937804561,-0.37656832146978536,-0.5277607484229777,0
-0.6851186509548557,0.843516550535472,-0.3875535055122004,-1.3713286069979465,-0.3095899126605427,-0.34352738174655,-0.39307465425885163,-0.5054924150871936,0
-1.9100793496174886,0.4924694125786263,-0.36004317246742706,0.9225997508442879,1.1310171349178957,-0.007901648339723007,0.9054235251476901,0.24173388129131018,0
1.6250345033875684,-2.3641504154382478,-0.3930555721211551,-0.5343224644528041,0.27983493164279233,-0.34352738174655,-0.3545598777510305,-0.4906468595300042,0
-0.3754694947530312,0.8778029680368498,-0.1839770409808776,0.3465794693710168,0.1028191637050495,-0.0959346275939727,0.04709422011624729,-0.1046624150430957,0
-0.511260592610344,0.893281589238691,-0.39855763873010974,0.6213014283940389,-0.3227719379325023,-0.3985479937804561,-0.39307465425885163,-0.5351835262015722,0
-1.2682818613445832,0.3759398321030595,0.003093223723581147,0.7413429800540988,-0.3095899126605427,0.43226324793152565,4.877947616382958,2.389390918564628,0
1.1089829352589844,-0.7379038482707081,-0.327030772813699,0.35285029669654205,-0.26439439744239557,-0.3985479937804561,-0.39857676518854035,-0.5054924150871937,0
-0.23399676100210443,0.4913819668896945,-0.2830142399420617,0.8431692713876311,-0.26439439744239557,-0.04641607676345722,0.4487483179835251,0.053690177566917976,0
-1.2856675649095883,0.31114413577966377,-0.3930555721211551,-1.102578864475425,-0.3095899126605427,-0.3930459325770655,-0.3160451012432093,-0.4955953780490677,0
0.275645978654844,0.9642575073171311,2.154401267824857,1.036071864353797,-0.1589381952667191,-0.1784655456448318,1.136512184194617,1.3996872147520394,1
-0.13854527798943234,0.9189081866196112,-0.3380349060316084,0.8942317224669106,-0.3095899126605427,0.0746292697111361,0.03608999825686986,-0.10218815578356315,0
-0.7731840073058338,0.687273941001831,-0.36554523907638176,0.8676553590396832,-0.26439439744239557,0.10764163693147973,3.601457880695171,1.5036061036523602,0
-0.9368151210418435,-0.33497450293991826,-0.39855763873010974,0.9028914363926361,2.114019590912595,0.18467049377894823,1.307077623014968,0.4916340665039903,0
-0.8288640390632259,0.3998662120276078,-0.26650804011519763,0.9202108642440876,-0.26439439744239557,-0.07392638278041025,-0.12347121870410352,-0.20858130394341712,0
-1.1538536121778018,0.656472069038397,-0.294018373159971,0.2847670285908369,-0.26439439744239557,-0.18396760684822241,-0.39857676518854035,-0.3941507484082782,0
-0.8720444718546726,0.5349976119641798,-0.3875535055122004,0.35553779412176734,0.9219878770339653,-0.3985479937804561,-0.39857676518854035,-0.5327092669420386,0
-0.6277341284293797,0.8021896439624027,0.1571510887743119,1.0065093926763196,-0.26439439744239557,0.2451931670162449,-0.07945433126659364,0.14523777016958292,0
1.187548539579485,-1.199385865016974,-0.3875535055122004,0.10589914440084693,-0.26439439744239557,0.06362514730435492,0.28918710102255174,-0.015589081699963057,0
0.9375565602605809,-0.9171733178659502,-0.37654937229429103,0.516489028810255,-0.26439439744239557,-0.15095523962787877,0.04709422011624729,-0.21600408172201122,0
-0.3078580276190542,0.8992778739855286,-0.3930555721211551,0.49946821178382855,0.4813316036570313,-0.38204181017028427,-0.39307465425885163,-0.5252864891634437,1
-0.10120561234970445,0.6130295966913543,-0.39855763873010974,0.722231887252497,-0.26439439744239557,-0.37653974896689363,-0.37106621054009664,-0.5153894521253203,0
-0.8606812000674493,-0.014225563490692136,0.047109756595218495,0.8649678616144578,-0.6259585191875722,-0.27200058610247213,-0.343555655891653,-0.2555922298745148,2
-2.233364431963982,1.3631158449581746,-0.0739357088017842,1.0716065525317744,-0.6259585191875722,0.2727034730331979,0.6468243114523196,0.3802923998250734,0
-0.02548072370656324,0.7465250147982497,0.025101490159399796,0.913940036918562,0.1536641183254649,-0.3215191369329876,-0.013429000110328791,-0.13930204467653573,2
0.8648316208223524,-0.9869699230839073,-0.39855763873010974,0.6001000598172621,-0.8952484640290321,-0.22248203527195665,0.33320398846006166,-0.12940500763840918,0
0.8511956946776856,-0.31924964363373637,-0.3930555721211551,0.19458655943327924,-0.6259585191875722,-0.37103768776350304,-0.39857676518854035,-0.522812229903914,0
-0.9203383769503697,-0.03103261301111423,-0.3930555721211551,0.24027401566210804,-0.26439439744239557,-0.37103768776350304,-0.39307465425885163,-0.5203379706443833,0
-0.9209065405397323,1.47496581442931,0.6633412167981416,1.1175926195856285,1.8786262824847455,0.38824675830440075,0.058098441975624825,0.4990568442825834,1
1.2534555159453782,-1.171893002973147,-0.35454110585847237,0.19727405685850455,-1.1212260401197673,-0.316017075729597,-0.07395222033690488,-0.3347685261795206,0
1.0290308981477247,-1.0835482799413712,-0.39855763873010974,-0.568364098505657,-0.26439439744239557,-0.3985479937804561,-0.321547212172898,-0.5030181558276622,0
0.6517702748119223,-0.4550483138272814,-0.21148737402565096,0.17368380168152747,-0.3095899126605427,-0.35453150415333123,-0.28853454659476563,-0.3842537113701509,0
0.004404578824385275,-0.2122977673638365,-0.3380349060316084,0.5812875778406853,-0.3095899126605427,-0.07392638278041025,-0.18399443893067963,-0.26796352617217245,1
-0.5373961177209581,0.8112932868479207,-0.3160266395957897,0.5120098664348802,0.4926304824615681,-0.31051501452620633,-0.3160451012432093,-0.42384185952265513,0
-0.3436523337488059,0.8466339958692265,-0.37654937229429103,0.007357572142589119,0.7864013313795245,-0.3985479937804561,-0.39857676518854035,-0.5277607484229752,0
0.6267710768800332,-0.010636958632633189,0.025101490159399845,-0.03265627841076367,-0.3095899126605427,-0.37103768776350304,-0.3160451012432093,-0.29765463728654856,0
-1.7401984363985052,1.515467602263629,1.6096966735383447,1.1101273489600034,4.503732458072123,1.0760044087282268,1.1145037404758622,1.7089696221934727,2
-1.718608220002782,1.5525688676707252,0.5477978180100934,1.117891230410654,-0.26439439744239557,0.10213957572808914,0.2176596589365981,0.3901894368631985,1
-1.1851026095926656,1.127731774390148,-0.39855763873010974,0.826745676011255,-0.3095899126605427,1.4666507541689597,0.5863010912257434,0.7440085109761992,0
1.396064576875025,-1.6887388570173858,-0.39855763873010974,-2.2558138707220676,-0.3095899126605427,-0.33802532054315937,-0.39857676518854035,-0.5104409336062566,0
-0.3510384604105018,1.0983332938045598,14.473528405274362,0.16114214703047663,-0.3095899126605427,1.1035147147451798,2.3854913652339604,8.077712956227481,0
-1.2777132746585318,1.025439228795958,0.9989672799443763,0.937231681270514,-0.3095899126605427,0.18467049377894823,-0.39857676518854035,0.35307554797022855,0
0.3671203165419888,0.09500975435170271,0.18466142181908524,-0.04101738151146461,-0.26439439744239557,-0.37103768776350304,-0.2995387684541431,-0.21847834098154306,0
-1.0652200922374622,1.062142740901514,0.12413868912058389,0.9590302714973408,-0.6259585191875722,-0.29951089211942516,-0.024433221969706275,-0.08981685948590613,1
0.3103039576058735,0.7525330172730577,0.6523370835802321,0.7834471063826266,-0.3095899126605427,-0.17296348444144116,0.2506723245147305,0.3283329553749121,0
0.7159727604097336,-0.08521604121462022,-0.26650804011519763,0.1832393480823284,-0.7973248477230468,-0.02440783194989482,0.15713643871002203,-0.060125748371527885,1
-0.3510384604105018,0.8227623677655969,0.11313455590267459,1.031891312803447,2.432271343907048,2.3249723018978945,0.597305313085121,1.3650475851186001,1
-0.21070205383829826,0.016212579878957686,-0.39855763873010974,0.4415377117289743,-0.3095899126605427,-0.3985479937804561,-0.39857676518854035,-0.5376577854611028,0
0.408028094975991,0.1529378671813885,0.3992420195683174,0.4373571601786241,-0.3095899126605427,-0.3930459325770655,-0.26652610287601064,-0.11703371134075166,1
-0.2288832886978549,0.543289171162111,-0.21148737402565096,0.8706414672899335,2.17804657080497,-0.2775026473058627,1.03747418746022,0.24668239981037432,0
0.46541261750146695,-0.20614341304601505,-0.39855763873010974,-0.010857688183937328,-0.30394047325827417,-0.37653974896689363,-0.17299021707130213,-0.4263161187821859,0
0.44041341956957597,0.6180443006312296,-0.2995204397689257,0.964405266347791,-0.26439439744239557,0.9659631846604145,0.5202757600694786,0.5336964739160235,0
1.8733219919383886,-3.493007738775299,-0.3930555721211551,-0.6779542712898406,-0.26439439744239557,-0.3930459325770655,-0.38207043239947414,-0.5252864891634461,0
2.1585401137976845,-3.882990795651569,-0.39855763873010974,-0.6633223408636145,-0.26439439744239557,-0.30501295332281575,-0.38757254332916286,-0.4906468595300049,0
-1.3436202510244248,0.7427235517000856,-0.35454110585847237,0.7953915393836278,0.8391294324673625,-0.30501295332281575,-0.3545598777510305,-0.4560072298965648,0
-1.016926187141765,1.2925092656121457,-0.08493984201969355,0.9190164209439876,-0.6259585191875722,-0.2389882188821285,-0.38757254332916286,-0.319922970622333,0
-1.6015665205943854,0.2616590835270364,-0.3160266395957897,0.8739261863652092,2.121552176782286,-0.38204181017028427,-0.10146277498534856,-0.35951111877483605,2
0.7693801378096803,-0.5377563675255488,-0.39855763873010974,-2.249543043396542,-0.3095899126605427,-0.3985479937804561,-0.39857676518854035,-0.5376577854611028,0
-1.040220894305573,0.3812507034598683,-0.1839770409808776,-0.9252040344105605,-0.3095899126605427,-0.2389882188821285,-0.39857676518854035,-0.36940815581296327,0
1.2568644974815437,-1.8592433601501186,-0.3930555721211551,-0.54298217837853,-0.6259585191875722,-0.3490294429499406,-0.26652610287601064,-0.45353297063703285,0
-0.1658171302787668,0.6977830571885604,-0.39855763873010974,0.2151907063600064,0.48509789659187674,-0.3985479937804561,-0.38207043239947414,-0.5302350076825073,0
0.8864218372180777,-0.32840587811438,0.1791593552101306,-0.49132250564920055,0.20450907294588053,-0.14545317842448818,-0.39857676518854035,-0.16404463727185067,0
1.255523517777935,-1.558513035072916,-0.39855763873010974,-0.33335737921096315,-0.6259585191875722,-0.3985479937804561,-0.39857676518854035,-0.5376577854611028,0
-0.566940624367738,1.026644307761111,3.4583910541471137,1.108634294834878,-0.6259585191875722,0.7568848589315714,-0.06845010940721616,1.8648479555439559,2
-0.7737521708951944,0.5469632638468934,-0.3380349060316084,0.1002255387253717,-0.26439439744239557,-0.2775026473058627,-0.39857676518854035,-0.4560072298965646,0
-1.5328187262816872,1.0085329102215752,0.7018556830608242,1.0563774004554987,2.5320781066804554,-0.22248203527195665,-0.20600288264943456,0.12296943683380086,2
-2.618011181961477,-0.16142405840780824,0.8008928820220084,-0.14493394862017306,-0.3095899126605427,0.38824675830440075,0.7293559753976506,0.8627729554337094,0
0.8017654624032663,-0.5580378569647448,-0.39855763873010974,-2.2471541567963422,0.7656867202378732,-0.3985479937804561,-0.33805354496196427,-0.5104409336062564,0
-0.5009881949146944,1.1225489781685698,2.8036451276815084,0.20772543573438043,-0.3095899126605427,-0.06842432157701966,0.20115332614753195,1.3205109184470316,2
-1.2208514626352678,0.7845642004999414,4.877924239257419,0.4794612865071526,-0.3095899126605427,12.371736059289143,2.8036517958903047,9.017931474849439,1
-0.10218280827031809,-0.20566614593236737,-0.277512173333107,-0.5411905134283796,-0.3095899126605427,0.12964988174504216,0.01958366546780361,-0.05765148911199743,0
1.1653901595944,-1.52227773463557,-0.3380349060316084,-0.4862461216237753,-0.6259585191875722,-0.3655356265601124,-0.31054299031352056,-0.4560072298965642,0
-1.977122653162104,1.0926812864073108,0.33871928686981606,1.0999745809091521,3.394559188760096,0.08563339211791737,1.2905712902259017,0.7712253628310461,2
0.16371775155069812,0.3918815016189235,-0.3930555721211551,0.05871863404689356,-0.6259585191875722,-0.3985479937804561,-0.39857676518854035,-0.5351835262015713,0
-1.4106635545690402,0.7425279061759541,-0.1839770409808776,-0.35246847201256454,-0.3095899126605427,0.20667873859251068,0.17364277149908827,0.08832980720035907,0
-0.24706452355741057,-0.5775495276030986,-0.2224915072435603,0.9503705575716153,-0.6259585191875722,-0.23348615767873787,-0.10696488591503732,-0.2531179706149843,0
0.16428591514005875,0.50774178518645,-0.21698944063460562,-1.7938629244083555,-0.1909516852129066,-0.3985479937804561,-0.39857676518854035,-0.45600722989656445,0
-1.4839566575966285,0.6404562240935727,-0.21698944063460562,0.7977804259838277,0.8749092153483956,-0.05742019917023844,-0.3325514340322755,-0.2729120446912357,0
-0.07036564726609469,0.7208572303404698,4.399244444278363,1.083849596357801,-0.26439439744239557,3.876553561254046,5.092529942640819,6.011706474518701,0
0.04724421573166331,-0.09161913010241025,-0.21148737402565096,-0.42592673496872074,0.400356305557851,-0.3985479937804561,-0.39857676518854035,-0.45353297063703213,0
-1.7384939456304223,-0.1768504887387122,1.0980044789055605,-2.5627857988477922,5.424591080641869,0.8779302054061647,1.538166282061895,1.5803081406978372,2
-0.2408147240744388,1.4024282695851389,3.5024075870187517,1.1140092896853286,-0.26439439744239557,5.835287349661102,0.8228918612023591,4.5692133262118535,2
-1.2265785516160284,-0.44629388134428416,-0.39855763873010974,0.7520929697549993,1.7769363732439147,0.25619728942302616,-0.38757254332916286,-0.23827241505779534,0
-0.066956665729928,0.7213150185737727,0.4212502860041361,-0.6379404207364875,-0.3095899126605427,0.5863209616264625,0.8944193032883129,0.8553501776551155,0
-0.05104808522781485,-0.020671995075114594,-0.36554523907638176,-0.4659405855220739,2.2044106213488894,1.620708467863897,0.4267398742647701,0.7563798072738563,1
1.2216383549411538,-1.626218689115284,-0.39855763873010974,-0.2524338456291814,-0.26439439744239557,-0.3985479937804561,-0.39857676518854035,-0.5376577854611028,0
-0.2118383810170205,-0.5119711110024274,-0.39855763873010974,-0.5967321268830339,-0.3095899126605427,-0.3985479937804561,-0.39857676518854035,-0.5376577854611028,0
0.38132440627601716,-0.2390347254087904,-0.3875535055122004,-0.33216293591086316,0.10093601723762666,-0.3985479937804561,-0.39857676518854035,-0.5327092669420399,0
0.41427789445896374,0.6471118152799044,-0.30502250637788036,0.9357386271453887,-0.3095899126605427,0.22318492220268246,0.5918032021554323,0.2293625849936536,0
-0.13570446004262626,-0.10582630412276094,0.15164902216535725,-1.9467516668211675,1.4643340596517305,-0.3930459325770655,-0.39307465425885163,-0.28528334098889274,1
0.13985488079752936,0.758807648725534,0.4872750853115922,0.7040166269259701,-0.26439439744239557,-0.2444902800855191,-0.39857676518854035,-0.07002278540965541,0
0.672792327618285,-0.35870957621602334,-0.3160266395957897,-0.5155099824762276,-0.26439439744239557,-0.37653974896689363,-0.38757254332916286,-0.4856983410109426,0
1.982977564685091,-3.006867195983318,-0.39855763873010974,-0.49789194379975116,-0.8632349740828446,-0.3985479937804561,-0.38207043239947414,-0.5302350076825074,0
0.9307385971882466,-1.2318320833517502,-0.39855763873010974,-2.3319596311034485,-0.3095899126605427,-0.3985479937804561,-0.3600619886807192,-0.5203379706443825,0
-0.4203544183125607,0.9325351120160806,-0.19498117419878694,0.766127678531175,-0.26439439744239557,-0.30501295332281575,-0.1509817733525472,-0.2927061187674879,0
0.847786713141518,-0.7446871415042328,-0.3710473056853364,-0.2831907606067591,-0.5129697311422047,-0.3985479937804561,-0.39857676518854035,-0.5252864891634458,0
-0.9197702133610091,0.7753833283907875,0.11313455590267459,1.0345788102286724,1.5566082365554472,-0.24999234128890968,-0.26652610287601064,-0.18136445208857055,2
-0.9021571420908141,0.5296397959990766,-0.39855763873010974,0.5385862298621068,0.042558476747519905,-0.37653974896689363,-0.37106621054009664,-0.5153894521253192,0
0.11087853774011204,-0.19495742764590607,-0.25550390689728836,-2.112779285535081,0.4041225984926967,-0.3985479937804561,-0.39857676518854035,-0.47332704471328435,0
-1.6356563359560543,1.5676236378325437,2.9797112591680572,1.085044039657901,-0.6259585191875722,1.4776548765757411,-0.3160451012432093,1.8623736962844244,0
0.3210990658037361,0.39864615887470306,-0.2224915072435603,0.4203363431521976,-0.28699215505146913,-0.3490294429499406,-0.39307465425885163,-0.43373889656078085,0
0.5000705964524974,0.26373549348123765,-0.3710473056853364,0.5544126035884333,-0.26439439744239557,-0.3985479937804561,-0.37656832146978536,-0.5153894521253196,0
-0.05388890317462091,0.5934396190194815,0.12413868912058389,1.030696869503347,-0.26439439744239557,0.30571584025354165,-0.02993533289939499,0.1798773998030242,0
-0.26467759482760755,0.8606759517675648,1.4556388084876142,1.0563774004554987,1.498230696065341,0.8339137157790398,0.37171876496788275,1.1967979554704598,2
-0.09986470082572516,0.797734203595835,-0.1289563748913309,0.06618390467251913,-0.3095899126605427,-0.1949717292550036,1.0154657437414647,0.311013140558191,0
0.3949603324206849,-0.49977338454269654,-0.39855763873010974,-0.732301441444395,-0.26439439744239557,-0.35453150415333123,-0.39857676518854035,-0.5178637113848517,0
-1.2322601875096406,0.28077849124582355,-0.2389977070704243,-0.7869472224239745,1.9388869694422748,-0.17296348444144122,-0.3325514340322755,-0.334768526179522,0
0.825628333156434,-0.09893433172589963,0.3662296199145893,0.46751685350615135,-0.48283938766343987,0.12414782054165159,-0.1619859952119247,0.14771202942911488,0
-0.928860830790787,0.22347645238420077,-0.39855763873010974,-0.05266320368744086,-0.26439439744239557,-0.3985479937804561,-0.39857676518854035,-0.5376577854611028,0
0.4875709974865519,0.026448623258840388,-0.12345430828237625,0.8987108848422855,-0.6259585191875722,0.30021377905015095,5.1585552737970835,2.3992879556027527,0
0.018836036263605645,0.33401484698276873,-0.39855763873010974,-0.04639237636191525,-0.3095899126605427,-0.3985479937804561,-0.39307465425885163,-0.5351835262015696,0
0.10406057466777768,0.16233581664968072,-0.2224915072435603,0.6747527660735182,-0.26439439744239557,0.4652756151518692,-0.1179691077744148,0.05616443682644931,0
-0.4953520121082327,0.17279163191341207,-0.3820514389032457,-0.09864927074129387,-0.26439439744239557,-0.3600335653567218,-0.37656832146978536,-0.5030181558276624,0
0.8313099690500462,-1.6890570412345183,-0.3930555721211551,0.2811836986905366,-0.6259585191875722,-0.15095523962787877,-0.024433221969706275,-0.2555922298745144,0
1.2687959328581286,-1.4661136234984882,-0.39855763873010974,-2.2889596722998453,-0.3095899126605427,-0.3985479937804561,-0.39857676518854035,-0.5376577854611028,0
-0.21865634408935386,0.4803468057830147,-0.39855763873010974,0.2507253945379839,-0.26439439744239557,-0.3985479937804561,-0.37106621054009664,-0.5252864891634458,0
1.0483484601860045,-1.0173280551907349,-0.39855763873010974,0.17398241250655247,-0.7257652819609804,-0.0959346275939727,-0.31054299031352056,-0.3619853780343674,0
0.5614322641035007,-0.5666042761072814,-0.39855763873010974,-2.274327741873619,-0.3095899126605427,-0.3985479937804561,-0.39857676518854035,-0.5376577854611028,0
0.1750810233379214,0.6411109797802239,0.041607689986263845,1.0184538256773208,-0.26439439744239557,10.545051739763462,0.39372720868663774,4.937877955882043,0
0.49779794209505196,0.14280183903154134,-0.26650804011519763,-2.0315571411282747,-0.3095899126605427,-0.21697997406856603,-0.06845010940721616,-0.2481694520959207,0
-1.9441691649791575,0.2862693061870361,-0.3820514389032457,0.4955862710585033,2.0631746362921795,-0.30501295332281575,-0.2995387684541431,-0.4436359335989065,0
0.322803556571819,0.5783927067365624,-0.20048324080774163,0.45079464730474944,-0.26439439744239557,0.18467049377894823,-0.37106621054009664,-0.17394167430997656,0
0.6589517716752741,-0.5004203975010769,-0.327030772813699,0.523655688610856,-0.6259585191875722,-0.3270211981363782,-0.09045855312597112,-0.3347685261795222,0
-0.3436523337488059,0.6884398088749103,-0.26650804011519763,0.8688498023397832,0.5736057805607482,-0.34352738174655,0.39372720868663774,-0.09723963726450092,2
-0.7078451945293022,0.8847859094303594,-0.3875535055122004,-0.969398436514264,-0.3095899126605427,-0.17296348444144122,-0.20600288264943456,-0.344665563217648,0
-2.1555260202215036,0.28754882773061036,-0.31052457298683506,-0.892058232832783,-0.3095899126605427,0.6578477572705405,-0.343555655891653,0.0017307331167580142,0
-1.2686226572287538,1.1415838008415633,0.10213042268476519,0.6819194258741185,1.8654442572127858,-0.37103768776350304,-0.2555218810166332,-0.23579815579826224,0
1.1170962544987029,-1.1510425865198832,-0.3380349060316084,0.1730865800314779,-0.6617383020686054,-0.3930459325770655,0.2231617698662869,-0.22837537801966795,0
-0.906702450805703,0.6327544802337486,-0.3875535055122004,0.11187136090134794,-0.26439439744239557,-0.38754387137367485,-0.39857676518854035,-0.5277607484229777,0
-0.1277501697915697,0.6003423464850582,-0.24449977367937895,0.5878570159912359,0.5679563411584799,-0.21697997406856606,-0.2610239919463219,-0.3248714891413956,0
0.1909896038400326,0.14053502060379963,-0.39855763873010974,-0.3599337426381901,1.498230696065341,-0.3270211981363782,-0.3655640996104079,-0.4906468595300042,0
-1.0226078230353761,1.0901537945924205,-0.040923309148056204,0.8927386683417853,-0.26439439744239557,-0.2940088309160345,-0.39857676518854035,-0.32982000766045994,2
-0.5981896217826007,1.0848294828542346,-0.3930555721211551,0.8028568100092534,0.882441801218087,-0.38204181017028427,-0.3545598777510305,-0.5079666743467247,0
-1.8322409378750115,0.21504768890919776,-0.3820514389032457,0.8449609363377815,2.4567522479835437,-0.189469668051613,-0.2500197700869444,-0.36940815581296205,1
0.9778961751052215,-1.2877723600908064,-0.327030772813699,-0.4462322710704225,-0.3095899126605427,-0.37653974896689363,-0.22801132636818952,-0.4188933410035906,0
0.11996915516988987,0.5625455989169614,-0.13996050810924024,-0.5647807686053568,-0.3095899126605427,-0.17296348444144116,0.025085776397492373,-0.12940500763841006,0
-0.9072706143950636,0.8061138852668748,-0.3710473056853364,0.5442598355375824,1.3381632463344035,-0.2444902800855191,-0.22801132636818952,-0.3793051928510869,0
-1.1839662824139425,-0.6890389834860053,-0.22249150724356034,0.9841135807994429,4.462303235788821,1.0209837966943207,0.7953813065539155,0.7167916591213548,0
1.431290719415416,-1.5380729924300953,-0.39855763873010974,-0.2225727631266791,-1.0195361308789366,-0.3985479937804561,-0.0849564421962824,-0.3966250076678083,0
-0.8805669256950898,-0.5010218614767804,-0.3710473056853364,-1.7726615558315786,0.9182215840991201,-0.3985479937804561,-0.39857676518854035,-0.5252864891634457,0
1.0591435683838653,-0.6702406709922438,-0.3710473056853364,-0.3276837735354875,-0.26439439744239557,-0.38204181017028427,-0.39857676518854035,-0.5178637113848518,0
0.020154471235990352,0.1697199474394906,-0.0024088428853735037,1.0348774210536968,-0.26439439744239557,0.42125912552474437,1.241052291858703,0.7464827702357304,0
-0.6811415058293274,0.12701993870994235,-0.37654937229429103,0.5239542994358807,-0.26439439744239557,-0.3985479937804561,-0.321547212172898,-0.4931211187895367,0
0.6529066019906454,0.23237200887166762,-0.018915042712237554,0.862877585839283,-0.9555091509865616,-0.37653974896689363,-0.11246699684472604,-0.22837537801966873,1
-0.27433637584674697,0.3866324016653564,0.45976475226681873,-2.5627857988477922,3.9933997654005453,2.4240094035589252,0.7073475316788957,1.614947770331278,0
-1.6072481564879977,-0.5120690028548694,-0.30502250637788036,0.7927040419584025,3.138451269190596,-0.3930459325770655,-0.33805354496196427,-0.4659042669346907,0
-0.0018452661116735362,0.8948414012305175,0.5918143508817308,0.6150306010685128,-0.3095899126605427,-0.16195936203465994,-0.19499866079005712,0.105649622017079,0
-0.02377623293848038,0.7320127100360323,-0.36004317246742706,-2.5627857988477922,0.8786755082832413,0.9659631846604145,0.4157356524053927,0.4594686961300809,0
0.7029049978544255,-0.30919439134688537,-0.39855763873010974,-0.24735746160375616,-0.0836123365698073,-0.3985479937804561,-0.39857676518854035,-0.5376577854611028,0
-0.6572786350761596,1.1396216663712517,-0.3930555721211551,0.9264816915696132,-0.26439439744239557,-0.30501295332281575,-0.2500197700869444,-0.42631611878218734,0
1.290386149253852,-0.933625007940279,-0.26650804011519763,-0.1506075542956479,-1.0684979390319291,0.025110718880620664,-0.24451765915725573,-0.2184783409815423,0
-0.7879108075420743,1.2211479982578857,0.47627095209368275,0.031843659794641176,-0.3095899126605427,0.5423044719993378,0.9329340797961337,0.8776185109908988,0
-0.5315325217562173,1.3428499377020482,4.0471121813052635,0.8927386683417856,-0.26439439744239557,1.268576550846898,1.2575586246477695,2.9559962889973344,2
1.2574326610709063,-0.6064613724198926,-0.39855763873010974,0.1396421676286753,-0.6353742515246864,-0.12344493361092573,0.19014910428815443,-0.14919908171466115,0
1.4596988988834738,-2.1954713998278006,-0.35454110585847237,-0.6018085109084595,-0.26439439744239557,-0.2609964636956909,-0.23901554822756696,-0.38425371137015196,0
0.33075784682287457,0.509567452343716,0.1351428223384932,0.774190170806851,-0.26439439744239557,-0.28850676971264394,-0.09596066405565984,-0.11208519282168944,0
0.18360347717833858,0.8908980034674583,-0.261005973506243,0.8216692919858298,-0.3095899126605427,-0.07942844398380089,0.6468243114523196,0.13781499239099024,2
-0.4959201756975943,0.20053775164390603,0.1791593552101306,-0.4889336190490006,-0.3095899126605427,0.030612780084011252,-0.26652610287601064,-0.025486118738088294,1
-0.29649475583183094,0.7437115809422511,-0.39855763873010974,0.3576280698969427,-0.3095899126605427,-0.3930459325770655,-0.321547212172898,-0.50054389656813,0
-0.116955061593709,0.9254628459769039,-0.39855763873010974,-0.04251043563658997,0.6677631039318881,-0.3985479937804561,-0.39857676518854035,-0.5376577854611028,0
0.25291943508039844,0.14892855719848175,-0.37654937229429103,0.32926004151956534,-0.26439439744239557,-0.316017075729597,-0.2995387684541431,-0.4461101928584393,0
0.8188103700841006,-0.8513795051053182,-0.35454110585847237,0.016315896893340044,-0.26439439744239557,-0.2830047085092533,-0.37656832146978536,-0.45600722989656506,0
-0.7146631576016356,1.5805516173371046,11.469400036785112,1.1355092690871296,-0.26439439744239557,2.600075362067425,1.741744386460378,7.1102775857506755,0
0.9966455735541387,-0.8543892477530679,-0.1839770409808776,0.03841309794519177,-0.26439439744239557,-0.3985479937804561,-0.37106621054009664,-0.428790378041719,1
0.5335922482248046,0.31092796580748017,0.5092833517474108,0.7876276579329772,-0.26439439744239557,-0.22798409647534726,-0.3600619886807192,-0.03538315577621379,0
-1.1032870527246592,-0.3058304776075319,-0.39855763873010974,-2.5627857988477922,1.5679071153599844,0.6028271452366344,0.9164277470070676,0.5040053628016471,0
-0.5061471203060943,0.8565191983136858,-0.227993573852515,0.5188779154104554,1.1404328672550097,-0.3325232593397688,-0.343555655891653,-0.4065220447059341,0
0.4699579262163559,0.5323433945794251,0.28369862078026936,0.7273082712779223,-0.26439439744239557,-0.30501295332281575,-0.39307465425885163,-0.18631297060763458,0
0.12094636245377527,0.4067693816716007,-0.28851630655101634,0.7637387919309752,-0.26439439744239557,-0.21697997406856603,0.0801068856943797,-0.1912614891266972,0
0.6477931296863959,-0.16587321615607276,-0.13996050810924024,0.45049603647972525,-0.9460934186494477,0.42676118672813496,-0.27202821380569936,0.006679251635821554,0
-0.31581231787011077,-0.10743268302881902,0.030603556768354495,-0.8248707972021524,-0.3095899126605427,-0.26649852489908155,-0.3545598777510305,-0.26548926691264096,0
0.9943729191966952,-1.0920740923662133,-0.39855763873010974,-2.2322236155450907,-0.5977113221762304,-0.38754387137367485,-0.38207043239947414,-0.5252864891634453,0
-0.9601098282056506,0.317821062074476,-0.3710473056853364,0.8339123358118556,-0.6259585191875722,-0.37653974896689363,-0.321547212172898,-0.480749822491879,0
1.2165248826369033,-1.7550996806856247,-0.294018373159971,-0.7006486939917423,-0.26439439744239557,-0.37103768776350304,-0.39857676518854035,-0.47827556323234827,0
0.3068949760697077,0.14489577951745064,-0.24449977367937895,0.5275376293361813,-0.26439439744239557,1.796774426372396,-0.3270493231025868,0.551016288732744,0
-1.6657690061921948,1.317211912772741,1.0539879460339232,1.1008704133842275,3.8672289520832175,0.8944363890163366,0.3387060993897504,1.0285483258223194,1
-0.9248836856652606,1.1204093044589782,0.10763248929371994,0.611745881993238,1.9144060653657786,-0.2389882188821285,-0.28853454659476563,-0.1887872298671636,0
1.2824318590027954,-1.2620482853997081,-0.37654937229429103,-0.6361487557863376,-0.26439439744239557,-0.3600335653567218,-0.39857676518854035,-0.5104409336062566,0
0.16030877001453048,-0.3313710482567862,-0.39855763873010974,-0.49729472214970116,-0.6259585191875722,-0.30501295332281575,-0.3545598777510305,-0.47580130397281567,0
0.9778961751052215,-0.9683826862985174,-0.15646670793610426,-0.48355862419855,-0.26439439744239557,-0.3985479937804561,-0.3050408793838318,-0.3867279706296838,0
-0.018094597044869234,0.8047535095578755,-0.39855763873010974,0.7726971166817257,-0.26439439744239557,-0.34352738174655,0.1571364387100221,-0.2630150076531095,0
-1.1930568998437203,0.17650649713279368,-0.277512173333107,-0.5573154979797311,-0.3095899126605427,0.12964988174504216,0.7293559753976506,0.2615279553675621,0
0.4966616149163297,0.470256031830231,-0.39855763873010974,-2.5627857988477922,-0.22108202869167126,-0.3985479937804561,-0.39857676518854035,-0.5376577854611028,0
-0.40955931011470004,0.7231342188717332,0.1681552219922212,0.9602247147974408,-0.6259585191875722,0.8009013485586963,0.4927652054210349,0.657409436892598,2
0.05235768803591286,0.7711978425520438,0.3442213534787707,0.3367253121451909,0.48698104305929985,-0.38754387137367485,-0.39857676518854035,-0.19868426690528987,1
-0.3533111147679453,0.2637449358327881,-0.3490390392495177,0.6669888846228677,-0.6259585191875722,-0.3985479937804561,-0.3050408793838318,-0.47332704471328424,0
0.525637957973749,-0.22303927594331593,0.008595290332535798,0.7016277403257702,-0.5845292969042708,0.6578477572705405,0.3001913228819291,0.4347261035347655,0
-0.8771579441589231,0.09236809759752439,-0.39855763873010974,-0.22406581725180405,-0.26439439744239557,-0.3985479937804561,-0.39857676518854035,-0.5376577854611028,0
-0.5646679700102926,1.0233455093992552,-0.39855763873010974,-1.8532864785883354,-0.3095899126605427,-0.3985479937804561,-0.39857676518854035,-0.5376577854611028,0
-0.08002442828523412,0.9497808255533977,-0.36554523907638176,0.6810235933990435,-0.3095899126605427,-0.3490294429499406,-0.37106621054009664,-0.488172600270472,0
0.3563252083441262,0.19351174852130196,1.0925024122966058,0.637725023770415,-0.3095899126605427,-0.3655356265601124,-0.14547966242285848,0.26152795536756407,0
-0.4873977218571771,0.3179742216226534,0.6083205507085949,1.1032592999844275,5.356797807814648,0.7623869201349621,1.5106557274134516,1.2957683258517185,2
-0.32717558965733307,0.686827170380678,-0.39855763873010974,0.3764405518735191,-0.3095899126605427,-0.38204181017028427,-0.3655640996104079,-0.5153894521253182,0
-0.2953584286531087,0.9112803372212158,1.5821863404935714,1.101766245859302,-0.26439439744239557,3.876553561254046,4.377255521781282,4.423232029899498,0
0.5748635604498233,-0.16385066445391236,-0.2224915072435603,0.7532874130550993,-0.6259585191875722,-0.035411954356676045,0.20115332614753195,-0.025486118738088204,0
-0.48455690391037104,0.40091466771367246,-0.3875535055122004,0.5887528484663113,-0.26439439744239557,-0.33802532054315937,-0.39857676518854035,-0.5054924150871943,0
-0.13002282414901511,0.5830684763160215,-0.3710473056853364,-1.278460640415164,0.5227608259403328,0.05812308610096434,0.17364277149908827,-0.06260000763106027,0
1.044939478649837,-0.7130935122421849,-0.31052457298683506,-0.37844761378974157,-0.6259585191875722,-0.3270211981363782,-0.2995387684541431,-0.42136760026312325,0
-0.5726222602613491,0.40195123064280697,-0.02991917593014685,-0.3897948251406924,2.652599480595514,0.06362514730435492,0.51477364913979,0.24668239981037363,1
-0.291949447116942,0.6511866597885991,-0.39855763873010974,-0.10641315219194443,0.6790619827364249,-0.3985479937804561,-0.37656832146978536,-0.5277607484229768,0
0.12792344542094644,0.8293997789706749,0.11313455590267459,0.8885581167914349,-0.26439439744239557,0.4872838599654318,-0.24451765915725568,0.16008332572677145,0
-1.3583925043478149,0.7920962031210594,-0.3380349060316084,0.7867318254579022,-0.26439439744239557,-0.3985479937804561,-0.39857676518854035,-0.5104409336062566,0
0.5409783748864986,0.14424335447952402,0.256188287735496,0.5556070468885332,-0.3095899126605427,-0.316017075729597,-0.22250921543850077,-0.12693074837887855,0
0.24553330841870347,0.2698574628362513,-0.25550390689728836,0.807634583209654,-0.6259585191875722,1.395123958524882,-0.1949986607900571,0.4248290664966398,0
0.9318749243669687,-0.9411637860243897,-0.3490390392495177,0.09634359800004641,-0.6259585191875722,-0.33802532054315937,-0.018931111040017556,-0.3174487113628018,0
-0.5197830464507611,1.4049615005073632,1.5381698076219341,1.0963912510088514,-0.6259585191875722,1.9948486296944579,-0.013429000110328791,1.5827823999573685,0
-1.0186306779098497,0.5029578845606485,-0.36554523907638176,0.47319045918162655,-0.26439439744239557,-0.36553562656011246,-0.39857676518854035,-0.5079666743467259,0
-0.1868391830851295,0.9187411168754898,0.09112628946685589,1.059064897880724,-0.26439439744239557,1.6262105290672872,0.6193137568038759,1.050816659158101,0
0.322803556571819,0.24082686547912668,0.030603556768354495,0.8524262069634071,-0.3095899126605427,-0.23348615767873787,-0.39857676518854035,-0.2704377854317032,0
-1.478843185292378,0.5153688607726196,-0.2389977070704243,0.7691137867814254,-0.26439439744239557,1.01548173549093,0.16814066056939955,0.42482906649663876,0
0.14951366181666978,0.32948300187106916,-0.09044190862864825,-0.09327427589084403,-0.7163495496238664,-0.37653974896689363,-0.3655640996104079,-0.374356674332025,1
-1.0089718968907093,-0.4590501159892007,-0.3930555721211551,0.5033501525091543,-0.26439439744239557,-0.3930459325770655,-0.38207043239947414,-0.5252864891634461,0
-0.2783135209722743,-1.4430923551514134,-0.25550390689728836,0.6863985882494941,4.752307791771931,-0.37103768776350304,0.23416599172566435,-0.17641593356950802,2
-0.2544506502191065,1.04494484711727,0.06361595642208255,1.0611551736558986,1.287318291713988,0.34423026867727585,0.06910266383500226,0.21451702943646528,0
0.25064678072295304,0.7231662860188036,0.223175888081768,0.7055096810510956,-0.26439439744239557,-0.3985479937804561,-0.23351343729787824,-0.18383871134810242,0
-0.07150197444481692,0.24697762249130667,-0.39855763873010974,-2.2190847392439896,0.4963967753964135,-0.3985479937804561,-0.39857676518854035,-0.5376577854611028,0
0.7284723593756771,-0.37981759844369256,-0.37654937229429103,0.2814823095155616,-0.8349877770715026,-0.30501295332281575,-0.33805354496196427,-0.45848148915609505,0
-0.24422370561060547,0.29678416148109943,-0.327030772813699,0.9124469827934371,2.3607117781449816,1.1915476939994294,0.30569343381161795,0.5262736961374289,2
-1.3498700505073977,-0.41604529893954517,-0.30502250637788036,0.9650024879978414,2.884226496088518,1.6812311411011933,1.411617730679054,1.253705918439681,0
1.1392546344837877,-0.8004954878650126,-0.294018373159971,-2.2414805511208664,-0.3095899126605427,-0.3985479937804561,-0.39857676518854035,-0.4906468595300054,0
-0.5044426295380114,0.8632720917812423,-0.0189150427122375,0.5624750958641088,0.8899743870877779,0.04161690249079247,-0.39307465425885163,-0.16651889653138144,0
-0.19081632821065778,0.8424045961867337,2.2644426000039504,1.0817593205826257,-0.3095899126605427,3.8985618060676077,9.505222908251186,7.045946845002858,2
0.5001160495396448,0.0448808672980444,0.5147854183563655,-0.4533989308710227,-0.3095899126605427,0.3222220238637134,-0.39857676518854035,0.1971972146197443,1
1.0705068401710884,-1.0939536269875705,-0.3380349060316084,-0.5292460804273788,-0.26439439744239557,-0.3985479937804561,-0.37656832146978536,-0.5005438965681307,0
-0.22149716203615893,0.9898662471385571,7.4363852124213405,1.0859398721329756,5.168483161072369,-0.22798409647534726,0.11311955127251219,3.2924955482936156,2
-0.39819603832747674,0.45550320043485454,-0.3820514389032457,-0.24496857500355582,-0.5581652463603518,-0.3985479937804561,-0.39857676518854035,-0.5302350076825084,0
0.1211054823486121,0.8690946602896713,0.5092833517474108,-0.6848223202654162,-0.3095899126605427,-0.024407831949894772,0.17364277149908827,0.29616758500100304,1
0.2722369971186763,0.5093809958397525,-0.0794377754107389,0.9933705163752188,-0.26439439744239557,0.05812308610096434,0.5367820928585448,0.23183684425318424,0
-1.427140298660513,0.7792308471343918,0.42675235261309075,1.0265163179529964,2.4454533691790075,-0.14545317842448818,-0.23351343729787824,0.021524807193010417,2
0.3387121370739311,-0.011619677127803773,-0.39855763873010974,0.37972527094879444,-0.6259585191875722,-0.05742019917023849,-0.39857676518854035,-0.38425371137015163,0
-0.3301755843153347,0.3975063012256274,-0.37654937229429103,0.6798291500989435,-0.26439439744239557,-0.3985479937804561,-0.37656832146978536,-0.5178637113848518,0
-0.3499021332317796,-0.20792538744874148,-0.17847497437192295,0.9076692095930368,3.426572678706284,-0.12344493361092573,-0.2720282138056994,-0.25806648913404584,2
-1.0385164035374894,0.33984898582636525,-0.3490390392495177,0.5800931345405853,1.0877047661671717,-0.31051501452620633,-0.38757254332916286,-0.4708527854537531,0
0.583022480499224,0.7171715442903926,-0.3820514389032457,-2.5627857988477922,-0.6994012314170615,-0.13444905601770696,-0.22250921543850077,-0.33229426691999003,0
1.5568548726642308,-3.0203150667582372,-0.39855763873010974,-0.6683987248890397,-0.26439439744239557,-0.3985479937804561,-0.39857676518854035,-0.5376577854611028,0
-0.6885276324910223,0.2866700119506972,-0.30502250637788036,0.6177180984937382,1.0707564479603664,-0.27200058610247213,-0.11246699684472604,-0.31002593358420677,0
-1.5339550534604094,0.5125174962995378,-0.39855763873010974,0.6398152995455899,-0.6259585191875722,-0.3985479937804561,-0.3050408793838318,-0.49559537804906784,0
0.6932462168352871,0.556561732013921,-0.39855763873010974,-0.03026739181056374,-0.3095899126605427,-0.3985479937804561,-0.39857676518854035,-0.5376577854611028,0
-1.6350881723666937,0.16992446416805268,-0.35454110585847237,0.9688844287231667,3.0687748498959526,0.12964988174504216,-0.2555218810166332,-0.21600408172201094,0
0.9801688294626669,-0.11534757530833023,-0.21148737402565096,-0.12582285581857164,-0.26439439744239557,-0.34902944294994065,-0.39857676518854035,-0.4312646373012492,0
-0.22149716203615893,0.05857110251015706,-0.34353697264056304,0.9034886580426865,-0.26439439744239557,0.2727034730331979,0.5257778709991674,0.20461999239833856,0
-0.4311495265104233,0.8114227207605677,-0.1124501750644669,1.0062107818512946,-0.6259585191875722,0.2011766773891201,5.4446650421408975,2.488361288945886,0
0.26939617917187125,0.3347130605166792,-0.39855763873010974,-2.5627857988477922,0.6960103009432299,-0.3985479937804561,-0.39857676518854035,-0.5376577854611028,0
-0.3180849722275543,-0.5305593519012983,1.1640292782130164,-0.40532258804199395,-0.3095899126605427,-0.25549440249230027,-0.06294799847752744,0.38029239982507285,1
1.0307353889158075,-0.31436321749419444,0.1901634884280399,-0.3166351730095616,-0.15328875586445057,-0.3930459325770655,-0.38757254332916286,-0.265489266912642,0
-0.7163676483697193,-0.18030367185143445,-0.39855763873010974,0.811217913109954,1.8786262824847455,-0.3325232593397688,1.8737950487729078,0.5139023998397731,0
-1.8214458296771499,0.8794390465930557,-0.16196877454505895,1.0396551942540975,-0.3095899126605427,0.0746292697111361,-0.33805354496196427,-0.19126148912669508,0
1.382996814319719,-2.469161556830667,-0.39855763873010974,-0.5465655082788302,-0.26439439744239557,-0.3985479937804561,-0.39857676518854035,-0.5376577854611028,0
-1.149308303462913,-0.9636302540365187,-0.3875535055122004,0.8715372997650085,2.37389380341694,-0.22248203527195665,1.0209678546711536,0.18482591832208833,0
0.5523416466737219,-0.027259780965261843,0.289200687389224,0.21339904140985605,-0.26439439744239557,-0.29951089211942516,-0.37106621054009664,-0.1714674150504458,0
0.9722145392116104,-0.8826872752347132,-0.3325328394226537,-0.29244769618253497,-0.26439439744239557,-0.37653974896689363,-0.17849232800099088,-0.3990992669273411,0
-0.9930633163885982,0.9597999712091223,-0.0024088428853735037,1.0277107612530962,-0.3095899126605427,-0.09043256639058211,-0.2005007717197458,-0.13187926689794086,0
0.7383131118292179,-0.16761406796628972,-0.39855763873010974,0.4857321138326778,-0.26439439744239557,-0.29951089211942516,-0.17299021707130216,-0.39167648914874603,0
-1.914056494743017,0.6083543107445375,-0.22249150724356034,-0.6418223614618128,-0.3095899126605427,0.31121790145693223,-0.23901554822756696,-0.06754852615012381,0
-0.7061407037612184,0.9800357596668152,-0.19498117419878694,0.8461553796378819,1.2440059229632636,-0.31051501452620633,-0.39307465425885163,-0.4040477854464039,0
0.033608289586994626,-0.17074959655477,-0.39855763873010974,-0.4760933535729248,-0.26439439744239557,-0.3985479937804561,-0.39857676518854035,-0.5376577854611028,0
0.08587933980822104,0.7143592020623525,0.17365728860117594,0.7087944001263704,-0.3095899126605427,-0.3985479937804561,-0.20600288264943456,-0.1937357483862283,0
-1.0572203488992582,1.120169851029679,-0.0794377754107389,0.1396421676286753,-0.3095899126605427,0.0031024740670582166,0.43224198519445894,0.16008332572677214,0
-0.42205890908064553,1.0774045334695757,1.7087338724995287,1.083849596357801,1.4078396656290468,0.4872838599654318,-0.12347121870410352,0.9320522147005911,2
0.08701566698694328,0.7030908148723685,-0.39855763873010974,0.4003294178755208,-0.26439439744239557,-0.3985479937804561,-0.343555655891653,-0.5129151928657881,0
-0.6089847299804615,0.6811878433706587,0.21767382147281325,1.033085756103547,3.838981755071876,1.1585353267790859,-0.3655640996104079,0.45452017761101715,0
-0.4027413470423657,0.28565211724148065,-0.37654937229429103,0.7159610599269713,-0.26439439744239557,-0.33802532054315937,0.058098441975624825,-0.2951803780270195,0
-1.0157898599630437,1.2714798083554062,0.058113889813127796,1.0728009958318752,-0.6259585191875722,0.8724281442027743,2.787145463101238,1.6718557333005006,0
-1.4913427842583233,-0.12763218982642882,0.8779218145473736,-2.5627857988477922,5.123287645854222,1.538177549813038,0.6908411988898295,1.3972129554925083,2
-0.2408147240744388,0.6140099661137013,-0.1509646413271496,0.3845030441491943,1.1592643319292375,-0.38204181017028427,-0.03543744382908376,-0.2555922298745147,2
-0.9089751051631474,1.1642972070738582,0.5422957514011388,1.1104259597850281,2.6846129705417017,0.8944363890163366,0.19014910428815443,0.7316372146785435,1
1.7545758017619102,-2.9099248894428635,-0.327030772813699,-0.6427181939368878,-0.26439439744239557,0.2121807997959013,-0.39857676518854035,-0.23084963727920108,0
-0.07377462880226138,0.4169389877447673,-0.39855763873010974,0.13098245370294936,-0.6259585191875722,-0.3930459325770655,-0.39857676518854035,-0.5351835262015713,0
-0.7226174478526911,0.999919868892504,-0.09044190862864825,0.34239891782066656,1.3682935898131678,-0.35453150415333123,-0.39307465425885163,-0.3768309335915561,0
1.6966231156470717,-2.5114492341890835,-0.3710473056853364,-2.249543043396542,-0.3095899126605427,-0.3490294429499406,-0.39857676518854035,-0.5030181558276627,0
-0.6158026930527958,1.147498904395188,1.1090086121234697,1.0892245912082517,1.4850486707933814,1.268576550846898,3.5079219948904625,2.6467138815559004,2
-0.3033127189041653,0.8614300594166305,-0.3930555721211551,0.20414210583408013,-0.3095899126605427,-0.3985479937804561,-0.38757254332916286,-0.5302350076825073,0
0.4307546385504375,0.08863081024773034,-0.3930555721211551,-1.751161576429777,-0.30582361972569727,-0.3600335653567218,-0.38207043239947414,-0.5104409336062564,0
-0.3084261912084158,0.4679477039038685,-0.17847497437192295,0.5908431242414862,-0.3095899126605427,-0.32151913693298756,-0.29403665752445435,-0.3570368595153054,0
1.1628902398012102,-1.1386689789899256,-0.1839770409808776,-0.6839264877903413,-0.3095899126605427,-0.2940088309160346,-0.37656832146978536,-0.3842537113701515,0
-0.7737521708951944,0.4864594387250544,-0.36554523907638176,0.670870825348193,1.0481586903512927,-0.3380253205431594,-0.3490577668213417,-0.47332704471328507,0
1.3591339435665502,-1.8721812610328457,-0.36554523907638176,-0.595239072757909,-0.26439439744239557,-0.3985479937804561,-0.39857676518854035,-0.522812229903914,0
-0.9197702133610091,0.2318669766384351,-0.3820514389032457,-0.14254506201997272,1.0669901550255207,-0.3985479937804561,-0.38207043239947414,-0.5228122299039129,0
-0.737389701176082,0.5823578219081883,-0.35454110585847237,0.7834471063826266,-0.6259585191875722,-0.3325232593397688,-0.2995387684541431,-0.4436359335989069,0
0.6777466459378844,-0.32275886364839157,0.10213042268476519,0.6860999774244692,-0.26439439744239557,-0.3985479937804561,-0.17849232800099088,-0.2135298224624801,0
-0.4379674895827567,0.7598028357307766,0.46526681887577337,1.0889259803832263,3.983984033063431,1.840790915999521,0.45975253984290254,1.2438088814015575,1
-1.2180560977756112,0.19723036304515293,-0.32152870620474433,-1.340273081195344,-0.3095899126605427,-0.3985479937804561,-0.39857676518854035,-0.5030181558276623,0
-1.865762589647319,0.12868444565334938,0.3772337531324987,0.9106553178432867,-0.26439439744239557,-0.2444902800855191,-0.38757254332916286,-0.11455945208122191,0
0.37052929807815455,0.6111185937061943,-0.32152870620474433,0.860787310064108,-0.26439439744239557,0.030612780084011252,-0.22801132636818952,-0.23332389653873153,0
0.46029914519721743,0.6374522159471303,0.14064488894744795,0.9049817121678114,0.4700327248524948,-0.08493050518719153,0.13512799499126704,0.08585554794082949,0
1.3523159804942178,-1.7336343875114295,-0.36554523907638176,-0.49490583554950124,-0.6259585191875722,-0.31051501452620633,-0.39307465425885163,-0.480749822491879,0
-0.04082114061931479,0.5685533803025629,0.2121717548638587,0.885572008541185,-0.3491359884764213,-0.06292226037362902,-0.2005007717197458,-0.023011859478556697,0
1.410836830198416,-1.5410313456552844,-0.3490390392495177,-0.5838918614069581,-0.3095899126605427,-0.3985479937804561,-0.37106621054009664,-0.5030181558276612,0
-1.7424710907559497,0.4014493212946239,-0.3820514389032457,0.672065268648293,-0.26439439744239557,-0.38754387137367485,-0.39857676518854035,-0.5252864891634457,0
-0.609552893569824,0.752242704114088,0.1681552219922212,-1.2169468104600092,0.1856776082716524,-0.38754387137367485,-0.3655640996104079,-0.2630150076531097,0
-0.6192116745889624,-0.7767629571147884,0.34972342008772533,0.8267456760112555,-0.3095899126605427,-0.37653974896689363,0.01408155453811489,-0.005692044661835098,1
0.9746691650034552,-1.7161075682594098,-0.39855763873010974,-0.5268571938271789,-0.26439439744239557,-0.3655356265601124,-0.39857676518854035,-0.5228122299039138,0
-1.7447437451133951,1.0716709671850544,0.15164902216535725,0.5998014489922368,3.2457906178336953,-0.21697997406856603,-0.39857676518854035,-0.20858130394341712,0
-0.26922290354249645,1.480756357244895,5.120015170051424,1.099377359259102,2.6130534047796363,0.8394157769824305,-0.39857676518854035,2.5007325852435445,1
0.013722563959355127,0.1356266053002095,-0.3875535055122004,-0.4333920055943463,-0.26439439744239557,-0.37653974896689363,-0.38207043239947414,-0.5153894521253196,0
-0.16013549438515565,0.5174549387736045,-0.327030772813699,0.43885021430374904,0.06327308788917088,-0.18946966805161303,-0.31054299031352056,-0.37188241507249425,0
0.2557602530272045,0.6852614258284635,0.6468350169712775,0.7703082300815254,-0.6259585191875722,-0.3490294429499406,0.6523264223820084,0.4273033257561706,0
1.5017430044961992,-1.7243313359792336,-0.39855763873010974,-0.6991556398666174,-0.26439439744239557,-0.3930459325770655,-0.2995387684541431,-0.4906468595300051,0
1.927297532927697,-2.581035855326628,-0.3820514389032457,-2.257605535672218,-0.3095899126605427,-0.3985479937804561,-0.37106621054009664,-0.517863711384851,0
0.1000834295422494,0.64615908200844,-0.25000184028833367,0.937231681270514,-0.26439439744239557,-0.3490294429499406,0.3772208758975715,-0.09971389652403242,0
-1.0873784722225481,0.6438785744739624,-0.3820514389032457,0.5902459025914358,0.7826350384446783,-0.013403709543113596,-0.3545598777510305,-0.3372427854390537,0
-1.0981735804204098,0.3747954835794662,-0.3160266395957897,0.47498212413177693,-0.6259585191875722,-0.3930459325770655,-0.39307465425885163,-0.49559537804906745,2
0.2262157463804246,0.6789591167708829,-0.39855763873010974,-1.264724542464013,-0.15517190233187342,-0.3985479937804561,-0.3545598777510305,-0.517863711384851,0
0.5296151030992763,-0.4346466854341845,-0.39855763873010974,-0.593148796982734,-0.26439439744239557,-0.3985479937804561,-0.38207043239947414,-0.5302350076825091,0
0.4949571241482469,0.047599527580625405,-0.36554523907638176,0.775384614106951,-0.6259585191875722,-0.051918137966847855,0.6853390879601409,0.12049517757426866,0
-1.5589542513922994,0.899693673693595,-0.26650804011519763,0.9488775034464899,1.709143100416694,-0.16746142323805058,0.09661321848344594,-0.15167334097419288,0
0.20633002075278414,0.6900826582880789,-0.19498117419878697,0.8458567688128564,-0.26439439744239557,0.047118963694183065,0.5697947584366774,0.18977443684114934,0
0.2733733242973996,0.7206241332258709,0.5532998846190482,1.0032246736010442,-0.3095899126605427,0.06362514730435492,-0.2830324356650769,0.1501862886886462,0
-0.0470709401022885,0.2770967755894238,-0.39855763873010974,0.5263431860360813,0.6884777150735386,-0.3985479937804561,-0.18949654986036837,-0.44363593359890696,0
0.5460918471907501,0.6882155461165423,0.37173168652354405,0.7873290471079518,-0.7088169637541754,-0.3985479937804561,-0.2830324356650769,-0.1393020446765352,1
-2.5776715671168358,0.14668394902399787,-0.3490390392495177,0.8575025909888323,-0.26439439744239557,-0.035411954356676,-0.28853454659476563,-0.30260315580561375,0
1.3253850490850432,-1.7204879810823623,-0.39855763873010974,-0.9198290395601103,-0.3095899126605427,-0.16746142323805058,-0.39857676518854035,-0.43373889656078096,0
1.078302112796754,-0.9100603944428026,-0.1839770409808776,-0.09715621661616931,-0.26439439744239557,-0.2940088309160346,-0.37656832146978536,-0.3842537113701515,0
-1.1351042137288847,0.5352600863071624,-0.36004317246742706,0.82644706518623,0.044441623214942994,-0.29951089211942516,-0.3545598777510305,-0.4560072298965642,0
-0.16013549438515565,0.5556730777642958,-0.3820514389032457,-0.67078761148924,-0.26439439744239557,-0.3985479937804561,-0.38757254332916286,-0.5252864891634461,0
0.6841555994055082,0.26996053646698276,-0.10144604184655755,0.7013291295007452,-0.26439439744239557,-0.22798409647534726,0.0856089966240685,-0.10961093356215898,0
0.0122000105358574,0.6781130452237382,-0.3325328394226537,0.9261830807445878,-0.26439439744239557,-0.035411954356676,0.6853390879601406,0.14276351091005177,0
-0.8970436697865636,0.8321080066062998,-0.36004317246742706,0.663405554722567,-0.26439439744239557,-0.2830047085092533,-0.3655640996104079,-0.45353297063703346,0
-2.1600713289363926,1.3319024062237828,0.20116762164594928,0.938426124570614,-0.6259585191875722,0.17916843257555765,-0.39857676518854035,-0.008166303921368011,0
-1.0952873093864552,1.0994702174156163,3.19429185691729,0.4068988560260714,-0.3095899126605427,-0.06842432157701966,-0.1509817733525472,1.3378307332637522,0
-0.31410782710202695,1.0153941926728831,1.1200127453413793,1.0728009958318752,1.095237352036863,-0.10143668879736328,2.6275842461402648,1.6396903629265913,0
0.400641968314297,0.7656395585544817,-0.12345430828237625,0.8667595265646082,-0.26439439744239557,-0.22798409647534726,-0.2500197700869444,-0.2704377854317039,0
0.5335922482248046,-0.0688651908488262,-0.37654937229429103,0.5018570983840289,-0.26439439744239557,-0.15095523962787877,-0.3655640996104079,-0.40157352618687153,0
-0.053320739585260284,0.7399568597872752,-0.37654937229429103,0.9070719879429864,0.7656867202378738,-0.07942844398380089,0.2781828791631743,-0.07991982244778065,0
-1.2032838444522223,0.5755552017931481,1.2850747436100194,-0.1595658790463992,-0.3095899126605427,0.23418904460946371,0.5092715382101012,0.9122581406243393,0
0.7392674675735398,0.3524682096472688,-0.3820514389032457,0.8318220600366807,-0.3095899126605427,-0.10143668879736334,1.224545959069637,0.33328147389397617,0
-0.0033223437214792827,0.857886469242328,0.019599423550445194,1.0074052251513945,-0.3095899126605427,0.7238724917112277,-0.12347121870410352,0.27884777018428303,0
-0.3851282757721706,0.7433556779851918,0.9604528136816937,0.8840789544160597,-0.3095899126605427,-0.3930459325770655,-0.38207043239947414,0.0833812886812964,0
-0.16468080310004457,0.7113307082862309,0.223175888081768,0.4021210828256711,-0.26439439744239557,-0.38204181017028427,-0.39857676518854035,-0.250643711355453,1
0.7699483013990419,-0.22124260371434742,-0.39855763873010974,-0.31096156733408603,-0.26439439744239557,-0.3985479937804561,-0.39857676518854035,-0.5376577854611028,0
0.608021678431115,-0.20350453833102772,-0.15646670793610426,-0.404426755566919,-0.26439439744239557,-0.35453150415333123,-0.3600619886807192,-0.39167648914874664,0
0.031335635229551136,0.5296145089210208,-0.36004317246742706,0.6538500083217665,0.2515877346314505,-0.2940088309160346,-0.27202821380569936,-0.4164190817440608,0
-1.934510383960018,0.6469215634112216,0.5147854183563655,1.0366690860038468,-0.6259585191875722,0.2837075954399792,-0.3270493231025868,0.212042770176933,0
-0.36069724142964027,0.7651037995274947,-0.3325328394226537,0.9115511503183621,-0.3095899126605427,-0.002399587136332371,0.5092715382101012,0.07843277016223418,0
-2.2174558514618687,-0.30264033077286184,-0.39855763873010974,0.4039127477758207,-0.6259585191875722,-0.3930459325770655,-0.07945433126659364,-0.3916764891487457,0
0.37280195243559994,0.17456362966566927,0.6468350169712775,0.6174194876687136,-1.0101203985418228,-0.11244081120414451,-0.09045855312597112,0.1996714738792758,0
0.16599040590814162,0.8271336560527317,1.7967669382428033,1.0530926813802233,-0.6259585191875722,0.42676118672813496,0.39372720868663774,1.1770038813942063,2
1.3704972153537736,-1.4478747818491686,-0.39855763873010974,-0.6893014826407915,-0.26439439744239557,-0.33802532054315937,-0.37656832146978536,-0.5005438965681307,0
-0.5811447141017664,0.9664299621076905,6.809149619000508,0.774190170806851,-0.26439439744239557,-0.20597585166178484,-0.3050408793838318,2.832283326020761,2
0.6097261691991989,0.16733084365013037,-0.10144604184655755,-0.18823251824880155,-0.3095899126605427,-0.22798409647534726,-0.21150499357912328,-0.2432209335768563,0
-1.9106475132068492,0.7147125901296834,1.0319796795981044,1.0904190345083515,3.82203343686507,-0.24999234128890968,-0.27753032473538813,0.22688832573412246,2
0.4057554406185465,0.22764143219899133,-0.32152870620474433,0.8336137249868311,-0.6259585191875722,-0.007901648339723007,0.3772208758975715,0.021524807193009712,0
-0.17586212617941094,1.2585908510958852,1.4171243422249313,0.8834817327660097,-0.26439439744239557,0.6743539408807123,0.01958366546780361,0.9493720295173114,1
-0.7589799175718054,-0.09697443578381008,-0.3930555721211551,0.3146281110933392,1.7581049085696863,-0.37103768776350304,-0.39857676518854035,-0.5228122299039122,0
-1.5123648370646852,0.2702475563179745,-0.3710473056853364,0.5603848200889335,-0.26439439744239557,-0.12344493361092573,-0.13997755149316973,-0.28528334098889346,0
-0.9936314799779589,-0.48249008123415804,-0.3930555721211551,0.3731558327982438,-0.3095899126605427,-0.3985479937804561,-0.3655640996104079,-0.5203379706443818,0
0.6688151824927567,-0.6955146679361328,-0.0244171093211922,0.45796130710535043,-0.6259585191875722,0.08563339211791728,0.16263854963971072,0.10070110349801739,0
0.5779090081949735,0.011370675578484302,-0.20048324080774163,0.6517597325465911,-0.26439439744239557,-0.3270211981363782,-0.07945433126659364,-0.2729120446912351,0
-1.3652104674201482,1.1034564097583122,-0.2720101067241523,1.0121829983517947,-0.26439439744239557,0.09113545332130796,-0.3325514340322755,-0.23084963727920038,0
0.7534715573075681,-0.9095093710484787,-0.2995204397689257,0.3068642296426882,-0.23049776102878522,-0.3985479937804561,0.553288425647611,-0.06507426689059213,1
0.6648380373672304,0.5255309221765976,0.6468350169712775,0.5382876190370818,-0.38114947842260893,-0.24999234128890968,-0.37656832146978536,0.009153510895353325,0
1.8642313745086108,-2.5416353634988575,-0.3875535055122004,-0.6364473666113621,-0.26439439744239557,-0.3985479937804561,-0.39857676518854035,-0.5327092669420406,0
0.7261997050182336,-0.12006647570726087,-0.21698944063460562,-0.455489206646198,-0.3095899126605427,-0.3930459325770655,-0.38757254332916286,-0.44858445211796866,0
-0.15956733079579502,0.2420010103793941,0.6248267505354589,1.0283079829031463,-0.26439439744239557,4.817406027033839,0.5422842037882337,2.691250548227468,0
-2.1220043684491965,0.4401396147110535,-0.32152870620474433,0.8240581785860301,-0.26439439744239557,-0.06842432157701966,-0.03543744382908376,-0.19126148912669755,0
-0.7731840073058338,0.5285076718662216,-0.035421242539101554,-1.1387107743034526,-0.3095899126605427,-0.3985479937804561,-0.39857676518854035,-0.37435667433202574,0
1.525605875249368,-2.081275761384437,-0.36554523907638176,-0.7343917172195703,-0.3095899126605427,-0.38754387137367485,-0.38207043239947414,-0.510440933606255,0
0.1381503900294465,0.11016476543878666,-0.3710473056853364,-0.5056558252504021,-0.26439439744239557,-0.3215191369329876,-0.39857676518854035,-0.4906468595300056,0
-2.2237056509448414,0.31273211361526176,-0.39855763873010974,0.7622457378058498,-0.3095899126605427,-0.3985479937804561,-0.17299021707130216,-0.4362131558203107,0
0.42393667547810315,0.31221951368271195,0.6468350169712775,0.7852387713327769,-0.3095899126605427,-0.2609964636956909,0.04709422011624729,0.19472295536021375,0
-1.1015825619565764,-0.2978509397650852,-0.39855763873010974,0.5358987324368819,0.7393226696939544,-0.3985479937804561,-0.39857676518854035,-0.5376577854611028,0
0.5614322641035007,0.1108251174459927,-0.39855763873010974,-2.2178902959438895,-0.3095899126605427,-0.3985479937804561,-0.3545598777510305,-0.5178637113848512,0
-0.08854688212565133,-1.8116836540449546,-0.2995204397689257,0.6183153201437885,4.752307791771931,-0.37653974896689363,0.36621665403819403,-0.1393020446765352,2
-0.6021667669081281,-0.7835885060230074,-0.28851630655101634,0.5314195700615066,-0.26439439744239557,-0.30501295332281575,-0.321547212172898,-0.4114705632249985,2
-0.6356884186804362,0.25641989113355995,-0.26650804011519763,-0.014441018084237619,1.1912778218754256,-0.27200058610247213,-0.321547212172898,-0.38672797062968195,0
-2.1276860043428076,-2.9932775287242586,-0.3930555721211551,0.7873290471079518,-0.26439439744239557,-0.37103768776350304,-0.29403665752445435,-0.4758013039728167,0
0.7631303383267085,-0.467083945050051,-0.3325328394226537,0.38778776322446995,-0.8519360952783077,0.22868698340607313,0.971448856303955,0.3901894368631989,0
0.1955349125549215,0.4886395993956852,0.4157482193951814,0.4719960158815266,-0.26439439744239557,-0.3985479937804561,-0.39857676518854035,-0.17146741505044505,0
1.1631175052369545,-1.2032584313253287,-0.36554523907638176,-0.9487942895875374,-0.3095899126605427,-0.3985479937804561,-0.39307465425885163,-0.5203379706443809,0
0.08872015775502613,0.6968065430092624,-0.36554523907638176,0.7909123770082521,0.5076956542009505,-0.38204181017028427,0.06360055290531354,-0.3075516743246751,0
0.9034667448989121,-0.39315584582012014,-0.35454110585847237,0.23639207493678235,-0.6259585191875722,-0.36553562656011246,-0.3655640996104079,-0.48817260027047377,0
-0.424331563438089,0.3845876443159634,-0.327030772813699,-0.8624957611553057,-0.3095899126605427,-0.31051501452620633,-0.17299021707130213,-0.36445963729389985,0
0.5182518313120531,0.053930361751939576,-0.36004317246742706,-1.9763141384986453,0.2610034669685642,-0.2940088309160346,-0.09045855312597112,-0.33476852617952196,0
1.8733219919383886,-2.7804037432855857,-0.36004317246742706,-2.2214736258441894,-0.3095899126605427,-0.3985479937804561,-0.3270493231025868,-0.4881726002704734,0
0.44893587340999414,0.5086668915190867,-0.24449977367937895,-1.6747172052233708,-0.3095899126605427,-0.28850676971264394,-0.2610239919463219,-0.3570368595153054,0
-0.40671849216789396,1.3232906407636769,0.14614695555640259,1.0536899030302733,0.6056192705069356,1.1200208983553517,-0.10146277498534856,0.5237994368778974,0
2.229560562467827,-3.3404609807892336,-0.3930555721211551,-0.5665724335555067,-0.4583584835869436,-0.3930459325770655,-0.39857676518854035,-0.5327092669420409,0
0.6119988235566423,0.015402439933982564,-0.3710473056853364,-0.23123247705240504,-0.21166629635455733,0.019608657677230027,-0.38207043239947414,-0.32982000766045927,0
0.4347317836759658,-0.7424739372091999,-0.39855763873010974,-0.07356596143919222,-0.26439439744239557,-0.3985479937804561,-0.39857676518854035,-0.5376577854611028,0
0.150649988995392,-0.5259874666129992,-0.2224915072435603,-0.43100311899414595,2.897408521360478,0.9879714294739769,-0.1289733296337923,0.28627054796287704,0
-0.9504510471865122,0.6555755200616714,-0.3490390392495177,0.8431692713876311,-0.26439439744239557,-0.29951089211942516,2.6716011335777745,0.9097838813648071,0
-0.37092418603814226,0.9557965707564781,7.381364546331794,0.1435241083540006,-0.3095899126605427,5.983843002152648,0.9494404125852002,6.437279067158116,2
0.8994895997733838,-0.2311566122400753,-0.19498117419878694,-1.6971130171002475,-0.3095899126605427,-0.28850676971264394,-0.31054299031352056,-0.3570368595153057,0
0.8668995999283667,-0.3591317368448185,0.29470275399817863,0.4821487839323771,-0.6259585191875722,-0.23348615767873787,-0.2720282138056994,-0.09476537800496951,0
1.1222097268029534,-0.6372409466155913,-0.3710473056853364,0.11724635575179818,-0.7257652819609804,0.7898972261519149,-0.33805354496196427,0.036370362750197435,1
-0.7834109519143339,1.6229126318279083,2.2094219339144034,1.1047523541095527,-0.6259585191875722,2.864174299830174,-0.29403665752445435,2.149387770390075,0
-1.7606523256155073,-0.01869118317283176,-0.39855763873010974,-1.3770022126734218,-0.3095899126605427,-0.3985479937804561,-0.39307465425885163,-0.535183526201572,0
-2.3072256985809307,-2.646882006351002,-0.39855763873010974,0.8506345420132567,-0.6259585191875722,-0.35453150415333123,0.10211532941313466,-0.29270611876748714,0
1.722758640757684,-2.66159498641681,-0.39855763873010974,-2.259397200622368,-0.3095899126605427,-0.3985479937804561,-0.29403665752445435,-0.4906468595300054,0
-0.8163644400972804,0.6136211715310693,-0.2389977070704243,0.6586277815221667,-0.6259585191875722,-0.38754387137367485,-0.39857676518854035,-0.4609557484156268,0
-0.4180817639551172,0.12196507944283592,-0.39855763873010974,-2.2620846980475933,-0.3095899126605427,-0.3985479937804561,-0.39857676518854035,-0.5376577854611028,0
1.0807337847795886,-1.1322808642898856,-0.32152870620474433,-0.4734058561476995,-0.8858327316919181,-0.3600335653567218,-0.3655640996104079,-0.47085278545375214,0
1.318226165132549,-1.0914233024672129,-0.39855763873010974,-2.5627857988477922,-0.8688844134851129,-0.3985479937804561,-0.39857676518854035,-0.5376577854611028,0
2.085815174359458,-3.5524790220279545,-0.35454110585847237,-2.248049989271417,-0.3095899126605427,-0.31051501452620633,-0.3050408793838318,-0.436213155820313,0
1.1551632149859,-1.1141844916043784,-0.3930555721211551,-0.6675028924139648,-0.3095899126605427,-0.3655356265601124,-0.39857676518854035,-0.5203379706443815,0
1.1705036318986506,-1.3698502680947806,-0.39855763873010974,-2.3436054532794244,-0.3095899126605427,-0.3985479937804561,-0.39857676518854035,-0.5376577854611028,0
0.39723298677812935,0.41042532201127874,0.33321722026086137,-2.5627857988477922,-0.16082134173414192,0.12964988174504216,0.28918710102255174,0.33822999241303864,0
1.2427058608346648,-0.5824990240449736,-0.13996050810924024,-1.217544032110059,-0.3095899126605427,-0.11244081120414451,0.09661321848344594,-0.07002278540965479,0
-0.005026834489563111,1.1961457567976501,1.2960788768279285,1.0793704339824257,-0.26439439744239557,3.166787666016657,3.5464367713982834,3.601777955735048,1
0.9943729191966952,-0.5318104819058679,-0.39855763873010974,-1.9004669889422892,-0.3095899126605427,-0.38754387137367485,-0.28853454659476563,-0.4832240817514104,0
-0.035139504725703645,0.045702043279271395,0.05811388981312789,0.9058775446428864,-0.26439439744239557,-0.029909893153285457,0.15713643871002203,0.08338128868129561,0
-1.0481751845566278,0.8933244851508823,-0.3875535055122004,0.6290653098446894,-0.6259585191875722,-0.32151913693298756,-0.39857676518854035,-0.49806963730859927,0
1.3920874317494978,-2.2487344935407223,-0.3930555721211551,-0.5140169283511027,-0.26439439744239557,-0.28850676971264394,-0.09596066405565984,-0.3496140817367116,0
0.812333293802111,-0.26682570782421294,0.0691180230310372,0.03990615207031673,-0.3095899126605427,-0.20597585166178484,-0.2720282138056994,-0.18383871134810242,0
0.3870060421696283,0.37855380664610544,0.003093223723581147,0.7183499465271713,-0.3095899126605427,-0.2444902800855191,0.019583665467803657,-0.09971389652403129,1
-0.7358898288430696,1.1224386684723324,2.2479364001770863,0.82644706518623,-0.6259585191875722,1.565687855829991,0.6798369770304521,2.020726288894439,0
-0.8226142395802541,0.7941487815011539,-0.3875535055122004,-1.5454187179875356,-0.3095899126605427,-0.33802532054315937,-0.39307465425885163,-0.5030181558276621,0
-0.9907906620311527,0.6128988408494888,0.041607689986263845,-0.33096849261076283,1.4417363020426568,0.5092921047789941,0.06910266383500226,0.2788477701842827,0
1.2443648985156002,-1.0284593532542787,-0.39855763873010974,0.48394044888252746,-0.3095899126605427,-0.3325232593397688,-0.18949654986036837,-0.41394482248452924,0
0.93301125154569,-0.9274854297511301,-0.36004317246742706,-0.3781490029647166,-0.26439439744239557,-0.3270211981363782,-0.27753032473538813,-0.4337388965607814,0
1.491516059887699,-2.1847810273394987,-0.34353697264056304,-0.431301729819171,-0.26439439744239557,-0.28850676971264394,-0.39307465425885163,-0.4609557484156272,0
1.2631142969645175,-1.3514782662584703,-0.261005973506243,-0.27482965750605853,-0.6259585191875722,-0.051918137966847855,-0.22250921543850077,-0.24074667431732566,0
0.48677545482872847,0.49415607910901627,0.322213087042952,0.5618778742140589,-0.3095899126605427,0.6743539408807123,0.23416599172566435,0.553490547992276,0
-1.094764598884242,1.0060191535736709,-0.3325328394226537,0.9620163797475911,-0.26439439744239557,-0.17296348444144116,-0.321547212172898,-0.37188241507249425,0
1.1222097268029534,-1.1729261896858496,-0.36004317246742706,-0.7233431166936445,-0.3095899126605427,-0.3985479937804561,-0.39857676518854035,-0.5203379706443811,0
0.41030074933343547,0.2662029457583416,0.6138226173175494,0.9002039389674108,-0.6259585191875722,0.06362514730435492,-0.06845010940721616,0.27389925166521933,0
-0.5078516110741782,0.14604619417616252,0.1791593552101306,1.0524954597301734,-0.26439439744239557,-0.15095523962787877,0.51477364913979,0.24420814055084142,1
-0.05161624881717742,0.5097814943322809,-0.2720101067241523,-1.1243774547022516,0.5359428512122925,-0.27200058610247213,-0.05194377661814996,-0.26796352617217245,0
1.6562835008024321,-2.6268951136741627,-0.327030772813699,-0.6907945367659168,-0.6259585191875722,-0.37653974896689363,-0.39857676518854035,-0.49559537804906784,0
-0.73170806528247,0.6071908241864578,0.27819655417131467,1.094300975233677,-0.3095899126605427,0.22318492220268255,3.1943016718982045,1.6619586962623754,0
-1.474297876577489,-1.0507651492912162,-0.3710473056853364,-0.6558570702379889,2.7900691727173785,-0.27200058610247213,0.0856089966240685,-0.2506437113554521,0
0.6771102913545274,0.22847724152210852,0.20116762164594928,0.5663570365894341,-0.3095899126605427,0.7568848589315714,0.36621665403819403,0.5955529554043111,0
-0.32113045406251967,1.5015945216712683,0.6193246839265042,0.8601900884140576,-0.6259585191875722,1.1310250207621328,0.49826731635072374,1.0112285110055983,1
0.44779954623127194,-0.03498059376919373,-0.31052457298683506,0.2569962218635091,-0.26439439744239557,-0.3600335653567218,-0.321547212172898,-0.446110192858439,0
0.5364330661716097,-0.03306601190249597,-0.09044190862864825,0.6057736654927377,-0.9630417368562527,-0.29951089211942516,-0.06845010940721616,-0.2061070446838855,0
0.22337492843361856,0.2830852761537611,0.38823788635040807,0.7622457378058498,-0.6259585191875722,0.2121807997959013,0.030587887327181137,0.283796288703345,0
-2.6458511978401735,0.7551623897581693,-0.23349564046146964,0.8446623255127564,-0.3095899126605427,-0.3985479937804561,-0.39857676518854035,-0.46343000767515796,0
1.037553351988142,-0.8461963081595517,-0.26650804011519763,0.24236429143728339,-0.6259585191875722,-0.16195936203466,-0.3655640996104079,-0.3570368595153049,0
-0.7385260283548033,0.4145278809732819,-0.3490390392495177,0.8491414878881322,-0.26439439744239557,-0.11244081120414451,-0.24451765915725573,-0.31744871136280256,0
0.21939778330809026,0.623457757380104,0.030603556768354495,0.937231681270514,-0.26439439744239557,-0.22798409647534726,-0.14547966242285842,-0.15414760023372442,0
0.48813916107591254,-0.24227041662011214,-0.3380349060316084,0.7798637764823266,-0.26439439744239557,0.3112179014569321,4.399263965500038,1.966292585184746,0
0.5682502271758351,0.09332144347033644,-0.1509646413271496,0.8754192404903337,-0.8180394588646975,0.33872820747388527,-0.14547966242285848,0.01905054793347891,0
2.072179248214791,-3.6275508433620587,-0.39855763873010974,-0.5731418717060572,-0.3095899126605427,-0.3490294429499406,-0.37656832146978536,-0.5054924150871921,0
-0.22661063434041043,0.6655336266721508,-0.39855763873010974,0.08260750004889524,-0.3095899126605427,-0.3930459325770655,-0.3545598777510305,-0.5153894521253178,0
-0.1788848928340729,0.3854277050002912,-0.35454110585847237,-0.39427398751606807,-0.3095899126605427,-0.38754387137367485,-0.3545598777510305,-0.49312111878953463,0
0.9273296156520788,-0.8026510293312337,-0.3930555721211551,-1.8580642517887356,-0.3095899126605427,-0.3985479937804561,-0.38757254332916286,-0.5302350076825089,0
1.0778929668327826,-0.9329802196920451,-0.3710473056853364,0.39495442302507094,-0.7935585547882011,-0.09043256639058211,-0.2830324356650769,-0.3347685261795222,0
0.755176048075652,-0.26835430938964405,-0.39855763873010974,-0.8084472018257763,0.688477715073539,-0.3985479937804561,-0.39857676518854035,-0.5376577854611028,0
1.2102750831539315,-1.325620225325981,-0.1894791075898323,-0.3915864900908428,-0.6259585191875722,-0.07942844398380085,-0.37656832146978536,-0.290231859507955,0
0.8085834254755996,-0.2942166661676975,-0.39855763873010974,0.9013983822675108,-0.26439439744239557,-0.24999234128890968,-0.26652610287601064,-0.4114705632249974,0
-2.0941643525705005,-0.3059696118091369,-0.3930555721211551,0.5947250649668114,-0.6259585191875722,-0.07942844398380089,0.27268076823348547,-0.08981685948590623,0
0.03872176189124611,0.46893059282197064,-0.39855763873010974,0.43466966275339874,-0.26439439744239557,-0.3985479937804561,-0.39857676518854035,-0.5376577854611028,0
-0.8123872949717521,-0.4857899113456457,-0.39855763873010974,-1.688751913999547,-0.3095899126605427,-0.3985479937804561,-0.3270493231025868,-0.5054924150871936,0
-0.44612639826888467,1.504502738312735,2.550550063669593,0.860190088414058,-0.6259585191875722,0.23418904460946371,1.1475164060539944,1.7683518444222281,1
-0.16695345745749,0.5629215104472577,-0.36554523907638176,-1.8165573471102572,0.383407987351046,-0.3270211981363782,-0.27202821380569936,-0.4337388965607808,0
1.3892466138026927,-1.8136594684099534,-0.39855763873010974,-0.7857527791238746,-0.26439439744239557,-0.37653974896689363,-0.38757254332916286,-0.5228122299039146,0
0.46768527185891146,0.10339918237195178,-0.3380349060316084,0.40421135860084606,-0.26439439744239557,-0.37653974896689363,-0.3655640996104079,-0.4856983410109418,0
-0.7339807196399144,1.180307616909009,-0.34353697264056304,0.7792665548322762,1.0688733014929437,-0.3985479937804561,-0.29403665752445435,-0.4659042669346888,0
1.396064576875025,-2.164951319876816,-0.3930555721211551,-0.22197554147662912,-0.665504595003451,-0.38754387137367485,-0.3655640996104079,-0.5153894521253181,0
1.247773880051766,-1.7367191991570203,-0.227993573852515,-0.6403293073366875,-0.3095899126605427,-0.38204181017028427,-0.38757254332916286,-0.4485844521179682,0
0.7244952142501507,-0.2500186675158427,-0.0629315755838749,-2.5627857988477922,0.023727012073292017,-0.3985479937804561,-0.39857676518854035,-0.3867279706296829,0
-1.2669181664606701,0.04279344894374204,-0.277512173333107,0.9435025085960393,-0.26439439744239557,0.42676118672813496,0.7788749737648492,0.4174062887180451,0
0.8057426075287946,-0.2753000617361174,-0.36554523907638176,0.5750167505151597,-0.26439439744239557,-0.37653974896689363,1.747246497390067,0.45204591835148494,0
0.9250569612946354,-0.30100418312628047,-0.39855763873010974,0.2190726470853317,-0.6259585191875722,-0.30501295332281575,-0.39857676518854035,-0.49559537804906784,0
0.22223860125489633,-0.004383431987379043,-0.3930555721211551,-0.15837143574629925,0.10093601723762666,-0.3985479937804561,-0.39857676518854035,-0.5351835262015721,0
-2.085641898730083,0.03997527548786835,-0.327030772813699,-0.6893014826407915,-0.3095899126605427,-0.3490294429499406,-0.2720282138056994,-0.42631611878218706,0
-0.01748098036835917,0.8130468144393391,-0.1509646413271496,0.03273949226971654,-0.3095899126605427,-0.27200058610247213,-0.024433221969706275,-0.2011585261648234,0
1.2750457323411015,-1.192039812237053,-0.37654937229429103,-2.5627857988477922,-0.8820664387570726,-0.33802532054315937,-0.31054299031352056,-0.460955748415627,0
-1.3191892166818955,-2.8986691780340834,-0.35454110585847237,0.9324539080701139,-0.26439439744239557,-0.15645730083126935,-0.15648388428223592,-0.3001288965460818,0
0.943238196154192,-0.7442521577014303,-0.39855763873010974,0.3680794487728182,-0.8764169993548041,-0.29951089211942516,-0.2555218810166332,-0.42879037804171793,0
-0.3288800804254169,0.7600180108015294,-0.3875535055122004,0.4358641060534987,0.6941271544758074,-0.3930459325770655,-0.321547212172898,-0.49559537804906784,0
0.22735207355914683,-0.2982190579008341,-0.39855763873010974,-2.2668624712479932,-0.3095899126605427,-0.3985479937804561,-0.37106621054009664,-0.5252864891634457,0
0.703473161443788,-0.02402586307362339,-0.2995204397689257,0.45975297205550075,-0.26439439744239557,0.09663751452469854,-0.39857676518854035,-0.2704377854317039,0
1.6085577592960947,-2.1689747335087226,-0.3710473056853364,-0.5247669180520035,-0.8858327316919181,-0.3985479937804561,-0.3655640996104079,-0.5104409336062558,0
0.7341539952692893,0.2164004877068295,-0.3930555721211551,0.5060376499343792,-0.26439439744239557,-0.1839676068482224,0.23416599172566435,-0.15414760023372442,0
0.5415465384758612,0.04186945266316597,0.2341800212996773,-0.33634348746121306,-0.10809324064630345,0.17916843257555765,-0.14547966242285848,0.12049517757426856,0
0.6029082061268645,0.2286438967239646,-0.051927442365965554,0.8249540110611047,-0.6259585191875722,-0.3490294429499406,-0.3325514340322755,-0.3298200076604592,0
1.0216447714860297,-0.8811027012516995,-0.3875535055122004,0.4098849642763217,-0.73894730723294,-0.02440783194989482,0.12412377313188962,-0.12940500763840945,0
0.08985648493374934,0.724237813284828,-0.12345430828237625,0.8354053899369805,-0.3095899126605427,0.9329508174400708,0.4102335414757039,0.5485420294732138,0
0.5584323262618588,-0.2739348773368661,-0.3930555721211551,0.5735236963900348,-0.26439439744239557,0.30021377905015095,-0.39857676518854035,-0.22095260024107452,0
1.1142554365518968,-1.292345926578283,-0.3930555721211551,-2.198480592317263,-0.3095899126605427,-0.3600335653567218,-0.2555218810166332,-0.45353297063703274,0
1.5517414003599803,-1.7682466168075839,-0.39855763873010974,-0.5540307789044558,-0.3792663319551861,-0.3930459325770655,-0.37106621054009664,-0.5228122299039143,0
1.3028857482197975,-1.54020271712537,-0.36554523907638176,-0.6101696140091601,-0.26439439744239557,-0.3985479937804561,-0.39857676518854035,-0.5228122299039146,0
-1.2970308366968106,0.42551573820170685,-0.3930555721211551,0.04139920619544209,-0.6259585191875722,-0.3985479937804561,-0.39857676518854035,-0.5351835262015713,0
1.2517510251772943,-2.2000360951108453,-0.32152870620474433,-0.4659405855220735,-0.26439439744239557,-0.3985479937804561,-0.39857676518854035,-0.5030181558276628,0
0.8102879162436835,-0.4814245694369743,-0.39855763873010974,-0.6319682042359869,-0.26439439744239557,-0.3985479937804561,-0.39857676518854035,-0.5376577854611028,0
-1.4617982776115435,0.5333965161689627,-0.23349564046146964,0.9524608333467902,-0.3095899126605427,-0.2444902800855191,0.4047314305460152,-0.032908896516682724,0
0.4915481426120802,0.4057861380895616,-0.261005973506243,0.7822526630825266,-1.0666147925645064,0.01410659647383944,-0.14547966242285848,-0.17641593356950785,0
-0.5498957166869036,1.3952167818298764,13.02098282051033,1.121474560310954,-0.3095899126605427,1.7747661815588336,2.3029597012886294,7.689254252481039,1
1.1318685078220918,-1.2359163609999453,-0.26650804011519763,-0.1861422424736262,-0.3095899126605427,-0.3325232593397688,0.025085776397492373,-0.25806648913404495,0
-0.15672651284898897,1.0379693352423254,1.0264776129891497,1.0327871452785216,-0.6259585191875722,-0.38204181017028427,-0.07945433126659364,0.2541051775889673,0
0.7744936101139308,-0.17706085972523664,-0.39855763873010974,-1.5036132024840323,-0.6975180849496386,-0.3490294429499406,-0.27202821380569936,-0.45848148915609566,0
0.8051744439394319,-1.268237940294251,-0.39855763873010974,-0.6003154567833342,-0.6259585191875722,-0.3985479937804561,-0.3655640996104079,-0.5228122299039136,0
1.2159567190475427,-1.1200021823321766,-0.39855763873010974,-0.7639541888970477,-0.3095899126605427,-0.3985479937804561,-0.39857676518854035,-0.5376577854611028,0
0.4163231924744889,0.18234044712935968,0.5147854183563655,0.3241836574941397,-0.3095899126605427,0.3222220238637134,-0.39857676518854035,0.1971972146197443,1
0.9068757264350777,-0.33561031865116703,-0.39855763873010974,-2.5627857988477922,-0.35666857434611254,-0.27200058610247213,-0.26652610287601064,-0.421367600263123,0
-0.5317144818273459,0.39103662763831537,-0.39855763873010974,0.004072853067314216,-0.10997638711372654,-0.3930459325770655,-0.39857676518854035,-0.5351835262015716,0
-1.6833820774623909,0.9409593938286147,0.6413329503623227,0.9605233256224658,-0.26439439744239557,-0.16195936203466,-0.39857676518854035,0.03637036275019849,0
0.9313067607776072,-0.6238996132023154,-0.2224915072435603,-0.1965936213495021,-0.3095899126605427,0.01410659647383944,-0.38207043239947414,-0.2654892669126399,0
-0.15956733079579502,0.7410419195551824,0.2726944875623599,1.072203774181825,-0.26439439744239557,0.525798288389166,-0.29403665752445435,0.22688832573412177,0
0.9180798556009206,-1.5271874995045311,-0.35454110585847237,-0.25034356985400646,-0.26439439744239557,-0.35453150415333123,-0.39857676518854035,-0.49806963730859916,0
-0.0385484862618713,0.08425584635252827,-0.2224915072435603,-0.4507114334457978,0.4041225984926967,-0.3985479937804561,-0.3655640996104079,-0.4436359335989062,0
0.00917725524446621,-0.06392313313756479,-0.23349564046146964,0.9930719055501934,-0.26439439744239557,-0.013403709543113596,-0.06294799847752738,-0.13930204467653573,0
0.5199563220801379,0.31891795472098344,0.047109756595218495,0.2447531780374837,-0.26439439744239557,0.5423044719993376,-0.17299021707130216,0.18730017758161766,0
-0.6595512894336041,0.7880021883357053,0.28369862078026936,0.9443983410711143,-0.26439439744239557,-0.14545317842448818,1.741744386460378,0.8454531406169892,0
-0.12206853389795855,0.23450677716447774,0.15164902216535725,1.0474190757047481,-0.3095899126605427,0.6743539408807123,0.8614066377101802,0.7588540665333895,0
1.6318524664599017,-2.50990672242771,-0.3820514389032457,-0.6949750883162672,-0.26439439744239557,-0.3270211981363782,0.2121575480069094,-0.2234268595006067,0
0.33189417400159676,0.6279291714418793,0.8229011484578269,0.9641066555227661,-0.26439439744239557,0.4872838599654318,0.11311955127251219,0.6400896220758768,2
-0.5356916269528743,1.021721134752949,0.38823788635040807,1.0895232020332764,2.9162399860347055,0.37724263589761947,2.1599048171167223,1.3155623999279693,1
-1.50952401911788,-0.16204447617699125,-0.3710473056853364,0.5152945855101551,-0.26439439744239557,-0.1784655456448318,-0.18949654986036837,-0.3322942669199907,0
1.4057233578941646,-1.5333833587149466,-0.294018373159971,-0.3933781550409931,-0.7973248477230467,-0.37653974896689363,-0.37106621054009664,-0.46837852619422193,0
1.1807305765071516,-1.0964317237887897,-0.39855763873010974,0.10112137120044667,-0.26439439744239557,-0.38204181017028427,-0.17849232800099088,-0.43126463730125025,0
-1.362369649473343,0.03958020289296157,-0.3710473056853364,-0.7702250162225732,-0.3095899126605427,-0.25549440249230027,-0.1619859952119247,-0.35456260025577413,0
-0.8729988503255388,1.307336009893053,12.371738960653678,1.023231598877721,-0.26439439744239557,2.8036516265928775,-0.06845010940721616,6.793572400530645,2
-1.8975797506515433,1.080812591353935,-0.14546257471819496,1.017259382377221,2.6224691371167497,0.008604535270448853,-0.27753032473538813,-0.1863129706076327,0
-0.02434439652784198,0.3839551449428197,-0.39855763873010974,-2.216098630993739,-0.3095899126605427,-0.316017075729597,-0.39857676518854035,-0.5005438965681306,0
0.1586042792464476,0.6027319154829587,0.46526681887577337,0.7950929285586024,-0.26439439744239557,-0.11794287240753515,-0.3655640996104079,-0.00816630392136889,0
-1.039857349151284,1.681374969878208,0.21767382147281325,0.8037526424843288,-0.6259585191875722,0.21768286099929188,0.09111110755375722,0.2367853627722476,0
1.778438672515078,-2.5709673238692807,-0.3490390392495177,-0.5316349670275791,-0.6259585191875722,-0.37653974896689363,-0.10146277498534856,-0.37188241507249364,0
0.6483612932757565,0.2664070110964404,-0.1619687745450589,0.887960895141385,-0.26439439744239557,-0.05742019917023844,0.20665543707722067,-0.005692044661836065,0
0.2112388405321461,0.6362225960799949,0.6303288171444135,0.878106737915559,-0.6259585191875722,0.5753168392196814,-0.38757254332916286,0.3679211035274155,1
-0.12661384261284844,1.1585156782494848,0.5532998846190482,0.9835163591493925,0.47756531072218567,0.8009013485586963,0.5092715382101012,0.8380303628383948,0
0.4277092021685591,0.22196315664033112,0.7788846155861897,0.6439958510959402,-0.6259585191875722,0.7183704305078372,-0.39857676518854035,0.49410832576352076,0
1.5454916008770074,-1.6593962843650265,-0.37654937229429103,-0.6050932299837345,-0.26439439744239557,-0.3985479937804561,-0.39857676518854035,-0.5277607484229769,0
-0.8924983610716746,0.5424777369240698,0.5092833517474108,-0.9840303669404904,-0.3095899126605427,-0.23348615767873787,-0.39307465425885163,-0.052702970592934426,1
-0.3777421491104747,0.38047041976989404,-0.39855763873010974,-1.9013628214173641,-0.3095899126605427,-0.3985479937804561,-0.39857676518854035,-0.5376577854611028,0
0.5966584066438927,0.1540417379559928,-0.227993573852515,0.7267110496278723,-0.6259585191875722,-0.002399587136332371,-0.05744588754783867,-0.12940500763841076,0
0.8591499849287413,-0.4151994807237828,-0.39855763873010974,0.498870990133779,-0.26439439744239557,-0.38204181017028427,-0.39307465425885163,-0.5277607484229777,0
1.193230175473097,-1.2064731927583818,-0.3875535055122004,-0.1795728043230756,-0.6259585191875722,-0.3985479937804561,-0.321547212172898,-0.49806963730859927,0
0.8119924070117663,-1.128738434833922,-0.39855763873010974,0.8473498229379818,-0.6259585191875722,0.4102550031179631,-0.09045855312597112,-0.03538315577621414,0
1.0091451725200842,-1.1468554793602872,-0.3875535055122004,-0.6033015650335846,-0.6259585191875722,-0.3490294429499406,-0.38207043239947414,-0.5030181558276622,0
-0.7129586668335517,0.43055579370398994,-0.3875535055122004,0.5275376293361813,-0.6259585191875722,-0.33802532054315937,-0.39857676518854035,-0.5054924150871933,0
0.5659775728183896,-0.029205508774002974,-0.24449977367937895,-0.2091352760005529,-0.2662775439098184,-0.2775026473058627,-0.3160451012432093,-0.37683093359155706,0
0.8171058793160169,-0.39454301938342123,-0.2720101067241523,-1.8670225765394861,-0.3095899126605427,-0.316017075729597,-0.27753032473538813,-0.38920222988921505,1
0.4705260898057175,0.7070783567804351,0.14064488894744795,0.9608219364474911,0.5208776794729102,2.803651626592877,1.059482631178975,1.8005172147961384,2
-0.5038744659486499,0.8572787548905005,-0.39855763873010974,0.2629684383640101,0.6960103009432299,-0.3985479937804561,-0.39857676518854035,-0.5376577854611028,0
1.0341443704519753,-1.107498629620782,-0.3875535055122004,-2.084709867982729,-0.9649248833236755,-0.33802532054315937,-0.3655640996104079,-0.4906468595300048,0
-0.1716579087937583,1.0970709711588822,1.2410582107383819,0.8987108848422862,-0.26439439744239557,0.7678889813383528,4.817424396156381,3.0698122149357827,0
-2.0015536875046336,-0.10436331999157034,-0.3820514389032457,0.7025235728008452,-0.6259585191875722,-0.2940088309160346,-0.3600619886807192,-0.46590426693469017,0
0.4620036359653003,0.1711277237532726,-0.3325328394226537,0.5326140133616065,-0.7012843778844842,-0.22248203527195665,0.7953813065539155,0.10812388127661138,0
0.9852823017669164,-0.8406473237267609,-0.3875535055122004,0.662808333072517,-0.26439439744239557,-0.3985479937804561,0.9329340797961337,0.06606147386457534,0
-0.674323542756994,1.2332894022421206,-0.10694810845551225,1.026217707127971,-0.26439439744239557,0.9934734906773676,2.055364709452636,1.3229851777065633,0
-0.5504638802762643,0.704421472507121,-0.34353697264056304,-0.06341319338834173,-0.6259585191875722,-0.29951089211942516,-0.39857676518854035,-0.4683785261942216,0
-0.4834205767316488,1.3484173600535032,1.60419460692939,1.0578704545806241,2.882343349621096,-0.20047379045839422,-0.3655640996104079,0.4668914739086745,0
1.3659519066388845,-1.0965965734287881,-0.3820514389032457,-0.5653779902554067,-0.26439439744239557,-0.3490294429499406,-0.3325514340322755,-0.47827556323234754,0
-0.9902224984417921,1.2939261664617439,-0.09044190862864825,-0.43189895146922136,1.645116120524319,-0.24999234128890968,0.09661321848344594,-0.10961093356215845,0
0.6046126968949473,-0.039303656973043596,-0.327030772813699,0.5433640030625071,-0.6259585191875722,-0.3985479937804561,-0.2830324356650769,-0.4535329706370337,0
-0.9924951527992356,0.3932908670113802,-0.261005973506243,0.9676899854230667,3.196828809680703,0.3607364522874477,-0.39857676518854035,-0.13435352615747265,0
-1.4458896971094313,1.1768664923701202,0.26169035434445065,1.1002731917341768,3.1629321732670923,0.4047529419145725,-0.04093955475877247,0.2813220294438137,0
1.6824190259130445,-1.4199111563991973,-0.39855763873010974,-0.38830177101556745,-0.61089334744819,-0.3985479937804561,-0.39857676518854035,-0.5376577854611028,0
1.065166136520908,-1.5121798075257376,-0.3930555721211551,-0.6582459568381893,-0.3095899126605427,-0.1839676068482224,-0.29403665752445435,-0.391676489148746,0
0.17678551410600424,0.28650530509747796,-0.25000184028833367,0.8500373203632071,-0.26439439744239557,0.4102550031179631,-0.17849232800099088,-0.00816630392136845,0
-1.1035143636134925,0.37732543961781145,0.2781965541713146,0.5141001422100552,-0.3095899126605427,0.8119054709654775,0.8283939721320479,0.8627729554337092,0
0.637566185077894,-0.19822340347256623,-0.2995204397689257,0.5908431242414862,-1.060965353162238,-0.26649852489908155,0.43224198519445883,-0.06012574837152859,1
-0.3976278747381152,0.9523671731576144,-0.39855763873010974,0.6347389155201647,0.16496299713000168,-0.3985479937804561,-0.39857676518854035,-0.5376577854611028,0
-0.5555773525805148,1.1232542297089056,-0.39855763873010974,-2.5627857988477922,0.5359428512122925,-0.3985479937804561,-0.39857676518854035,-0.5376577854611028,0
0.2546239258484813,0.37675724035571656,-0.2830142399420617,-2.0246890921526988,-0.23991349336589915,-0.3215191369329876,-0.39857676518854035,-0.45105871137750114,0
-0.009003979615091398,0.6539901031760549,0.5643040178369575,-2.5627857988477922,0.946468781110462,0.7898972261519152,0.3772208758975716,0.7786481406096403,1
-1.7475845630602012,0.27184740848639893,-0.35454110585847237,0.8455581579878315,1.2101092865496534,-0.3985479937804561,0.6083095349444985,-0.06507426689059108,0
1.0862563689579954,-1.8059618515486597,-0.39855763873010974,-0.14851727852047295,-0.26439439744239557,-0.3930459325770655,-0.1839944389306796,-0.4386874150798439,0
1.0239174258434742,-0.1718315702858273,-0.327030772813699,-2.5627857988477922,-0.8274551912018114,-0.3930459325770655,-0.39857676518854035,-0.5030181558276621,0
0.09269730288055443,1.2028198872351974,1.2245520109115178,1.024426042177821,-0.3095899126605427,0.3992508807111819,-0.39307465425885163,0.553490547992277,0
-0.4760344500699538,1.1976378279776423,0.20666968825490395,1.0793704339824257,-0.26439439744239557,0.13515194294843275,11.469476510150065,5.311491104071295,0
-0.8748852898014786,1.3905071671776432,6.69360622021246,1.1250578902112538,-0.26439439744239557,4.998974046745729,0.553288425647611,5.506957585574281,2
-1.4890701299008788,1.4137296220970978,0.4322544192220454,1.0975856943089521,2.5810399148334477,2.4240094035589252,0.9824530781633327,1.7262894370101936,0
0.8080152618862381,-0.19898192369372236,-0.39855763873010974,-0.8317388461777282,0.8428957254022081,-0.3985479937804561,-0.39857676518854035,-0.5376577854611028,0
0.5046159051673863,0.2296854479783345,-0.39855763873010974,-2.2459597134962417,-0.3095899126605427,-0.3985479937804561,-0.39857676518854035,-0.5376577854611028,0
-1.1760119921628858,0.04862190395230937,-0.3875535055122004,-0.0777465129895429,0.9502350740453072,-0.38754387137367485,-0.343555655891653,-0.5030181558276633,0
-0.884544070820618,0.5769207454623616,-0.3875535055122004,0.5478431654378827,-0.6259585191875722,-0.38204181017028427,-0.39307465425885163,-0.522812229903914,0
0.09951526595288877,0.43480614158884884,-0.37654937229429103,0.6887874748496944,-0.3095899126605427,-0.3215191369329876,-0.27753032473538813,-0.4386874150798431,0
0.5699547179439178,0.15351157985558417,0.3112089538250427,0.714468005801846,-0.6259585191875722,1.824284732389349,0.003077332678737408,0.9617433258149688,2
0.03758543471252291,0.7223382240299825,-0.39855763873010974,0.439447435953799,-0.26439439744239557,-0.3930459325770655,-0.3600619886807192,-0.517863711384851,0
0.6324527127736443,-0.5219941579614524,-0.21148737402565096,-0.14194784036992275,-0.26439439744239557,-0.3270211981363782,-0.39307465425885163,-0.4188933410035926,0
-1.159535248071414,0.8175157043993341,-0.28851630655101634,0.9435025085960393,1.1893946754080025,-0.316017075729597,0.26167654637410803,-0.1541476002337253,0
0.9159663438648556,-0.41550048907314424,-0.39855763873010974,-0.13896173211967205,-0.38491577135745464,-0.17296348444144116,-0.22801132636818952,-0.35951111877483727,0
0.29723619505056736,0.2947496064774056,-0.39855763873010974,-0.120447860968121,0.08963713843308987,-0.3985479937804561,-0.37106621054009664,-0.5252864891634454,0
1.2193657005837093,-2.050393891976255,-0.39855763873010974,-0.593148796982734,-0.6259585191875722,-0.2775026473058627,-0.13997755149316973,-0.3669338965534312,0
-0.0010496893640348241,0.866021336070797,-0.14546257471819496,0.9172247559938372,0.7280237908894175,-0.20047379045839422,0.5752968693663659,0.10317536275754915,0
1.050621114543448,-1.2975999687968311,-0.3380349060316084,-0.5641835469553064,-0.26439439744239557,-0.38204181017028427,-0.37656832146978536,-0.4931211187895363,0
-0.849317928280227,1.0616491914889714,-0.3710473056853364,0.8449609363377815,-0.3095899126605427,-0.32151913693298756,-0.21700710450881205,-0.4089963039654663,0
-1.5572497606242166,0.6792491581743696,0.7128598162787335,0.9879955215247681,-0.26439439744239557,-0.24999234128890968,-0.39857676518854035,0.028947584971604056,0
1.2920906400219359,-1.4515454706813669,-0.3930555721211551,-0.03385072171086403,-0.9046641963661461,-0.37653974896689363,-0.39857676518854035,-0.5252864891634458,0
-0.9799955538332902,-0.34767821508008784,-0.39855763873010974,-0.2228713739517041,0.6828282756712704,-0.3985479937804561,-0.39857676518854035,-0.5376577854611028,1
-0.27433637584674697,0.42508163875573174,-0.294018373159971,0.8464539904629068,-0.26439439744239557,-0.2609964636956909,-0.05744588754783867,-0.2753863039507677,0
-1.1754438285735251,0.3629791360018809,-0.3325328394226537,0.13187828617802475,1.0782890338300573,-0.3490294429499406,-0.38207043239947414,-0.47827556323234754,0
-0.030594196010814725,0.47710950246289097,0.6468350169712775,0.9721691477984417,0.575488927028171,0.5147941659823846,2.2204280373432983,1.5209259184690807,0
-0.24024656048507814,0.6845611027350365,-0.1729729077629683,0.412273850876522,-0.26439439744239557,-0.11794287240753515,-0.26652610287601064,-0.2506437113554522,0
0.6767694727438133,-0.7018886559570489,-0.17297290776296825,-0.16822559297212475,-0.7012843778844842,-0.2444902800855191,-0.26652610287601064,-0.3075516743246758,0
0.5824543169098634,0.1641125309716872,2.743122394983007,0.28267675281566157,-0.26439439744239557,-0.3215191369329876,-0.38757254332916286,0.9147323998838709,1
0.30121334017609563,0.5386104721506613,-0.24449977367937895,-1.362967503897246,-0.3095899126605427,-0.21147791286517545,0.10211532941313466,-0.1590961187527877,0
-0.7459121550164993,0.39557358083190225,-0.21698944063460562,0.057524190746793595,1.4379700091078111,-0.3985479937804561,-0.2555218810166332,-0.39167648914874603,0
-1.6089526472560804,1.192172926533904,-0.3325328394226537,0.9960580138004437,-0.26439439744239557,0.2121807997959013,-0.2995387684541431,-0.1887872298671655,0
0.21030716587831244,0.4614148218334694,-0.36004317246742706,0.4800585081572022,0.7449721090962228,-0.3325232593397688,-0.37656832146978536,-0.48074982249187825,0
-1.514069327832769,-2.9657113249420206,-0.39855763873010974,0.8282387301363804,-0.3095899126605427,-0.34352738174655,-0.16198599521192464,-0.4065220447059338,0
-0.6714827248101879,0.4088633958539122,0.38823788635040807,-2.5627857988477922,2.025511706943724,-0.23348615767873787,-0.39857676518854035,-0.10961093356215766,0
0.5790453353736957,0.1754828771343201,0.10213042268476519,0.6102528278681126,-0.3095899126605427,0.525798288389166,0.8063855284132928,0.645038140594941,0
0.9739190299796932,-0.8574672332693914,-0.3160266395957897,-0.5376071835280793,-0.26439439744239557,-0.3930459325770655,-0.39857676518854035,-0.49806963730859927,0
0.930170433598885,-0.5185548021362202,-0.34353697264056304,0.6392180778955403,-0.26439439744239557,-0.38204181017028427,-0.33805354496196427,-0.4782755632323479,0
2.16138093174449,-3.952874385654421,-0.39855763873010974,-0.7093084079174683,-0.6259585191875722,-0.38204181017028427,-0.39307465425885163,-0.5277607484229766,0
-0.7288672473356649,-0.030241532798195105,-0.37654937229429103,-0.3348504333360881,-0.6259585191875722,-0.38204181017028427,-0.38207043239947414,-0.5129151928657878,0
-0.3651970970573817,1.0599142031487672,4.0471121813052635,0.2483365079377836,-0.3095899126605427,1.268576550846898,1.2575586246477695,2.9559962889973344,2
0.6841555994055082,-0.4298293404597941,-0.36004317246742706,-0.26019772707983196,-0.3095899126605427,-0.3655356265601124,-0.2830324356650769,-0.4535329706370316,0
-0.1533175313128213,0.5823785444153243,-0.39855763873010974,0.15158660062967574,-0.26439439744239557,-0.3985479937804561,-0.39857676518854035,-0.5376577854611028,0
-1.0635156014693794,0.1511769883738356,-0.1894791075898323,-0.8317388461777282,1.7807026661787604,-0.2775026473058627,-0.3545598777510305,-0.3694081558129626,0
-0.3288800804254169,0.8238730692754938,0.19016348842803998,1.0680232226314745,2.0612914898247565,3.9425782956947333,3.2108080046872707,3.302392585331742,2
0.008040928065743011,-0.40733852960476336,-0.39855763873010974,-0.405023977216969,-0.6259585191875722,-0.3985479937804561,-0.38207043239947414,-0.5302350076825084,0
-1.5549771062667712,1.5466529073964221,0.08562422285790125,1.107439851534778,2.5414938390175688,1.4171322033384444,1.120005851405551,1.1794781406537393,0
1.4045870307154424,-1.9803877863105268,-0.1289563748913309,-2.1450292546377834,-0.3095899126605427,-0.3985479937804561,-0.39857676518854035,-0.4164190817440608,2
1.321066983079355,-1.246150041488929,-0.3380349060316084,-2.5627857988477922,-0.6052439080459217,-0.31051501452620633,-0.39307465425885163,-0.46837852619422143,0
-0.26297310405952373,0.9268768864848868,-0.39855763873010974,0.35852390237201726,0.2101585123481488,-0.38204181017028427,-0.002424778250951309,-0.35208834099624137,0
1.1188007452667856,-0.20257729019669685,-0.39855763873010974,0.14830188155440083,-0.5638146857626202,-0.2830047085092533,-0.3050408793838318,-0.44363593359890513,0
0.21485247459320134,0.6755036628877629,0.08562422285790125,1.0211413231025457,-0.6259585191875722,3.8930597448642175,0.20665543707722067,1.8821677703606758,0
-0.36012907784027964,0.6612929376220251,-0.327030772813699,0.8948289441169601,-0.6259585191875722,2.2094290166266917,2.86417501611688,2.1345422148328863,0
0.08360668545077563,0.6183761923791986,0.586312284272776,-0.7932180497494999,0.2610034669685642,-0.30501295332281575,0.3166976556709954,0.2689507331461565,2
0.525637957973749,0.22668750596701068,0.5588019512280029,0.09514915469994645,-0.07043031129784767,-0.25549440249230027,0.030587887327181137,0.15018628868864806,0
-0.45217157931678603,0.8088047113394939,0.8449094148936457,1.0748912716070504,2.3192825558616796,1.0044776130841488,2.8036517958903047,2.0924798074208524,2
