Thời_gian,Nhiệt_độ_C,Độ_ẩm_%,Lượng_mưa_mm,Độ_ẩm_đất,Chiều_cao_triều_m,Nguy_cơ_ngập
2015-01-01 00:00:00,27.323286266028962,74.91364364308458,6.3937384005338025,0.131819424337232,1.518982942988445,0
2015-01-01 01:00:00,25.211368749975236,77.39732851945165,9.776165444024386,0.311269120041554,2.0580295141065346,0
2015-01-01 02:00:00,26.410713233981486,82.84085978652678,5.304835131330959,0.4585261214185287,0.0,0
2015-01-01 03:00:00,34.85452027074124,80.58576968373595,4.512297293496813,0.2239387046989519,2.162129851193291,0
2015-01-01 04:00:00,27.546569102650622,74.39219929529938,10.939260519546632,0.30021490804276857,1.1019054101003956,0
2015-01-01 05:00:00,28.350735051112647,81.00522779232355,4.955690079096133,0.16959837427720786,0.0,0
2015-01-01 06:00:00,24.883558052908914,79.59459233946994,7.519156264054095,0.4627231141663572,0.0,0
2015-01-01 07:00:00,30.060220249289603,70.88428621480949,6.8219381576030305,0.29166673730033854,0.1294297539342042,0
2015-01-01 08:00:00,29.280817267990273,77.69196245194192,10.930392717235637,0.3046626842794018,1.1862066009082188,0
2015-01-01 09:00:00,29.302057663965254,84.6347061633671,3.6955574249502714,0.4354300465505622,1.1538713735337807,0
2015-01-01 10:00:00,27.64467374026039,84.57710607917207,14.475661730067513,0.3661478394645481,1.643240304296517,1
2015-01-01 11:00:00,30.102570287300313,78.16028534077284,2.696735121807614,0.212437126750326,0.8153589757073255,0
2015-01-01 12:00:00,30.8150555899042,85.41418235828782,8.001510185844985,0.23527220759126838,0.4243716174876804,0
2015-01-01 13:00:00,27.849296758047885,72.16035602412303,7.126860103929602,0.3494931304523299,0.9108395286373749,0
2015-01-01 14:00:00,26.65616292299903,72.4080972944534,2.3995697356595516,0.237587894493706,1.223527200838104,0
2015-01-01 15:00:00,29.68371297034428,77.98996029365055,8.654269941199919,0.08827566878794729,1.3615409564686942,0
2015-01-01 16:00:00,24.287624080320768,91.98052908869708,4.02696158686915,0.29467592013609223,0.6475847105093159,0
2015-01-01 17:00:00,24.84611915815402,81.30601301230564,1.4858270375807312,0.15197873388751904,1.8310126902347517,0
2015-01-01 18:00:00,26.840098971345295,77.79707352267383,9.713798350078797,0.46162817535637257,0.7650222597931765,0
2015-01-01 19:00:00,21.775928794685562,92.35310400965318,0.7827108048205507,0.31767876377631526,0.5911978463725673,0
2015-01-01 20:00:00,29.482785820690275,77.7044925183717,1.9146964797242394,0.20948249432564242,0.8203259433721971,0
2015-01-01 21:00:00,24.11125833760253,97.87786589828795,5.2406514640053246,0.2301367585337546,1.952388122991825,0
2015-01-01 22:00:00,25.58552693549473,75.90973501103403,10.864838456109975,0.11106024121260794,1.1070424829415384,0
2015-01-01 23:00:00,26.360161212960687,71.9061701659896,9.16798691727057,0.1900538113219496,0.7138405478511597,0
2015-01-02 00:00:00,27.11786046471165,78.669104201185,6.292222721057632,0.4016323202540699,1.8482754253139806,0
2015-01-02 01:00:00,25.969040170730874,78.00732591330386,0.40609617504582407,0.5231786145492392,2.699923977964122,2
2015-01-02 02:00:00,26.797886858308953,73.53824018920574,2.5449525477961625,0.37263965131989585,1.3467778440162634,0
2015-01-02 03:00:00,26.821117102828758,100.0,3.300641029273466,0.29079574613789705,2.0636897226058033,0
2015-01-02 04:00:00,25.65890712711862,82.549012542442,1.38588828458432,0.2568040624346083,1.9252545654023525,0
2015-01-02 05:00:00,24.680416627083705,83.71399658937267,0.21344369072619815,0.20435041864236375,0.7760521738391669,0
2015-01-02 06:00:00,30.244421773066804,76.30496586290462,5.509105912626936,0.5059765899339741,1.2186439263333626,0
2015-01-02 07:00:00,20.68678289319989,75.37864492203896,9.43947312415514,0.2811251298135625,0.30221875920720886,0
2015-01-02 08:00:00,26.382854522971552,88.2044668457416,3.000403690101508,0.5115629830062505,1.0565404135468555,0
2015-01-02 09:00:00,25.593301584347355,66.59326581928191,10.739972869407792,0.4393519509610061,0.7616667416119931,0
2015-01-02 10:00:00,28.256374460179458,70.85708421767706,0.6259584477146366,0.12592035686537262,0.9179798299770555,0
2015-01-02 11:00:00,22.637121610442975,78.02153195513957,1.2631029896758288,0.23340476042407082,0.6750734780337644,0
2015-01-02 12:00:00,25.50064397626919,90.8083784450745,5.389547031256508,0.23309548758261775,0.9990322342631028,0
2015-01-02 13:00:00,26.692920798030734,77.00386421624421,2.700693646734475,0.29201536358942604,1.5725628803854401,0
2015-01-02 14:00:00,30.21022083111138,83.32921245819357,8.731447333028987,0.29396857468862464,1.116355662692003,0
2015-01-02 15:00:00,27.996554900386272,80.22182943510474,7.441175566535776,0.5996239095398143,0.0,0
2015-01-02 16:00:00,23.449535367393416,90.37006730349447,2.9441423218766247,0.1922772125525241,0.6777156045710597,0
2015-01-02 17:00:00,25.53756984383802,67.32221585429663,0.7436240727741048,0.322896993566439,0.13642045320922347,0
2015-01-02 18:00:00,29.658154057982074,85.88770562978222,2.5483895266011527,0.3616507742467803,1.3708421581872374,0
2015-01-02 19:00:00,23.397675402230796,78.40880856205922,7.616069983436529,0.29984279955308035,1.5523221548379311,0
2015-01-02 20:00:00,26.764067194882887,87.39907355135526,9.055887952484337,0.3110180577781358,1.3795837552979155,0
2015-01-02 21:00:00,26.972638642421174,73.44574315119748,2.7152858249930363,0.19551911056934126,0.6488169246904288,0
2015-01-02 22:00:00,25.842650820237708,80.19514455890271,0.21042926666446393,0.31064861946026817,1.3727977503918514,0
2015-01-02 23:00:00,35.087255348396745,79.17994631269853,7.036096268584267,0.3511398996174372,0.8709200209617874,0
2015-01-03 00:00:00,25.761805621657352,71.9805162294367,2.8855850701933994,0.33276005842711287,0.40324218517482335,0
2015-01-03 01:00:00,28.349295478103393,69.75669589642429,2.9707139996603464,0.35702009039120913,1.719350943796251,0
2015-01-03 02:00:00,24.701096639342147,75.35670910509486,1.2319239846669916,0.4412607900636232,1.7726194276066403,0
2015-01-03 03:00:00,28.58324397599821,81.03944903195999,1.1964630271229475,0.3936966541914342,1.864226836758454,0
2015-01-03 04:00:00,29.612362790555807,73.94470220556406,10.577444641034269,0.30712946134974367,0.7741559799772806,0
2015-01-03 05:00:00,25.236107889761705,77.35941149577745,7.280530641359714,0.18282416481167219,2.025553618885155,0
2015-01-03 06:00:00,26.835894554344403,64.91362116413143,2.131387876104514,0.23999947252888804,0.8544924240703526,0
2015-01-03 07:00:00,24.31416069032738,77.03480063613016,4.98943800590158,0.27803688480825844,1.6574509250769591,0
2015-01-03 08:00:00,23.566788563850324,88.18869317300005,5.933854233956906,0.3252345831341447,0.8423611367633272,0
2015-01-03 09:00:00,30.110386297500618,85.64144260776067,19.189467324665394,0.25216672385006045,1.0432124853779603,0
2015-01-03 10:00:00,25.337997162349055,79.30462450378285,1.0459682662420495,0.20642668008156484,0.0,0
2015-01-03 11:00:00,19.75916301447579,81.9492218001133,5.85526740216479,0.18118013108796627,0.988660749908159,0
2015-01-03 12:00:00,32.29606846948087,73.37391683524675,10.529951705679723,0.1348822240944469,1.263762976749519,1
2015-01-03 13:00:00,24.59371403081218,92.9955094663312,17.365294442822687,0.2765049296225431,0.9129652678453128,0
2015-01-03 14:00:00,26.26088086875591,96.54210005211124,1.9911308978733557,0.15303345579296948,2.4293316476595974,0
2015-01-03 15:00:00,31.922719516482942,81.31858904564778,2.8409773045166125,0.19994743158426076,0.38627374027230654,0
2015-01-03 16:00:00,26.57477371743708,100.0,8.808673739770878,0.2606098127155697,0.805493134027252,0
2015-01-03 17:00:00,26.509990193394408,74.55854102771727,0.3920431033465006,0.1664082690608566,0.5665891730099027,0
2015-01-03 18:00:00,23.315480866348402,69.99136607944837,6.451469733529604,0.3379752188498697,0.8053561147031701,0
2015-01-03 19:00:00,22.095498901117303,74.32300996724706,25.084259786241226,0.3740223063605687,1.9219891440584935,1
2015-01-03 20:00:00,26.500841206211614,78.24407787940008,7.138661713867287,0.24505729802246012,2.2346222560288744,0
2015-01-03 21:00:00,28.088429322224684,98.49653240962371,0.0307335111878951,0.2562972692389998,0.7094451723567408,0
2015-01-03 22:00:00,27.91657622463232,77.75072698075232,1.5145513500784267,0.3537429770139077,0.6938947200937576,0
2015-01-03 23:00:00,25.556216758592353,73.12275349756783,2.075428584702315,0.22860049027653206,0.39000994598425953,0
2015-01-04 00:00:00,27.060773398040826,72.81232912338051,12.780249361250064,0.22172660884027046,2.1143997705635122,1
2015-01-04 01:00:00,21.4883700140161,89.12017689634624,3.8159176038355147,0.419649847818629,1.9847030848414118,0
2015-01-04 02:00:00,28.380501062086434,87.97841398647229,0.21904575966234696,0.3884187738712787,1.1258127400078493,0
2015-01-04 03:00:00,27.484217534310137,76.11617450917112,4.323195235659304,0.36015500023439195,0.22273056258518398,0
2015-01-04 04:00:00,32.92098268254857,64.99372707138275,5.3189103765483425,0.39256446213940926,0.28533620418062355,0
2015-01-04 05:00:00,27.02243893928714,70.97125164232573,2.443917138566719,0.1022721274632637,1.3194406152692153,0
2015-01-04 06:00:00,24.171991943561764,93.76995069999634,1.164440321159167,0.4353835546793107,1.584536542912549,0
2015-01-04 07:00:00,26.84783059773354,85.51046307639577,27.29012873348429,0.3392062116583742,0.0,1
2015-01-04 08:00:00,26.01660059995249,80.52369100446644,10.560805706791367,0.4010781384005735,0.9750830626234821,0
2015-01-04 09:00:00,28.304123606311194,94.95066538520847,11.434920726725252,0.3387161779116363,2.3328071226901685,1
2015-01-04 10:00:00,27.08067618517556,95.66661018249214,3.825187286357558,0.3048924824680156,1.0477435553588001,0
2015-01-04 11:00:00,23.22015989684207,79.7124831843096,1.9462705781326657,0.27246907876379456,2.2427466635534365,0
2015-01-04 12:00:00,22.092770135417943,79.85942591574667,2.5998282467344476,0.3367144376886205,1.6543322902689785,0
2015-01-04 13:00:00,27.78872460789905,75.34362654310338,0.6228346727988464,0.26882520910954477,0.44100427941524967,0
2015-01-04 14:00:00,31.149343623207717,77.72317370011892,18.882248180567988,0.38678761000651124,0.9951300946537007,1
2015-01-04 15:00:00,27.23804365215516,68.10940019359903,4.004451530163946,0.14135433554477994,1.1099140330187078,0
2015-01-04 16:00:00,29.43989206176062,68.07690899052753,15.437800433422275,0.2458424138205722,0.5332419023345454,0
2015-01-04 17:00:00,30.0384274626108,66.21872904875279,2.761276522856421,0.5044823248476646,0.5210923840323411,0
2015-01-04 18:00:00,27.800375537384006,88.67469605535555,7.240170189871751,0.23739195364276072,2.2547380144829923,0
2015-01-04 19:00:00,24.556525536415776,67.5087822166995,5.631346068431552,0.2761316276936522,0.5158475662149339,0
2015-01-04 20:00:00,27.585924255136693,95.59969838964923,0.506027590893773,0.21174190666499237,1.954905253486076,0
2015-01-04 21:00:00,30.621218662801443,74.15697687040476,20.897146555605243,0.3335845672885824,0.8944608651444885,1
2015-01-04 22:00:00,28.589671648799744,93.8987992542603,2.8662838983948147,0.2263735109857805,1.1820524690817793,0
2015-01-04 23:00:00,29.244736028485967,77.0795652570762,0.8908233374343699,0.281438906519295,1.5932910927670008,0
2015-01-05 00:00:00,25.612361274924524,67.47050583263618,8.875075136836976,0.38488665360350705,0.7810089289667249,0
2015-01-05 01:00:00,26.392938720763553,90.27023118452375,4.573144346492399,0.2301236581185184,1.5975330194461732,0
2015-01-05 02:00:00,26.6438180672989,91.2149250210658,6.611147971444506,0.37886111192652205,0.0,0
2015-01-05 03:00:00,26.84598599238961,72.75159199786391,5.092494067300736,0.38222293155603565,1.5077951718902458,0
2015-01-05 04:00:00,30.503874948037076,77.3467818672204,0.04865612273983337,0.40549560947192936,0.0,0
2015-01-05 05:00:00,19.958478814985497,72.75363250751217,1.439937345676313,0.314054099491804,1.0412072913110797,0
2015-01-05 06:00:00,27.091614913745513,79.03578644433824,1.3570005147308168,0.6241259076976786,1.797970089722944,0
2015-01-05 07:00:00,26.761510872915437,80.86263317952684,11.284512072838385,0.4054533696542082,1.635606714240863,1
2015-01-05 08:00:00,22.885496575667553,77.18893552707657,4.76280856818554,0.3324877624406826,0.2911126647266413,0
2015-01-05 09:00:00,29.015301649762396,65.44886883687317,7.673323816048949,0.21240755859182647,0.3812349227345382,0
2015-01-05 10:00:00,24.826499424165227,75.35296547927982,3.0843566283847412,0.2902940874125859,0.7179295717741556,0
2015-01-05 11:00:00,25.928902051940522,85.62815010843234,8.045710406177102,0.44263269769000335,1.3303511036506943,0
2015-01-05 12:00:00,32.54634572326213,78.32880365923268,3.835101485488201,0.47095346156262685,0.0,0
2015-01-05 13:00:00,30.029920948617168,77.38047497950636,3.521320400354713,0.4478329100440229,1.1907434969060093,0
2015-01-05 14:00:00,28.72346081743535,72.55378763975388,5.591394042202839,0.37851923067296195,1.418000561660045,0
2015-01-05 15:00:00,28.142330803933213,75.11958904641907,5.091959276750449,0.17443397937044278,1.0018739733903115,0
2015-01-05 16:00:00,26.505959932663973,91.27158485265568,34.55037062389877,0.348716181782567,1.5677246776371363,1
2015-01-05 17:00:00,32.9981317961103,70.88178194558314,1.4158213264718933,0.17585976219470023,1.3566069108283427,0
2015-01-05 18:00:00,29.406502894320717,85.76658477348184,0.3995836012312289,0.15125288066192413,0.8208420184207732,0
2015-01-05 19:00:00,24.751350258104242,80.3764417672282,6.465244483567682,0.32391586845772385,0.0,0
2015-01-05 20:00:00,22.799693165347037,81.95848530497122,1.7344737839377062,0.35231994472697503,1.293389157099576,0
2015-01-05 21:00:00,28.700514005967808,74.14114975188306,0.9716351363346285,0.39033770984808047,0.5328472443390155,0
2015-01-05 22:00:00,26.832392610364664,77.18578107161666,28.736588950092,0.3497136240386094,0.7951601625969184,1
2015-01-05 23:00:00,22.713185499161497,79.95423855862434,1.3600096912291408,0.35315859857427484,1.53538695257416,0
2015-01-06 00:00:00,28.285758497134747,75.83466428312643,0.16658218560101032,0.20153474150076234,2.1921333684040456,0
2015-01-06 01:00:00,26.192918519065437,82.6514568322924,27.30351492932044,0.2895023315315334,1.1733579135905936,1
2015-01-06 02:00:00,28.59199477658241,83.65951212898457,0.9089878679307799,0.14928832143655119,1.5878453855121093,0
2015-01-06 03:00:00,28.32522064374272,97.38165298895936,42.96313043304603,0.09966308705998042,0.18886446119297662,1
2015-01-06 04:00:00,25.175207935368483,82.22552023489897,2.92391898132036,0.3740642709843074,1.371866506696524,0
2015-01-06 05:00:00,28.898534293272615,64.7020587558493,20.96974214686925,0.22468756062090411,1.1580658436259863,0
2015-01-06 06:00:00,25.506284752095304,89.30415264670944,3.427992994341421,0.38724985021430536,2.060459306438327,0
2015-01-06 07:00:00,25.701354380457087,78.36903486691045,7.2829741444693905,0.4108347577880039,0.8216790667798703,0
2015-01-06 08:00:00,25.403185780135868,96.09540290349483,3.932160589628678,0.23806826753768023,1.0308536679863405,0
2015-01-06 09:00:00,30.392923283418813,91.76739562004246,3.45876199032509,0.3590311094555299,1.9411701269929562,0
2015-01-06 10:00:00,26.158282835836918,75.95786093030748,5.930702688575558,0.23388432713863583,1.1355763453237453,0
2015-01-06 11:00:00,31.117329541692754,85.77522227096941,7.548567333330098,0.11541211253731759,0.423811033098912,0
2015-01-06 12:00:00,32.35045461056058,75.2483588180169,5.465828416613099,0.3123309404442458,2.986143291303086,2
2015-01-06 13:00:00,24.783842589436652,80.02152661131755,4.884944450294514,0.2529126120284239,0.44498506566428664,0
2015-01-06 14:00:00,18.2370140559092,85.40787851483164,1.7551911827127502,0.2559910989412868,1.1547099429153334,0
2015-01-06 15:00:00,30.133528629813817,88.90400164837209,4.107593697073835,0.49753431178455254,1.4426817092179292,0
2015-01-06 16:00:00,25.974084307919576,87.16164663108992,18.805093561886007,0.1474143017267328,1.38733225632178,1
2015-01-06 17:00:00,24.401440760604025,80.59991705530263,1.6429778703186255,0.3382871135371471,1.0671794071955207,0
2015-01-06 18:00:00,25.233845681541094,99.86739120064973,6.112937674768425,0.20051927628552485,1.0706677406315843,0
2015-01-06 19:00:00,25.755558535901912,77.07983674778329,14.124315770129671,0.3908261409267324,1.0355476935984311,0
2015-01-06 20:00:00,30.89157927208122,67.14239494640562,7.611635392210044,0.32984312361750656,0.41884629898603953,0
2015-01-06 21:00:00,27.479733717952545,68.6824056383254,11.395107595915864,0.33793443491806135,2.70515345009591,2
2015-01-06 22:00:00,30.850795890324406,91.79206184097875,0.8848840410267389,0.205511038239774,1.046006357600636,0
2015-01-06 23:00:00,28.482660357835485,79.38677664122557,6.1292051621991686,0.22344120867116762,1.6178516949761668,0
2015-01-07 00:00:00,26.072307828148546,81.27245998443274,3.229456271663519,0.39272505073458863,0.9657429996228761,0
2015-01-07 01:00:00,25.82892839037223,75.6598089606053,3.3991439490217212,0.47707977217275627,0.9516654293511615,0
2015-01-07 02:00:00,28.684826252248804,76.37838016560649,17.469808620189163,0.3480307817224187,0.8811894361312448,1
2015-01-07 03:00:00,29.461276887998125,73.70323311240564,3.464514458926245,0.2102579279228567,0.11510794840752459,0
2015-01-07 04:00:00,29.990378057102607,83.76920650664071,6.336831712839873,0.3338938522462068,1.0875652019154614,0
2015-01-07 05:00:00,26.21538446587277,79.2209606597032,0.1671617015374293,0.5427472044337609,0.9150946419763988,0
2015-01-07 06:00:00,27.525617569213416,83.48004302242721,20.950286307366245,0.31024228107189117,2.0200671564293438,1
2015-01-07 07:00:00,28.75212122776598,82.71550708253987,10.794172299149647,0.44618408593935993,0.3623099176908393,0
2015-01-07 08:00:00,25.848104922189414,76.59297013093683,4.285291063505954,0.22596706341612877,0.7959969757116014,0
2015-01-07 09:00:00,23.5951798985917,68.3301549975777,3.0571377270195077,0.2957913948363613,0.5710916732721425,0
2015-01-07 10:00:00,24.58118679989363,67.63360323200514,8.390196272920255,0.36195652061255423,2.209771275808266,0
2015-01-07 11:00:00,26.276893672356042,100.0,13.972470152058445,0.3397328308262864,0.5914140886017301,0
2015-01-07 12:00:00,28.986621417660903,91.82538755538648,21.190589683965218,0.2233611319888839,1.5936098913082957,1
2015-01-07 13:00:00,30.776932486716305,90.72146053512971,10.465087241233896,0.21904825428694003,1.879113031384186,1
2015-01-07 14:00:00,22.93185837379614,74.60314554410483,4.958534597826175,0.3988284403102659,1.0977139620092142,0
2015-01-07 15:00:00,25.207964958210052,80.07607787010497,12.003348736184249,0.4191550812650145,0.23623229934167211,0
2015-01-07 16:00:00,25.926412508810245,73.47709766093463,10.05580784015292,0.451214355812192,0.24509229886541684,0
2015-01-07 17:00:00,29.384151096919933,69.50334323867287,4.979838486129111,0.4803930483252868,1.8018348453572557,0
2015-01-07 18:00:00,25.4156683938345,75.28981183699439,9.779794077929532,0.31346194363225965,0.3175841868400998,0
2015-01-07 19:00:00,25.710802995157586,90.60947970743663,9.606284935931793,0.2688800755768406,1.4744186277419384,0
2015-01-07 20:00:00,22.76402226854933,86.72596293539176,4.257146087401698,0.43509909387784684,1.2800443768744174,0
2015-01-07 21:00:00,28.450221947919776,72.23961598702383,2.379075720979909,0.37130692818515865,1.463992739017719,0
2015-01-07 22:00:00,26.515802776210336,77.4814715987402,8.82799221403598,0.20175447413324082,1.5301093654921212,0
2015-01-07 23:00:00,25.03786489506121,85.99298537549265,1.065226626476123,0.19663643344810883,0.5464304509074688,0
2015-01-08 00:00:00,26.22146032655371,75.4322288385013,0.7117859071300806,0.3491930201356309,0.5171302746896811,0
2015-01-08 01:00:00,30.38098650579379,80.63668995866185,6.441572300429188,0.2822725338516,1.7004489938702818,0
2015-01-08 02:00:00,23.98533927504047,83.2147795765185,8.596608813751832,0.2973570045259302,0.7594587726049224,0
2015-01-08 03:00:00,24.475021106689212,83.12744441475304,6.391446282330122,0.40725333647101947,0.0,0
2015-01-08 04:00:00,30.756757342396863,82.03316342152229,7.135006516598217,0.37590371449850357,1.6541287085187053,0
2015-01-08 05:00:00,27.227324484056574,74.77042260973992,8.455073300973934,0.43298732484184316,0.47461709835186217,0
2015-01-08 06:00:00,29.00926229013575,75.59220329984947,17.526868422608747,0.10684638936266333,1.5269951145336773,1
2015-01-08 07:00:00,28.20525573001706,70.930801187835,10.634987948994448,0.3253397917221201,2.1749752945218783,1
2015-01-08 08:00:00,26.893996343118154,67.50930725198182,10.336353676181805,0.3694688522397207,1.2117337200833633,1
2015-01-08 09:00:00,25.95510264255433,79.08201006647816,5.935110682233281,0.14734141433123157,1.8970360821644716,0
2015-01-08 10:00:00,29.494674067451456,86.53007691669754,6.171452659456557,0.23451043586900278,1.3076583763753415,0
2015-01-08 11:00:00,30.487009703433465,68.95774084676843,3.8676622253169946,0.2159514837671081,2.311200529698803,0
2015-01-08 12:00:00,30.25256504104829,82.18378595299406,6.922471050738231,0.3021698171059916,0.4565250238700257,0
2015-01-08 13:00:00,23.44358509905695,86.27704970706716,0.9788795923911802,0.4627853968694064,1.1942495137084572,0
2015-01-08 14:00:00,30.914733053532988,65.30612984942924,17.59753443351837,0.5022589404664901,1.6712131235290273,1
2015-01-08 15:00:00,25.926194237407064,77.83535119891025,1.491352100318791,0.21857124469267175,1.0667117700929682,0
2015-01-08 16:00:00,24.734911387365496,93.16968160366699,10.614803487081849,0.3526557250493574,2.0065532976568687,1
2015-01-08 17:00:00,26.49201690969458,84.41552814205899,15.70975054115557,0.3558797852142315,0.8975723223424537,1
2015-01-08 18:00:00,29.493385305746195,65.0363428075017,10.59128850709203,0.3387625771514748,2.648559806140222,2
2015-01-08 19:00:00,28.62139255208419,85.26671569929289,30.865082646462973,0.3398979634739234,2.685538252990572,2
2015-01-08 20:00:00,26.233840764437197,74.01810564617337,2.5900867787730024,0.3303742502451328,1.3974503973591097,0
2015-01-08 21:00:00,29.512997600633923,85.53045544074207,15.479631328658584,0.46875701208064197,1.5868208262482317,1
2015-01-08 22:00:00,27.419581742278304,74.47934586719381,0.6599681004813347,0.4102466514368058,2.034170004937246,0
2015-01-08 23:00:00,25.28108560338188,79.57574044470428,1.5621471770972353,0.19398461024017327,0.3689618207228432,0
2015-01-09 00:00:00,24.87589415112452,75.69965785149641,7.939958278876025,0.3795721080880549,0.28159998979554657,0
2015-01-09 01:00:00,28.23070453326486,80.02526178190804,4.891499755618172,0.3892373374511452,2.0794932397003443,0
2015-01-09 02:00:00,26.752446792553194,75.4617586087119,7.460090610508021,0.3314967287151789,1.3917919310110995,0
2015-01-09 03:00:00,22.87348453975909,78.21169406756418,5.365152957098058,0.4131424370502729,1.0414463278141473,0
2015-01-09 04:00:00,29.54148447920851,70.59515993351458,5.912310032787457,0.3188074034299037,1.2077863120168126,0
2015-01-09 05:00:00,25.55917491412674,83.92527676331193,1.8022712728855153,0.32004677210762505,0.0,0
2015-01-09 06:00:00,31.776358943966382,81.4022816691514,5.713152458755529,0.3121240544677043,1.066606379880099,0
2015-01-09 07:00:00,22.791030044535866,67.06774260716679,2.8260249986628567,0.0981755914200331,0.6728672825647435,0
2015-01-09 08:00:00,26.457874210829967,87.94333328161542,3.3399697343984496,0.2919601606094126,1.8426501435305576,0
2015-01-09 09:00:00,24.900066946682315,78.58969632276403,10.47900514862153,0.2331749425545429,1.8965215448688042,1
2015-01-09 10:00:00,24.073732438867985,81.29409916988728,0.5975104217455074,0.18135520218074425,1.6036761638909374,0
2015-01-09 11:00:00,25.53962784972487,86.11649337623349,0.006394966544357779,0.44340182847395226,1.476821054159399,0
2015-01-09 12:00:00,32.31170282711094,82.62593793887987,9.767333732125703,0.3504207518534458,0.15185727589581255,0
2015-01-09 13:00:00,27.43011051023851,89.3216252676872,5.7193097183971435,0.2970168919055452,1.6134501559978118,0
2015-01-09 14:00:00,24.624875883607714,77.6536358223567,15.69457137773918,0.24351966488975735,1.6405785618663686,1
2015-01-09 15:00:00,21.514114768987785,88.27543508981631,1.6261154444856039,0.32961695846287403,2.071634857638111,0
2015-01-09 16:00:00,21.83591236095694,80.98339694245857,4.103707983509904,0.3991436093317513,2.6827468687011375,2
2015-01-09 17:00:00,25.390610567643794,84.06106739605353,5.101166956107013,0.21730341564530592,0.015207528499874057,0
2015-01-09 18:00:00,25.09893604758402,83.22903338238324,2.1306002881408665,0.299517162772339,0.9280662220672506,0
2015-01-09 19:00:00,26.327847881296545,89.92584260247621,1.3338949538768192,0.38680664988511726,0.6804133539896486,0
2015-01-09 20:00:00,20.183448598692443,85.77129898847434,10.244886244627114,0.10639988709158699,1.320755031869552,1
2015-01-09 21:00:00,26.7249552148604,76.45643615752122,0.489302399666264,0.2942430237594596,1.209381300752627,0
2015-01-09 22:00:00,30.083189325441325,74.86986364800121,1.0129589517053204,0.2570708629452461,1.036142548843898,0
2015-01-09 23:00:00,31.868523742092584,79.60196681924134,3.9451228077032066,0.2866170142244966,1.9193230529808214,0
2015-01-10 00:00:00,21.316661556248583,73.91918847136603,11.403366933199177,0.24983714436280968,0.42901005217345145,0
2015-01-10 01:00:00,24.595821722282533,71.58246238938922,2.326591890700082,0.31376246052072954,0.47121497282517566,0
2015-01-10 02:00:00,24.437298417076395,62.97558024561567,1.9477644743578306,0.4923627220422718,0.48304231023137045,0
2015-01-10 03:00:00,27.43716428257695,67.60589793737032,3.6756983114753674,0.26760775260714487,0.9477706888018091,0
2015-01-10 04:00:00,23.34068259637064,95.88325088889219,6.775388473535035,0.32917110090941065,0.3399868488617076,0
2015-01-10 05:00:00,32.04678974618004,74.74799800296178,3.023931151756029,0.4994746418409113,1.1659999578405105,0
2015-01-10 06:00:00,27.130567415057218,95.22768239856916,12.793150899902841,0.24499844216274447,1.0841568637583932,0
2015-01-10 07:00:00,26.630561132102365,83.22523680924463,13.291647162887518,0.4814675348928969,0.6494394202006439,0
2015-01-10 08:00:00,31.778141201348333,79.60193582691116,3.9448815263358648,0.3005323006627107,1.811636377839337,0
2015-01-10 09:00:00,26.951857127749957,67.99515906543013,24.347477667344464,0.4781896225864926,1.1583496301992842,1
2015-01-10 10:00:00,28.200910219496066,80.0373511646084,4.974210912220927,0.3750201124946319,1.9438531548222624,0
2015-01-10 11:00:00,24.747605180123852,95.13747013574584,12.887070992985914,0.33071083625824216,1.0634651041568977,0
2015-01-10 12:00:00,22.88849380483685,92.46109395213391,6.581057945995651,0.29343693181134134,1.1830635782380516,0
2015-01-10 13:00:00,25.168915105487308,82.19390922158063,6.454065968218599,0.23759585601207894,0.8060523167228024,0
2015-01-10 14:00:00,33.560927516834475,70.81065307275988,0.28320038902021993,0.3075791549964353,1.1950674216251609,0
2015-01-10 15:00:00,28.899062844860868,72.34267723800679,0.8727665457113227,0.3897361459020024,1.6985619142924324,0
2015-01-10 16:00:00,27.82360451133315,73.17926525286032,3.2252235806236156,0.2986888569003329,0.9120660374107914,0
2015-01-10 17:00:00,24.0708798294444,90.22523941890161,13.200210221455157,0.26833771949381424,1.562888373774265,1
2015-01-10 18:00:00,29.733752402951538,93.05376348887008,6.67918225790033,0.2749217465822227,0.6310771272679812,0
2015-01-10 19:00:00,22.926920177058626,81.56714267974068,3.26196430243874,0.3992476613583053,1.7313353958655466,0
2015-01-10 20:00:00,22.29883065095286,77.57535651581478,8.679849023808675,0.42251614550998556,0.7940659208816508,0
2015-01-10 21:00:00,25.323338631355064,92.38968397328787,12.758160538963526,0.23328494862316296,1.796175911260335,1
2015-01-10 22:00:00,32.86347273588434,72.17141167308036,4.633383141286957,0.23314121425525103,1.2426835797035656,0
2015-01-10 23:00:00,32.693682697177834,80.41458662080292,5.874311738861952,0.33793589196671125,2.264667613373744,0
2015-01-11 00:00:00,25.64628921524837,83.70372799636904,5.097754119695594,0.4527532064757255,0.39215259162205374,0
2015-01-11 01:00:00,24.977402945406048,73.0975951425888,4.308087696682714,0.414599030831256,0.16667625868169234,0
2015-01-11 02:00:00,22.078913878320662,74.91268622886955,1.5999204812722858,0.17481477878200882,0.7686479278171031,0
2015-01-11 03:00:00,27.234092176560253,74.29009936649918,1.4199113529510625,0.2735924030008138,0.23077233637598082,0
2015-01-11 04:00:00,27.48603825596436,91.33381484790469,8.62632967366143,0.20693964453104874,0.23208557390020568,0
2015-01-11 05:00:00,29.368668762590737,95.31493821645671,12.981755001621053,0.2732487478084742,1.6350855323219131,1
2015-01-11 06:00:00,29.732122539975492,80.91834024189248,3.2540961417116905,0.46044099960353546,1.1970748446111392,0
2015-01-11 07:00:00,26.4077342470061,77.8542513036577,3.161458389760506,0.15773993512169826,0.8642233163070188,0
2015-01-11 08:00:00,28.668083624278754,75.20127140005363,0.12770461567868624,0.13811347067198096,0.9291261818861976,0
2015-01-11 09:00:00,24.898083396460393,80.01397050760264,16.12925266318652,0.21714458465663974,0.7819336349715624,0
2015-01-11 10:00:00,28.611127600082057,75.59822598850569,1.7609399705506923,0.32873106025759924,2.3552584174733306,0
2015-01-11 11:00:00,25.478303765446324,79.22375806115824,2.294738133098434,0.3620754820640757,0.6851460046498743,0
2015-01-11 12:00:00,28.378375547900813,83.30586258403139,7.283817696175472,0.3437448434861533,0.2745062713416905,0
2015-01-11 13:00:00,28.135503975856096,76.75749645767705,7.501461735537463,0.41756854032310164,1.7572354322404293,0
2015-01-11 14:00:00,27.206410877085194,78.48329549908722,3.2081225032611043,0.12369144057660705,1.0489710636565253,0
2015-01-11 15:00:00,29.383619154478062,78.51636411942157,4.162328828911209,0.4188336538358937,2.62714158217252,2
2015-01-11 16:00:00,22.288802785917945,77.45949252219089,6.658568211016831,0.2687904679953708,0.8316560528441053,0
2015-01-11 17:00:00,23.80525134533718,76.46841698387031,1.8485151710009142,0.37314943098048675,1.7921889258297543,0
2015-01-11 18:00:00,26.189820979340897,86.09757282349445,19.561581514998167,0.16765745732367954,1.9575381314195135,1
2015-01-11 19:00:00,22.670209836980032,65.83411176818846,3.666207985955869,0.300495669700907,0.8350649174585975,0
2015-01-11 20:00:00,25.779406456335884,92.59423887201011,2.644788014381958,0.32362707705890137,0.6799554624636749,0
2015-01-11 21:00:00,25.87610911476735,81.08423570562398,5.325923937932682,0.4155751037498418,1.718956571651633,0
2015-01-11 22:00:00,30.92905136000008,84.88014060789212,18.689323423578262,0.14147453773922344,1.6024243425397513,1
2015-01-11 23:00:00,27.427601106874388,85.80062226519101,1.2156161663363754,0.3030752548534904,0.2125729295023514,0
2015-01-12 00:00:00,30.088288728191635,74.33552671975544,7.409069025861683,0.19147647088578568,0.4100950545866955,0
2015-01-12 01:00:00,27.905024156429153,72.68513155056607,8.827481838528136,0.3505496044208275,0.0,0
2015-01-12 02:00:00,25.392998186303803,71.74184572276938,13.648855372623009,0.3777216536456126,1.6167707977851615,1
2015-01-12 03:00:00,27.401150423239535,78.0234557613713,1.5815865463798309,0.42871702425080876,1.0167209648049782,0
2015-01-12 04:00:00,29.18827900179652,85.59363753240822,1.4815074343467751,0.24649705456916254,1.0864947053173026,0
2015-01-12 05:00:00,30.58020397932774,75.3299037982334,3.7212035655816105,0.39272264856887906,0.015989131608702856,0
2015-01-12 06:00:00,26.6030698111967,84.86345312142643,3.813367007897381,0.4360901587477053,0.4313283528374715,0
2015-01-12 07:00:00,22.057468068441167,61.05663024911041,1.0755244561003439,0.1356753030144533,0.8654287612027036,0
2015-01-12 08:00:00,21.846593227734296,76.91546238419801,9.033467591257322,0.36123449200984503,0.7293720798965253,0
2015-01-12 09:00:00,26.020762169649338,89.3370989408925,8.186994443159957,0.3958511253780106,1.2824852528623418,0
2015-01-12 10:00:00,19.98629549655608,78.63222968773651,25.71351407832148,0.27412736136125626,1.6084276886422697,1
2015-01-12 11:00:00,32.38531339721049,73.36685091067066,3.1679675472166533,0.17892264224748913,2.788728798499638,2
2015-01-12 12:00:00,28.7907996941992,74.74525422289922,1.0289069469361234,0.3942955756109663,1.1859880789783521,0
2015-01-12 13:00:00,25.092998971508266,55.775819495454286,1.3323685161661105,0.1800491172442243,1.9807818641678618,0
2015-01-12 14:00:00,23.671057217973612,71.90558423670464,6.589230836677807,0.28216485654890977,0.6190190561141578,0
2015-01-12 15:00:00,30.08435728792833,88.45793098010066,1.6364329244822513,0.2959875942196671,0.027537579517251,0
2015-01-12 16:00:00,23.659088533046983,75.33917786483015,9.680618001521708,0.37155380517039993,0.9533888473029127,0
2015-01-12 17:00:00,23.94531970919684,76.2836451039902,1.9518172420372601,0.23733684404874672,0.08159479748803089,0
2015-01-12 18:00:00,24.702162179919924,61.34550250370874,5.659886257797616,0.23154163111721449,1.2102712170183723,0
2015-01-12 19:00:00,27.342262243722974,66.9532976550995,4.252023850399018,0.30989154787631107,0.6536821128439344,0
2015-01-12 20:00:00,28.862392317442193,89.52039342879802,1.3074628156332837,0.4006390477619749,0.0,0
2015-01-12 21:00:00,30.57801670024699,84.93835264529248,0.4085314333959396,0.5287450000653147,2.415217602102124,0
2015-01-12 22:00:00,30.134913896840104,69.62048774848455,14.764211016736878,0.14925188002212253,0.8237068008262338,0
2015-01-12 23:00:00,27.002321127704224,74.95542086741423,6.785816225994365,0.3315342017786578,0.05366648793906159,0
2015-01-13 00:00:00,30.061565921269,79.76662125600973,0.8069076969420703,0.19134649737657078,1.8287202533551028,0
2015-01-13 01:00:00,24.987001158070917,70.43097814274596,0.9536386345654426,0.40188112432067424,0.6899699462225003,0
2015-01-13 02:00:00,21.5374019566141,63.96684893189119,25.09346730684051,0.2061455452690767,1.9631162235834632,1
2015-01-13 03:00:00,24.986606784868474,78.72631690048452,1.4539500426682797,0.2325351781817676,0.6866239657253654,0
2015-01-13 04:00:00,24.581218457171136,84.58086849738592,6.036286601042647,0.24107291409360038,0.8213716168160419,0
2015-01-13 05:00:00,25.10403878460247,84.73485855783963,0.23525167871412517,0.2923801061280196,1.4413821966339324,0
2015-01-13 06:00:00,24.121875812274332,87.00189908433717,2.71414628059636,0.33231975968587074,1.615253566492877,0
2015-01-13 07:00:00,25.616671267260863,67.5715419057614,10.32588068867139,0.34837013936085137,1.7379386161384187,1
2015-01-13 08:00:00,28.860051642280734,80.46321527861551,0.1568672760469122,0.29942324538172166,1.1371812028894697,0
2015-01-13 09:00:00,32.145771307987715,77.85238908616702,2.1840703522738822,0.16701089775594186,1.5700317050882084,0
2015-01-13 10:00:00,21.82396057722293,79.30223451602247,2.027922444335385,0.37277861503101895,1.7219400248463943,0
2015-01-13 11:00:00,23.136796119297767,78.3057469309269,8.068735200942145,0.2947041336336972,1.3403983969967947,0
2015-01-13 12:00:00,24.6256612238155,74.71641455513988,7.378542875483639,0.4161734790014699,1.1001393207149925,0
2015-01-13 13:00:00,29.29722563230978,55.85767636627516,8.04509269734769,0.22922612205200632,0.188293536238209,0
2015-01-13 14:00:00,26.38515767108085,89.29463216456539,5.950054621280056,0.13977252726490053,1.619421909745992,0
2015-01-13 15:00:00,24.827672330689133,82.6399213238007,7.365756356424125,0.29659739973169247,1.2295215893988056,0
2015-01-13 16:00:00,29.150199023116265,68.12568169970794,0.6163506349735035,0.42959526882842647,0.9104689033545048,0
2015-01-13 17:00:00,29.869170799025905,83.78505322394204,5.989861699843695,0.31609421366160506,2.094436454514162,0
2015-01-13 18:00:00,26.94372012172911,76.42156154398825,17.21132653790655,0.28003302008271436,0.2005164569606791,0
2015-01-13 19:00:00,24.551342320138367,76.64822146865816,4.770750125698434,0.21296529823425667,2.3508254207554202,0
2015-01-13 20:00:00,27.810838701706178,73.85268318808774,2.0521243533978444,0.4757766466680822,1.184408704955874,0
2015-01-13 21:00:00,26.3001953746423,84.29544378121811,2.328085928561653,0.19703974051152207,1.4222627249520288,0
2015-01-13 22:00:00,26.27696026864362,73.6014114278704,16.114469298991008,0.22746057423717597,0.9234691198288104,0
2015-01-13 23:00:00,25.46279934419449,71.2253225112752,35.19617409768499,0.35700341960840226,0.03304896123366885,1
2015-01-14 00:00:00,29.774949741966267,89.05395848484797,0.08335497264761721,0.11439793101132101,1.1022730710739541,0
2015-01-14 01:00:00,27.74964067898038,78.5689487218662,3.254203685793642,0.4274590665381339,1.4343214348249547,0
2015-01-14 02:00:00,30.107102645668892,78.82010888006234,0.8797167438344395,0.36241931142173556,1.6733578124818158,0
2015-01-14 03:00:00,31.008978436434376,85.53971296221331,7.942374039183328,0.38992310718111095,1.061376761092769,0
2015-01-14 04:00:00,28.376942306599922,74.6593063932306,5.563836925182882,0.3558117011949654,0.0,0
2015-01-14 05:00:00,25.480568655344545,76.25477461882491,3.893579228786045,0.28388764825436297,0.12083705879216211,0
2015-01-14 06:00:00,30.120978696659353,82.44572215778268,0.18263047906564894,0.1936851289844577,2.6364137366343057,2
2015-01-14 07:00:00,28.396994106835063,67.66897918028988,2.838485719452123,0.28599245587750394,0.43522481135951907,0
2015-01-14 08:00:00,34.81010333042292,81.76879237414572,3.7443026084721396,0.20247636882473652,2.198934620767446,0
2015-01-14 09:00:00,27.93030866548406,73.95430832654907,0.8966478183436477,0.3486155310076383,0.5461392838076832,0
2015-01-14 10:00:00,29.093064117042253,86.84378073964119,6.490294474217279,0.38067798305481015,1.0722808631904928,0
2015-01-14 11:00:00,27.871271673888096,84.37330661479928,5.5963185329857605,0.44768086311982075,1.6376457817199328,0
2015-01-14 12:00:00,26.702704224395646,83.31638685580025,3.1000041650478343,0.3371767640552863,0.6258638873933884,0
2015-01-14 13:00:00,26.223625351237303,67.14433081156355,4.508347988792876,0.39245753565951863,2.3145505950313376,0
2015-01-14 14:00:00,27.8827315339757,79.17283683860944,3.025699830524606,0.27028552627698577,1.2530098506478877,0
2015-01-14 15:00:00,28.563527255441567,70.58186751668578,0.19835861440458624,0.25217228619918053,1.5225955924097687,0
2015-01-14 16:00:00,30.463163698933275,79.70508877618379,7.625780741405302,0.34736718908168013,1.0126750943866119,0
2015-01-14 17:00:00,27.92655167491129,61.477762584882086,6.184412352236553,0.2613527127283091,1.6611042009119634,0
2015-01-14 18:00:00,25.611332473724314,67.67334185299806,0.5704968135444568,0.32691857888276576,2.3051549178949036,0
2015-01-14 19:00:00,26.01943801020305,89.5122688707215,6.6902507740748565,0.1938807810664579,1.10809984366375,0
2015-01-14 20:00:00,23.031189171290457,82.95242540805248,6.934270005488555,0.21183723175236988,2.4107989535244654,0
2015-01-14 21:00:00,31.98364153071693,77.16947322016266,6.952243602670583,0.36354093010182903,0.7718829341346174,0
2015-01-14 22:00:00,25.376479159437455,72.73005341851022,10.36352567469994,0.3886690075406096,1.734867227546197,1
2015-01-14 23:00:00,29.90232138041372,71.32596865930326,14.807405888826306,0.20143438310333195,1.542380035370135,1
2015-01-15 00:00:00,27.8296525723276,81.6012460407082,2.6707661922185757,0.36706143105064204,0.45199254912234144,0
2015-01-15 01:00:00,27.91119549251822,77.25094152326123,10.130779602078075,0.24672643269647251,1.3496667932461321,1
2015-01-15 02:00:00,26.64765637418299,92.37317746653821,2.5860013306939393,0.301650517620031,1.2051561564952609,0
2015-01-15 03:00:00,24.63660333411998,78.5218902399172,6.455178848584852,0.4416944415790647,0.6027654766062085,0
2015-01-15 04:00:00,24.094393798524074,80.46976393795627,11.63350531209328,0.3807487234022948,1.4506017039358885,1
2015-01-15 05:00:00,32.18539616641481,68.89197225555704,1.4803338132285448,0.37958719880221925,1.3024026822759622,0
2015-01-15 06:00:00,27.341883236511737,77.11440619858288,0.007302544143144937,0.49087903584569664,1.1491891368849483,0
2015-01-15 07:00:00,30.375803238562952,81.41593124054388,1.2726620601085803,0.2296120658950202,1.1519957716589206,0
2015-01-15 08:00:00,31.154720812935754,77.01771431029451,13.274319184501334,0.2014125025007454,1.1369928187534664,0
2015-01-15 09:00:00,25.76745920970236,76.11497173140614,1.0317144148174364,0.22778777297714092,0.9426102651275707,0
2015-01-15 10:00:00,28.27051729778353,82.61527700492259,12.606544926834726,0.2745498946593385,1.297883866510487,1
2015-01-15 11:00:00,27.135032326474043,92.11858625248792,1.2829084029138915,0.06454493857081062,0.7492600513453537,0
2015-01-15 12:00:00,23.528358590949335,81.15975496246261,3.531541542089788,0.27925717633031893,3.0597666440289997,2
2015-01-15 13:00:00,26.44356007228723,89.1534902677851,4.528677445927615,0.2455429268105088,0.21346672817427892,0
2015-01-15 14:00:00,28.76251977071768,84.97281902015025,1.023466351008593,0.3783759767397799,0.7906847459358787,0
2015-01-15 15:00:00,25.502912234967425,88.6748269973428,3.5795321337588946,0.335241937901004,0.8459805267961416,0
2015-01-15 16:00:00,26.025470413884417,75.1222406132269,0.3051127876186013,0.23993033722306628,2.6283453900271763,2
2015-01-15 17:00:00,26.479899433843066,78.34458004012478,2.9916116076352535,0.3589960845362904,0.2759057450157505,0
2015-01-15 18:00:00,33.33458799393031,78.37781143388268,4.11299217742947,0.3723263059823769,1.498145608590277,0
2015-01-15 19:00:00,21.497853188686683,84.3702178925118,1.255496434932399,0.2231454210208589,1.373875845532578,0
2015-01-15 20:00:00,28.504929897081777,86.33930257769491,6.250028539972028,0.2506975744617581,1.4335216132721835,0
2015-01-15 21:00:00,26.239982768243504,81.00044952889513,0.8338497056222958,0.0774636812902017,2.065440213827658,0
2015-01-15 22:00:00,25.0780352744927,87.01365261900692,7.376486735382077,0.1909340025630715,2.051080551822962,0
2015-01-15 23:00:00,26.166372878531202,75.49334818414901,8.127001941282364,0.22575304395764215,0.8843302214359178,0
2015-01-16 00:00:00,29.00212873150027,87.083020423193,6.221436711120184,0.3074166176606022,1.3358122146457936,0
2015-01-16 01:00:00,29.17357078206168,88.12647553748694,10.015307801373554,0.20546173206401847,0.0,0
2015-01-16 02:00:00,27.55805136730426,85.4199707673973,0.25909568815941947,0.2486548012950891,1.2693651059653503,0
2015-01-16 03:00:00,30.27822394936988,81.0733582678497,12.124854373623123,0.17746693184174006,0.6442074005176567,0
2015-01-16 04:00:00,30.80649898530173,85.70658665923973,1.0516041882304268,0.31711138985312703,1.0695323018276384,0
2015-01-16 05:00:00,29.449127825851843,72.84796427809208,5.140148695013707,0.34257145945849077,0.020239694628313654,0
2015-01-16 06:00:00,25.361422646558342,81.58689811488166,21.980691347966744,0.34023653484198224,1.4834106007033527,1
2015-01-16 07:00:00,28.48332464763863,82.40408381460098,2.9104715584352636,0.3012361131905259,0.012401913097074502,0
2015-01-16 08:00:00,28.49760197741571,69.36387469478812,4.660422810109406,0.14589270034986054,1.3037992247541104,0
2015-01-16 09:00:00,24.553105699060346,83.79667402351616,1.0625532863217562,0.2380046336107149,0.34144608488421535,0
2015-01-16 10:00:00,22.291683317837226,70.00945019454548,21.79600896784122,0.25926933276815156,0.6052512754048808,0
2015-01-16 11:00:00,20.931673135876334,76.57665361672456,1.260002516019155,0.2596704687079375,2.008312471781614,0
2015-01-16 12:00:00,27.209566470336455,80.31808767421039,8.844980709569809,0.3074981217989836,1.6115425621395354,0
2015-01-16 13:00:00,27.894119144600754,74.15410892293755,14.78382732372775,0.4425541372371019,2.00444219636938,1
2015-01-16 14:00:00,23.454655267042757,80.66043230896254,9.685808919406558,0.38120962126846,2.2918089927509033,0
2015-01-16 15:00:00,30.13809699765409,80.53245592348976,6.63269416183323,0.20124822201513054,0.6590129050021646,0
2015-01-16 16:00:00,27.456654447889235,73.43854688512927,5.053442569943709,0.36784028752966336,2.24928016370861,0
2015-01-16 17:00:00,31.048357844746057,84.54379567059465,0.6202017116645179,0.36403023676657364,0.17414604067476902,0
2015-01-16 18:00:00,28.111607609950774,73.88674797355014,20.97404227533268,0.2193932527048435,1.7222702341814322,1
2015-01-16 19:00:00,23.800999284362547,98.30379499787756,6.075268237448272,0.3848865922635439,0.8546635997800199,0
2015-01-16 20:00:00,28.37484363987045,79.12416941335516,4.663613233341984,0.28396233640547364,0.5487899001524785,0
2015-01-16 21:00:00,29.010332084616305,70.62964684007974,0.9149076839832422,0.1590046509985555,1.6301289071131098,0
2015-01-16 22:00:00,25.35712924233898,72.12526587028982,4.924590520165344,0.3455202724637142,1.8614660676184491,0
2015-01-16 23:00:00,22.673721008070373,89.1806437175864,4.336240608689284,0.3216961823614524,1.840687870652581,0
2015-01-17 00:00:00,27.300888192919817,76.72678680225236,21.980194208581338,0.2772322370814172,1.3504019222263544,1
2015-01-17 01:00:00,23.997466094051447,69.08988953736025,4.660391794579809,0.29625469150167005,1.2923701109304673,0
2015-01-17 02:00:00,30.362662989183395,86.82970197702214,4.836204235379354,0.22809145211115378,1.5688066099899318,0
2015-01-17 03:00:00,25.778469958720223,76.67540889777534,0.9348201521344179,0.36101305037971093,1.4126348528620336,0
2015-01-17 04:00:00,32.173803319479894,85.2273560889548,1.6882379548226902,0.2956549365491074,1.5789490877101862,0
2015-01-17 05:00:00,20.627523997443493,87.48452820524902,7.84234397807306,0.3166448843948228,1.3427996227774999,0
2015-01-17 06:00:00,27.404386812435444,82.19570831046836,0.15046739545331994,0.33571419244288725,1.7899486771544546,0
2015-01-17 07:00:00,31.28817792030396,99.16725916548266,12.064366445905932,0.1845414385573675,0.06095453541470053,0
2015-01-17 08:00:00,24.32908705233811,66.20206005653421,12.367968473202502,0.2105716978117948,1.1081085674395297,0
2015-01-17 09:00:00,26.522397193118895,73.45639939782554,1.435545705260218,0.07900555403837906,0.23130745430808974,0
2015-01-17 10:00:00,25.790892856907867,77.95239996316835,6.658297149922168,0.3564742258490407,1.3936914123234192,0
2015-01-17 11:00:00,24.94869707354315,98.08938822886498,15.218972968524376,0.17877899762532334,2.3493511230975885,1
2015-01-17 12:00:00,27.733867923342842,94.3840197608177,3.9397095431332887,0.31325697098956523,0.868140652637122,0
2015-01-17 13:00:00,23.11373519700269,90.30952693915133,3.118962211688709,0.3370988224939553,1.2890764212080505,0
2015-01-17 14:00:00,26.667093656009325,73.64700847403272,3.6179222825790056,0.360235283889252,1.7295407004451473,0
2015-01-17 15:00:00,28.54798271305372,74.57988208183656,6.060554017143806,0.17959830861639406,0.0,0
2015-01-17 16:00:00,26.35471886584007,73.37151971887637,2.0264665234374193,0.2934838381859309,0.8345226624990685,0
2015-01-17 17:00:00,23.99938740004267,73.7325848956739,2.794812949950009,0.4670280420787749,1.455160961490995,0
2015-01-17 18:00:00,30.090556195804506,91.9416368582078,6.189752811574709,0.4714314679984316,0.0,0
2015-01-17 19:00:00,29.19077088485055,78.04986301283326,2.506665948480666,0.3987323094026951,0.51623405484752,0
2015-01-17 20:00:00,23.876438486088777,79.10801468284846,0.7975083093864057,0.33374931388188395,1.9706005813669023,0
2015-01-17 21:00:00,23.117677304932375,86.19509429538745,4.764345347612661,0.19948936111546223,1.9020978303155074,0
2015-01-17 22:00:00,24.144226752018525,66.6917762077282,14.381646688559114,0.3718621625391053,1.46202275915907,1
2015-01-17 23:00:00,28.635819496461647,80.42116657015312,7.009346272959026,0.2841978771253159,1.817538347960224,0
2015-01-18 00:00:00,27.82671869688764,71.22502617061663,0.8548558113822491,0.35605282752728445,1.3505729640950246,0
2015-01-18 01:00:00,29.370248137337143,77.64468063553345,1.670008549050479,0.23671565451478832,1.58877643520962,0
2015-01-18 02:00:00,26.021549345848154,75.3086344483263,3.0900392239101535,0.2827066887160071,0.9790424038115703,0
2015-01-18 03:00:00,24.225797287499677,74.89615403174994,22.57911365789477,0.31641473600764247,1.2810688780454649,1
2015-01-18 04:00:00,29.7565394652435,81.80465445365091,23.621606500494153,0.3246278091493858,0.7573407295089243,1
2015-01-18 05:00:00,25.339654459646507,81.76970721914009,21.332814214890917,0.3493722714460248,2.084438340927619,1
2015-01-18 06:00:00,27.559644167561935,78.24143528612812,5.323445110488337,0.24208050154751004,2.265091586651541,0
2015-01-18 07:00:00,22.350225482653876,82.96547474392925,1.7949919779042225,0.1656715547889797,2.165938960487951,0
2015-01-18 08:00:00,25.2905687270316,73.0510836731716,2.948910090827719,0.4624785039899795,0.9143238668254964,0
2015-01-18 09:00:00,30.02818896282454,85.45268695231542,11.214886460617114,0.5489254169023358,0.5323581724444388,0
2015-01-18 10:00:00,24.851176299990428,78.35040782273916,6.224213953720204,0.34474207112023786,2.093881562525114,0
2015-01-18 11:00:00,29.443511464354497,76.13069150289682,6.604516947162763,0.16760079052698892,1.580735041813989,0
2015-01-18 12:00:00,20.006940911435418,73.64192950637614,1.129266142848209,0.2226804883157123,1.4300090390665496,0
2015-01-18 13:00:00,25.321825021070442,78.06882031626655,4.299905596496303,0.3509117569050969,0.756457540538398,0
2015-01-18 14:00:00,26.485936062365603,94.96511405476738,1.8338666703427906,0.43411156116812855,1.4979646688457353,0
2015-01-18 15:00:00,32.22762091002722,79.49348983917929,0.5380195179162005,0.17871093654581438,0.4403053582366455,0
2015-01-18 16:00:00,23.492811359956644,70.84477171085248,2.1607006578382557,0.28756671791510985,1.6438436492553223,0
2015-01-18 17:00:00,29.01297988634127,87.35055253428037,6.226067481281344,0.31959320644439687,2.165220689724347,0
2015-01-18 18:00:00,30.17079534374638,76.22457251366596,9.550669878759317,0.38645784512858744,2.3417318807355665,0
2015-01-18 19:00:00,24.835531058267176,82.27007203481976,0.10070720183351475,0.26563989055996207,1.695966837876871,0
2015-01-18 20:00:00,25.879428153681932,75.15471559658738,4.535582785052064,0.14361853086780751,0.23258491526521485,0
2015-01-18 21:00:00,27.42488632143571,90.24618652914536,4.077785874791349,0.3621197559452902,1.338131091662215,0
2015-01-18 22:00:00,22.555545098422414,75.27392194683229,5.889661460956946,0.4124795965171238,2.697777220840399,2
2015-01-18 23:00:00,25.63469036441593,91.18286382862028,0.8837042280759536,0.2917408538254839,0.591971886690401,0
2015-01-19 00:00:00,30.828336122839247,71.60591532376971,0.9151717656953546,0.3405240091306431,1.158572898962848,0
2015-01-19 01:00:00,28.56796443259326,77.65674891427616,14.729914398152992,0.2525508770572929,2.189467046260684,1
2015-01-19 02:00:00,26.529746131550272,91.19996628725426,1.4647677329129118,0.21542272052741057,1.6319937454515097,0
2015-01-19 03:00:00,27.33921708550945,81.34539379825071,2.770777791487954,0.40264256805472187,2.936109427139573,2
2015-01-19 04:00:00,28.742716096589316,98.17172753444507,3.14890098590113,0.33874958478144607,0.6869914317399881,0
2015-01-19 05:00:00,29.31723044373034,77.84687640609586,1.8840869080062699,0.34903685994018824,0.5071709499814246,0
2015-01-19 06:00:00,25.330757557862693,82.05634282368538,7.602320803083254,0.4502115147994613,2.0568878050846218,0
2015-01-19 07:00:00,31.60416282983901,95.24119417639054,6.966011216798109,0.19451576656814268,0.3628849602099249,0
2015-01-19 08:00:00,30.949044603613984,67.88861426606185,3.8680656123633073,0.24479737318405778,1.0622624078277245,0
2015-01-19 09:00:00,29.03177289105964,66.8979997345477,2.0443387235735053,0.31579333488346956,1.1540474185982963,0
2015-01-19 10:00:00,24.471120402462326,73.63593458232474,3.5144111760652637,0.2435686762238758,1.9251926313701455,0
2015-01-19 11:00:00,23.93932827968822,86.5069815157866,4.977191675976374,0.378313653527245,1.6299875776176727,0
2015-01-19 12:00:00,26.02018861021022,67.12119053334449,1.6730477768546517,0.28126007790960156,1.5199454399238037,0
2015-01-19 13:00:00,27.182295292933233,84.77639245249615,8.179656437422182,0.20074671925028104,0.9182983854688332,0
2015-01-19 14:00:00,21.694524403322845,84.21365355591115,11.981666476616978,0.3065771675187661,2.05050281335736,1
2015-01-19 15:00:00,28.484079400635768,96.11512186561566,17.023643538192935,0.31703387708067876,4.018076829909085,2
2015-01-19 16:00:00,30.862386791545415,88.36387940409898,16.12399670583696,0.393468206289633,1.683897469246041,1
2015-01-19 17:00:00,28.729422419492632,82.9124018999822,3.1238305487798868,0.3393140903147424,1.2697705452827854,0
2015-01-19 18:00:00,24.971841591587296,90.87306348122368,5.255221170659885,0.34611463913598356,0.29149592030548765,0
2015-01-19 19:00:00,24.61678980779853,84.31123152891894,3.781130716208148,0.3320291684007225,0.7537629854779926,0
2015-01-19 20:00:00,27.899557032522235,76.31943956298238,3.7647340086636234,0.28117774787080696,1.0504028362368871,0
2015-01-19 21:00:00,26.54008885398546,70.84315378360911,3.484474610510916,0.22837808848887353,0.8257798318130072,0
2015-01-19 22:00:00,28.329123522767723,75.44507517045535,4.6316815092951495,0.3288838351659376,1.1887455158312061,0
2015-01-19 23:00:00,28.805164117816904,79.67940900362306,13.839519505485175,0.26668752341163593,2.4446112537651015,1
2015-01-20 00:00:00,30.275671586683988,81.40014724279683,6.425873092710918,0.46898226204410154,2.073016842158464,0
2015-01-20 01:00:00,23.603629713211433,62.918435215305934,0.8159680937032343,0.43421822947732186,1.088817098472222,0
2015-01-20 02:00:00,27.664856843547938,78.24351732060805,11.519158698774152,0.36328391323516085,0.3542040387338976,0
2015-01-20 03:00:00,25.90957498811603,80.22865415639556,5.8036688146356745,0.33784669392929856,2.136157350031689,0
2015-01-20 04:00:00,26.704094868193916,84.38029955903872,7.689980476658407,0.29120409490188226,1.1656620085770448,0
2015-01-20 05:00:00,29.593226558006233,93.0144070600508,6.2937749698993555,0.17388762686528647,0.0,0
2015-01-20 06:00:00,29.91937761915373,81.48522828356215,6.599557930343455,0.27838277766780345,1.6987010829451252,0
2015-01-20 07:00:00,31.195330951150964,72.72349699001825,6.9189660358013585,0.31014000334052566,1.9179806789634255,0
2015-01-20 08:00:00,28.276770751104802,65.45536493118823,0.18707317837232898,0.32294564744446624,0.0,0
2015-01-20 09:00:00,26.669949627732617,85.49608766489905,7.5924390232695504,0.3469536367015826,0.6228117505069676,0
2015-01-20 10:00:00,26.24136459164885,73.04730112418069,1.7814551131735388,0.3921330197877685,1.1226821920846002,0
2015-01-20 11:00:00,21.795734992815994,86.93469581729077,2.496903351888479,0.2307845928307133,1.7141576379160322,0
2015-01-20 12:00:00,31.01920513469581,91.17936121730055,4.589921286412807,0.23169243927909886,0.8389773907630802,0
2015-01-20 13:00:00,26.03430475864299,67.64740187216661,19.395714702685435,0.44508566797431587,0.6175006686182445,1
2015-01-20 14:00:00,28.517691180008732,84.4311404700717,1.0879179040328173,0.37709815891931486,1.7090184747761976,0
2015-01-20 15:00:00,29.0369895772273,90.34097928271476,4.4154412849750635,0.2609229057866679,0.8721743386800886,0
2015-01-20 16:00:00,23.264053472849582,88.15231460224226,3.382618736712735,0.28927888310477634,1.5794382553840878,0
2015-01-20 17:00:00,24.229960822621095,63.22896450471636,11.365502171405089,0.28972860533251016,0.4219390415177866,0
2015-01-20 18:00:00,31.64105972116648,73.17078364165036,3.268519666745222,0.3031574122281383,0.2533668865345211,0
2015-01-20 19:00:00,27.871306547050633,69.75855595399662,5.8745731668380365,0.3472683092238613,1.7286884102992779,0
2015-01-20 20:00:00,25.25824300710445,84.1877820411764,1.0932140723259482,0.5534992746099832,1.3767639372220497,0
2015-01-20 21:00:00,26.62095896661737,83.30661298788398,13.186273410558268,0.3189756561162652,1.845719013265345,1
2015-01-20 22:00:00,30.258710714498516,58.416864976475,0.44955097656394205,0.3662598150425251,0.8271848993549907,0
2015-01-20 23:00:00,29.802943439202913,77.59334702937727,7.489019314816693,0.1313523293809857,0.6434262882641785,0
2015-01-21 00:00:00,22.60175471328107,86.40575864272886,5.913989124317198,0.2515100007221165,2.1525032212786375,0
2015-01-21 01:00:00,31.902851531015678,81.18380792979298,6.86051411230714,0.4228815002716605,0.13392886520387082,0
2015-01-21 02:00:00,29.898444092996037,81.1701353559989,0.4637114938524237,0.34023153913566156,2.0760224964264373,0
2015-01-21 03:00:00,26.542574251975243,77.08005050625032,3.186289709259997,0.0,2.1243532952376682,0
2015-01-21 04:00:00,23.42483267073984,71.52847247140258,10.856704761977568,0.3674023202316197,1.8020626599862526,1
2015-01-21 05:00:00,30.162025920182778,79.86355340887613,21.932668079239562,0.4918164394628769,0.7185347380926863,1
2015-01-21 06:00:00,28.429282500883858,80.416747609881,4.0472515940843135,0.10040924138802065,0.6284333142922485,0
2015-01-21 07:00:00,22.626604865766705,84.92203616266364,9.919030198045563,0.4519387675645512,1.0529609589012603,0
2015-01-21 08:00:00,26.30376577392487,85.5719993943637,5.321744868560984,0.02280443693740719,0.2934722262180204,0
2015-01-21 09:00:00,36.378518828377466,80.68689135330592,4.2955304438181265,0.3937998945053413,0.5268142008724823,0
2015-01-21 10:00:00,27.049505272243266,88.75926691667865,2.7480418677187117,0.29913513739877595,1.651314004056332,0
2015-01-21 11:00:00,24.77408821699303,77.00060265491383,4.615743391882818,0.06500287847553834,1.65454437995691,0
2015-01-21 12:00:00,23.974510124080076,68.44780344096213,9.09468016191371,0.34461378272397863,0.46529762142553066,0
2015-01-21 13:00:00,32.31629695028826,83.81642935534565,9.826593762140664,0.4150839749152059,1.6732853547100521,0
2015-01-21 14:00:00,29.543278468733064,81.01103643511404,0.684503562568344,0.3363887003821573,1.5180123140178643,0
2015-01-21 15:00:00,31.222317341751683,83.9754521254389,2.4389264972456464,0.3584827637059613,2.256920378203972,0
2015-01-21 16:00:00,27.744555852276473,69.88438921373658,1.004362847448169,0.2588323887660938,1.598395509307265,0
2015-01-21 17:00:00,30.76205770599836,94.32636870888835,4.879576346974814,0.11386102447789778,1.9410067376140645,0
2015-01-21 18:00:00,24.45503883135627,85.68401930930914,3.0476422201216895,0.3691864022337064,1.5339543136511478,0
2015-01-21 19:00:00,27.487772942745174,77.69602487200699,6.626553815029293,0.47497539194462957,1.8859503767880315,0
2015-01-21 20:00:00,27.86116054491821,72.51637483228284,7.106451209842572,0.4129580854227459,0.2990179904025575,0
2015-01-21 21:00:00,31.147340795625663,88.61722728345799,0.02260307578747343,0.10121241703986536,1.1147788800223606,0
2015-01-21 22:00:00,27.956529120421365,71.18584174348915,4.575703258741772,0.1485105592789066,1.172712062240729,0
2015-01-21 23:00:00,25.123464774791355,98.09091859833656,14.085412086858415,0.21540322582026594,1.0293750371453023,0
2015-01-22 00:00:00,27.192221516761123,75.09436048080535,2.4402471254060583,0.14070245487198565,1.5107206412217078,0
2015-01-22 01:00:00,21.970760392619276,93.76404171684489,2.3466009664023084,0.3044189919556039,1.6440657581470255,0
2015-01-22 02:00:00,20.037093800189197,78.52420971941827,11.969051751888216,0.3393415805180523,1.474579953949804,1
2015-01-22 03:00:00,29.49402411032486,92.64597367056247,10.263655639663781,0.15697467167576323,1.0761392831450636,0
2015-01-22 04:00:00,25.875768341080967,74.12105194538788,1.1862815783529859,0.37771284592755283,0.6849889441084125,0
2015-01-22 05:00:00,26.215748103059198,80.1506910283736,9.332475362379448,0.3601103944020014,1.9680302519093638,0
2015-01-22 06:00:00,29.492840038099843,86.43799464136453,1.6449191608418459,0.24518408751562967,1.4448129716296845,0
2015-01-22 07:00:00,31.191031155133796,85.29661709356658,2.314067026087964,0.28274780140160155,0.4869702991204141,0
2015-01-22 08:00:00,28.603463864482748,88.80609466926308,1.1845086727451148,0.10501988243469682,1.0644187208452633,0
2015-01-22 09:00:00,32.78421849065344,76.10022308158749,0.6743127014882778,0.26677378437129257,0.0,0
2015-01-22 10:00:00,28.508067402171832,80.67846698279848,5.200422004943814,0.30073849741303255,1.22475943004321,0
2015-01-22 11:00:00,27.906640390739984,89.98710860798457,0.4950637454766155,0.31687475952281896,1.0611340401809828,0
2015-01-22 12:00:00,27.721166467513797,74.35795598624838,5.432967004627843,0.3378876912020174,0.7978731347512635,0
2015-01-22 13:00:00,23.14351331359915,84.58032848894722,5.250182223648772,0.3244241743230572,2.30922013286247,0
2015-01-22 14:00:00,29.867995816920367,78.246718081778,3.838921481604586,0.27356563027343295,0.39069211632052137,0
2015-01-22 15:00:00,19.66360193995414,81.64699285266084,2.594489331118425,0.3286194942554317,1.6944750661776347,0
2015-01-22 16:00:00,25.241241428172664,80.6764017313156,1.9772877884059987,0.4002031993310248,2.7306957126523113,2
2015-01-22 17:00:00,27.06879105170284,73.69373479372028,0.9539523712188315,0.29045019266903555,1.9540875326016813,0
2015-01-22 18:00:00,24.63071302975991,77.91445446302042,17.13480029917706,0.33175948908316766,1.177922852531563,1
2015-01-22 19:00:00,25.644732230781536,81.15945801661364,3.6412381272975045,0.28138289373358816,0.40615195240367075,0
2015-01-22 20:00:00,32.518126698681684,79.17820801030297,3.497485657511831,0.23532410835204287,0.2465564763908813,0
2015-01-22 21:00:00,30.312071657345037,92.58188759835392,1.2777504567841629,0.35228796669176043,0.9119138135297347,0
2015-01-22 22:00:00,24.942516957579784,88.0796444545309,15.591533828777356,0.24447740558297948,0.7190994862602642,0
2015-01-22 23:00:00,25.59130046708287,82.31984398794798,2.155273749879255,0.3386146900992191,0.6963171637293073,0
2015-01-23 00:00:00,23.16898815434447,73.89483053824398,6.0030769402835435,0.3028255371510045,0.9715805811701291,0
2015-01-23 01:00:00,29.11498135801841,73.40781526481638,7.267487233959194,0.26960653234798565,1.1284270349800192,0
2015-01-23 02:00:00,26.250772648768574,95.79048828224329,5.204687589257351,0.2671857167853339,1.5396483633517073,0
2015-01-23 03:00:00,21.100600587316357,71.92091651142245,0.4707558604685354,0.2491879007584313,0.3335426463762995,0
2015-01-23 04:00:00,27.302350775430174,80.9108769452042,8.95607330370719,0.1354198827910986,0.722429342706865,0
2015-01-23 05:00:00,28.316936650805477,82.88758971478944,2.125294258058352,0.3382895095161692,1.088229542024263,0
2015-01-23 06:00:00,29.88942291952516,77.50941078813355,10.167556518713713,0.323154682527832,1.0631603646037115,0
2015-01-23 07:00:00,26.779935616269675,71.98236988338112,4.256521191167209,0.3849670252448494,2.485496595189396,0
2015-01-23 08:00:00,25.881986511640854,73.7208268879481,7.718060258378339,0.2468543097693205,1.3625726149067001,0
2015-01-23 09:00:00,32.958794041468586,75.62795998156777,14.695844429706954,0.48953836254766675,0.07048713162840281,0
2015-01-23 10:00:00,27.019758468298654,74.32405704721776,8.639224705799473,0.2620264052150367,1.4927269531107352,0
2015-01-23 11:00:00,29.158685494793804,90.62176314544745,7.905783398119039,0.2124890357805304,1.581964605920785,0
2015-01-23 12:00:00,25.381381069871225,79.92699205221896,9.350646176851837,0.20063150801573348,1.1124103802286833,0
2015-01-23 13:00:00,29.069728954907497,75.8095911908191,1.560963072641427,0.12660775967703375,0.3506223279135591,0
2015-01-23 14:00:00,22.633113022787704,80.85566435093764,10.576639478458489,0.4532627892393128,2.430638286719424,1
2015-01-23 15:00:00,25.6137973628441,85.34364724235931,3.3152645168766073,0.43710673907686615,0.4510812604931199,0
2015-01-23 16:00:00,23.37517728172184,77.24304235153936,3.4489387145984693,0.3600745162884758,1.6625405444911534,0
2015-01-23 17:00:00,25.185080034391596,87.21585036140732,5.027576279622906,0.21039111922242199,1.3400353703447547,0
2015-01-23 18:00:00,30.751410120693212,69.83082580514753,2.9511062022538552,0.481126768155912,1.620567384320839,0
2015-01-23 19:00:00,25.163022332088907,89.37042905693131,1.115710507668309,0.2648280838478344,2.394800546917131,0
2015-01-23 20:00:00,29.154768376422254,79.92838128182224,4.616350320458006,0.27309741687733474,1.5931472104987245,0
2015-01-23 21:00:00,31.55179554617112,79.61590118598617,3.4689561389841663,0.44372590804360756,0.8089350410695269,0
2015-01-23 22:00:00,26.917268059190043,74.45588540428118,3.3216845715555485,0.3658910584480872,1.9741945925895725,0
2015-01-23 23:00:00,29.98130131516884,70.17719895589269,4.101948098625272,0.5201103138754594,0.7582303849691163,0
2015-01-24 00:00:00,28.593257874416025,66.66662451347688,3.3517197680501285,0.32487222603190197,1.3144906079766874,0
2015-01-24 01:00:00,27.349310791750597,73.8977866484017,16.346601929982164,0.2602969200421275,0.2948414743889469,0
2015-01-24 02:00:00,29.250946767950786,84.70138576481882,15.231961058363908,0.2388195116540204,0.47670314086427334,0
2015-01-24 03:00:00,32.51981426997556,72.3097726215627,4.7983639706484,0.11530038228093728,1.2359706693053305,0
2015-01-24 04:00:00,25.08819326247434,67.61241451420553,4.619972711383574,0.27214042271937955,1.4576606960066103,0
2015-01-24 05:00:00,24.122397299471775,72.72747751329771,0.007355956783203726,0.41445933388273803,0.008326564116278856,0
2015-01-24 06:00:00,23.94625636303397,76.92133345996548,2.2958111925475486,0.3598834172656069,1.5481011576004649,0
2015-01-24 07:00:00,29.983283909209664,77.23599021870118,9.261412303709635,0.30203080065604054,0.6263997163811917,0
2015-01-24 08:00:00,30.388102869385058,78.96885673405788,2.862228635345959,0.20050655561836705,2.0957816109698166,0
2015-01-24 09:00:00,25.388889199998196,88.26085076841503,12.41229626345236,0.3226873018012737,0.9536248998228443,0
2015-01-24 10:00:00,20.591959351681957,89.99403550473191,11.737220483162606,0.40128137051953733,0.41346441131501,0
2015-01-24 11:00:00,24.975729780230743,96.04370004311457,2.23581025181825,0.34307192564699845,1.2530631905714766,0
2015-01-24 12:00:00,28.64356253342099,67.00074146641145,5.205927814033811,0.3166735169633359,0.5586354992448922,0
2015-01-24 13:00:00,26.799830583051502,73.15292863730932,17.488506452341774,0.22030423467187937,2.0882615990031876,1
2015-01-24 14:00:00,27.541043240266102,85.58788125647803,0.4486130148954291,0.3867181814112013,1.2003711452731698,0
2015-01-24 15:00:00,25.429966745173207,76.36775027579979,2.9433355176700102,0.0,1.093826363834699,0
2015-01-24 16:00:00,30.042267374129295,86.88629175879386,0.3560486202479982,0.3382845708865145,1.6142607132517055,0
2015-01-24 17:00:00,28.02957540526391,81.65690744091862,1.3977019036727594,0.5570321980944599,0.4965367925597949,0
2015-01-24 18:00:00,28.759390417091407,92.6336336802944,22.04256358773419,0.14916266126681527,0.29759244127004014,0
2015-01-24 19:00:00,27.477197049080043,88.34172891146149,2.9420770680825576,0.27586305452986337,1.4858461056091459,0
2015-01-24 20:00:00,28.57310449083253,88.48813301247185,0.09419871869189421,0.29920890098752734,0.4302305043938337,0
2015-01-24 21:00:00,28.375715064542884,76.70502713045043,1.096968002111272,0.25374171859434225,0.4299928923753803,0
2015-01-24 22:00:00,24.215776115592654,79.22031323225383,0.27457541662078017,0.40363742425589794,1.7857292218546212,0
2015-01-24 23:00:00,28.119189286125383,77.55797233946114,5.425836163342043,0.3472451014355301,1.5675448769887579,0
2015-01-25 00:00:00,29.37452451583956,67.95286285080074,7.160249635388487,0.3152300372547319,0.32231932028296206,0
2015-01-25 01:00:00,30.46542439858453,91.77415404396426,10.709581016154624,0.37972725611692804,0.7666047699410645,0
2015-01-25 02:00:00,28.24832144485114,85.96309847074569,8.790110184271878,0.3016750709071742,0.567387910837576,0
2015-01-25 03:00:00,24.104248443805393,77.2397830073525,0.49616782534337817,0.6179864488823514,2.443423508628406,0
2015-01-25 04:00:00,24.566048011277992,90.43674005967978,6.798823687488886,0.3151346933656741,1.8342072992994258,0
2015-01-25 05:00:00,25.694555756241208,74.95705882602276,3.8983540936662697,0.3195282098489704,0.9054086077963082,0
2015-01-25 06:00:00,27.568391724409576,65.29492425235779,12.182741809167439,0.12895319504267244,1.6033362825404447,1
2015-01-25 07:00:00,26.63329169607722,88.05895802314892,9.773305299003468,0.2456549672696576,0.25066966984841954,0
2015-01-25 08:00:00,23.62880380310726,69.77151813507203,24.498924603232986,0.414737768179981,0.7291476941673549,1
2015-01-25 09:00:00,23.610839897054845,78.43379627500813,1.2474526667248194,0.16645431496401272,1.2734042861593202,0
2015-01-25 10:00:00,20.70443467527995,81.64898432627008,0.9793572309069819,0.08424428256980449,1.5165615244021389,0
2015-01-25 11:00:00,17.64157522839597,83.0837227579101,2.4893460132710645,0.3032315471187575,1.131778612140589,0
2015-01-25 12:00:00,26.604654531135225,86.78720844963037,4.082749398396832,0.4370744507474978,1.373609457499958,0
2015-01-25 13:00:00,33.96069112542857,84.6468114101401,1.8893212008110285,0.30423812286961255,1.2548355219671883,0
2015-01-25 14:00:00,32.39033857137428,84.39914021249622,1.3538431181888744,0.2663875397373656,1.0854958185843777,0
2015-01-25 15:00:00,24.065305763631088,73.67398574354807,6.346704317596537,0.11415120622590197,0.9926980854663744,0
2015-01-25 16:00:00,27.449709892171832,82.35394845814126,2.479300244416161,0.3452254122702193,0.901614589125551,0
2015-01-25 17:00:00,22.606261469849503,67.95560023959915,1.777405454825147,0.3661275108883045,1.3623562560400115,0
2015-01-25 18:00:00,23.063671407425637,92.49710158762264,0.49423972489276835,0.12182675008988994,1.4875709124396193,0
2015-01-25 19:00:00,23.40758220710886,68.7794814094542,0.013599183700545275,0.4134532448697219,1.3388514171231838,0
2015-01-25 20:00:00,26.3235039466745,77.22848128994924,15.662083819033349,0.3765695525892109,0.37498206499925824,1
2015-01-25 21:00:00,26.452621169364072,69.44900608778573,15.25671196071837,0.41323159425473455,0.5007505041997686,1
2015-01-25 22:00:00,27.758105912420575,74.15866971307479,10.057652820693368,0.35835250918333417,1.479217264163647,1
2015-01-25 23:00:00,28.989649169112848,80.1074273234564,7.938167646849442,0.36536827088113183,2.2301713104696144,0
2015-01-26 00:00:00,25.989357229814527,75.76993521187198,2.18692235778507,0.3520720898701739,1.3066908230911287,0
2015-01-26 01:00:00,27.108605911987883,89.15397006516497,8.26170872177077,0.38684723215011957,0.9118321112661041,0
2015-01-26 02:00:00,23.71856247992937,81.81520812770238,0.8634598527345316,0.11812422308760812,1.3570383188099429,0
2015-01-26 03:00:00,22.966508927228457,76.29672216617125,5.069593647843165,0.14989405663784852,0.40422500424060004,0
2015-01-26 04:00:00,22.50308296185507,78.93134456020763,1.5662690572766704,0.2263992099810228,2.1162602095755245,0
2015-01-26 05:00:00,28.94774340338468,89.75760365644749,8.295515553065282,0.28701798283274466,1.3306159011556198,0
2015-01-26 06:00:00,25.98627645573527,87.27096706627573,18.51812166273765,0.33881369233081793,0.7313799507526162,1
2015-01-26 07:00:00,21.38663921152679,70.8898328478767,1.0900340063085712,0.332468165322885,1.0832431737349875,0
2015-01-26 08:00:00,26.81073314194917,74.55478628688316,2.3363561773470707,0.4117105811456031,0.831074637555469,0
2015-01-26 09:00:00,23.25353600464175,83.79831854947497,4.966496630660489,0.4148495298580351,2.1181689837717834,0
2015-01-26 10:00:00,31.981136456918914,82.82693268821632,0.13946854797909014,0.2127614891706207,1.0584319373870585,0
2015-01-26 11:00:00,25.263534835239522,71.5969476688099,0.3086512754628984,0.3238576110050471,1.308756022280915,0
2015-01-26 12:00:00,29.044517957457366,85.99301271445299,18.05554812572891,0.21521684522781614,1.6016085196559042,1
2015-01-26 13:00:00,30.26688908215496,72.87300687850883,6.375785574016364,0.2811752961646433,0.6814633773648205,0
2015-01-26 14:00:00,24.135214642328876,90.43061419085073,2.0251934151480615,0.33217913690484946,1.33559662629461,0
2015-01-26 15:00:00,27.228141352664124,84.23559324999697,4.400492404221996,0.0,1.3921048985759468,0
2015-01-26 16:00:00,28.660403704164437,70.94460439483423,2.5031929168243225,0.5411244039639684,0.11214482528556524,0
2015-01-26 17:00:00,27.34663851723032,75.7673863882927,5.130981557602358,0.3566408677397475,1.376887542144327,0
2015-01-26 18:00:00,28.083302277929455,75.62831508377101,2.6280341341272684,0.2404296724586594,1.1679665545398026,0
2015-01-26 19:00:00,23.01111181932254,81.27901377041864,4.019507473442743,0.4927369755230228,1.2909764044811975,0
2015-01-26 20:00:00,28.662108659143573,78.36818481590008,9.028653526096548,0.26525688295138056,1.2249407994433965,0
2015-01-26 21:00:00,25.541507417481874,70.83608869294574,8.47596773673986,0.31325193858280576,1.3814189110650574,0
2015-01-26 22:00:00,28.04835366985242,68.8459268302194,17.188114807064423,0.25128841896023724,2.1361402579733104,1
2015-01-26 23:00:00,29.759966536654392,84.39218667518288,6.851368911724719,0.46519918374433394,0.37434481154042343,0
2015-01-27 00:00:00,29.00642552255482,82.2898949165133,4.723792967940287,0.2895015293694119,0.9604933651497058,0
2015-01-27 01:00:00,28.04615917646842,80.84430045764026,19.439568597030643,0.3149484100739509,1.6666330402739855,1
2015-01-27 02:00:00,28.92638488855355,82.16585487168369,3.5470116320125786,0.4203782153025446,1.5366481074095377,0
2015-01-27 03:00:00,29.065233161666356,75.04864681979971,10.175638721739496,0.3585139457461076,1.521583887339459,1
2015-01-27 04:00:00,31.48650348415178,81.47193886220116,6.045170755156179,0.29456519348659277,3.1275040509713357,2
2015-01-27 05:00:00,26.897847901611687,100.0,4.479016496316886,0.4110390972357463,1.6298948668816942,0
2015-01-27 06:00:00,27.491870980327167,89.39653696597715,10.430696460103837,0.5538483229427952,1.9916564573785174,1
2015-01-27 07:00:00,29.796200426928333,77.6927323923213,2.6574559557762205,0.3317410448799421,0.9850495588032441,0
2015-01-27 08:00:00,25.528837170709462,75.81302602319008,10.62487893945734,0.31167600878725665,0.5049613382719025,0
2015-01-27 09:00:00,22.99419758196604,57.11648482006747,1.9267083518764676,0.31706270836190814,0.9799777995364563,0
2015-01-27 10:00:00,28.47969052374831,88.54955322387758,1.1639475437032443,0.43104295008315174,1.698372119940383,0
2015-01-27 11:00:00,26.381928946152165,86.29284283019851,9.805755070751408,0.24008022649670774,1.4847794983804228,0
2015-01-27 12:00:00,23.377417764796895,75.64937624578806,14.59286184746005,0.2721682440288339,1.4822759594192159,1
2015-01-27 13:00:00,28.501625788139513,68.54633853698297,3.005154268310866,0.14625570508733585,1.0499589292420106,0
2015-01-27 14:00:00,31.293399045087746,70.7578604544822,10.253716490304612,0.18161321373600262,0.9383381668309172,0
2015-01-27 15:00:00,22.110772361132742,83.55518289983539,7.065287899128501,0.24821999973020295,1.0740999289947055,0
2015-01-27 16:00:00,30.066974985649445,79.28527413069989,22.56150423644891,0.2944063005939577,1.7071328151156488,1
2015-01-27 17:00:00,19.388797452762955,85.53273614085825,6.871890123529363,0.47690833257701193,1.7885091997192926,0
2015-01-27 18:00:00,25.799140109455458,80.69154510694547,14.116222246421785,0.3535992804925224,0.49563084523014067,0
2015-01-27 19:00:00,32.52154773672774,87.73407065693188,2.2381781967327985,0.2087921489810206,1.7336397916020143,0
2015-01-27 20:00:00,26.0150278544614,82.95660112313797,0.3056240703160661,0.22720195146358846,0.7444951384706392,0
2015-01-27 21:00:00,27.269815187462974,86.63036304128545,11.784456025225488,0.4374748683230654,1.5282451562887371,1
2015-01-27 22:00:00,29.288598602320665,63.2825327126245,0.2837494929551973,0.4126610348629192,1.0656239802762584,0
2015-01-27 23:00:00,21.850579457818043,70.12523543602032,9.703207065498304,0.3028149910224203,2.2960519844672893,0
2015-01-28 00:00:00,27.216284402519268,77.08518664089898,0.948801527013236,0.25574735344611677,0.907347759713198,0
2015-01-28 01:00:00,27.192639215883926,88.63655027920194,6.169869174337742,0.4124932835704643,1.3250282886263482,0
2015-01-28 02:00:00,32.58696291974622,95.04423780854192,22.916236593603013,0.20066728732753134,1.6246152102915992,1
2015-01-28 03:00:00,23.29277750700653,78.68611374090497,8.99416113876916,0.3392030398057523,0.5882288049139826,0
2015-01-28 04:00:00,25.855382050649634,75.10735948889456,3.56570704372668,0.5272658990893331,1.1490000612011384,0
2015-01-28 05:00:00,24.21493262752915,64.36025164593758,7.233347827223774,0.32053556822514573,1.013390580763804,0
2015-01-28 06:00:00,23.896764588925862,86.9085101125853,2.350635723019908,0.22243905207383957,0.8403305616158188,0
2015-01-28 07:00:00,30.382208181193736,75.59847539844418,30.533444890297787,0.3410368702671538,0.8921938989617322,1
2015-01-28 08:00:00,27.07995450600245,100.0,1.7257100802216225,0.25299912809846525,1.978410218695756,0
2015-01-28 09:00:00,25.333298410720438,74.08476863972389,4.050093623366245,0.16058841562465853,0.7810144856677668,0
2015-01-28 10:00:00,25.446462296572392,96.84220077488531,8.231357057863661,0.37010360268721065,1.596485517870124,0
2015-01-28 11:00:00,25.31031876916381,85.98693906869974,6.712372037282824,0.41178344005497225,1.420216501421801,0
2015-01-28 12:00:00,25.57859046777692,71.77388480542906,7.509452467048362,0.2689093327927427,0.22211391895737698,0
2015-01-28 13:00:00,23.206663967132208,81.8571503091487,2.4171020987522276,0.26227643259037264,1.5634186068985088,0
2015-01-28 14:00:00,26.2238113723044,86.17104421240373,3.3906261899452974,0.20384346088781702,0.21054075316961396,0
2015-01-28 15:00:00,25.922379925043565,78.19798245986733,11.288419915339938,0.2850064399532433,1.639664279715612,1
2015-01-28 16:00:00,24.726609880789972,86.70386168441838,10.777223110959959,0.2437631617076809,0.8449658498084063,0
2015-01-28 17:00:00,27.465138768914926,86.52765727478928,6.878094315925148,0.19889673132967445,1.2058570772795165,0
2015-01-28 18:00:00,27.719668440354475,84.77070800475305,15.705824882735826,0.4892168830399606,0.2940040352615628,1
2015-01-28 19:00:00,25.330058357124877,79.86821305561996,11.707159114642469,0.34664928167495074,1.285667626523371,1
2015-01-28 20:00:00,26.567597547701236,70.60047928555099,10.475385797399376,0.35723951080293526,1.8488652925794336,1
2015-01-28 21:00:00,33.47587118070257,79.38571699619813,0.270530967993432,0.3883399568932427,0.6351242003841654,0
2015-01-28 22:00:00,33.361299775806415,81.40851730972675,6.793172515313389,0.37710362167598055,0.7749830396991922,0
2015-01-28 23:00:00,23.837729429610793,64.9915930316974,5.595511821840039,0.2586890047203285,1.5182347164972425,0
2015-01-29 00:00:00,24.256657300234323,81.35388252793075,17.49692611320409,0.3272552622971467,1.5357328265528574,1
2015-01-29 01:00:00,23.82179016902401,79.22558988151886,3.1257304706774036,0.273096951573934,0.0,0
2015-01-29 02:00:00,30.17116181991672,69.62699143372036,0.16984060101119336,0.343846362477666,2.6107844546479413,2
2015-01-29 03:00:00,25.804412101272916,77.33594887446594,14.773446870915295,0.3341690885958164,1.569987438483832,1
2015-01-29 04:00:00,27.7190227307889,77.5052292253256,6.603298884702275,0.2617339739135798,1.687843063717073,0
2015-01-29 05:00:00,32.99090199984265,95.44075626794735,1.8960068249944149,0.16707012770782007,1.099521687336588,0
2015-01-29 06:00:00,26.96860561706861,81.76094676941894,2.297838110143711,0.31462370569655074,0.0,0
2015-01-29 07:00:00,29.11874616527196,88.28836201051679,8.548006999357654,0.2795730512192701,1.672305442875168,0
2015-01-29 08:00:00,28.56126224790118,79.05747756407482,8.334568212911478,0.11096277522912415,0.8043683802383796,0
2015-01-29 09:00:00,25.235347944912153,65.00866786531932,14.028949325572597,0.35076617688887174,1.5807521859283378,1
2015-01-29 10:00:00,30.17748519522558,85.37873479057299,3.6090383646768416,0.39653421122427757,1.0468392508160898,0
2015-01-29 11:00:00,24.450897572699443,74.73450616329967,2.1741335775472166,0.5528356475208951,1.3666275653814641,0
2015-01-29 12:00:00,31.01963935933253,77.31519896009671,6.079654575610597,0.2608802496679339,0.6575025330135288,0
2015-01-29 13:00:00,25.23764710437264,71.57623000707623,4.553951001756309,0.2461288103450932,1.805072259875252,0
2015-01-29 14:00:00,25.566096838391715,80.58214291137088,2.7317682422274245,0.18905789695607583,0.3681346723796297,0
2015-01-29 15:00:00,23.734536529119623,88.52142689297962,16.17835187860976,0.3208641906487007,2.7718985977374326,2
2015-01-29 16:00:00,24.22722176755006,87.461904867797,29.062701672630794,0.3202318180558355,2.7665640444909085,2
2015-01-29 17:00:00,25.719707033014394,92.68951606228131,11.820618280866032,0.21887036652132508,2.342889709826557,1
2015-01-29 18:00:00,19.705954326268163,93.82367566363288,3.5505600525625227,0.28250701179961596,2.092835290042157,0
2015-01-29 19:00:00,26.30000297647321,63.63300615793421,6.971824637337448,0.10213343331106431,1.1408161492364512,0
2015-01-29 20:00:00,25.476077288275448,70.45103551256695,5.6198094595896295,0.3926376747833247,2.016582694023046,0
2015-01-29 21:00:00,29.370033295835498,65.53446737338757,10.432758950513941,0.2229320740327833,1.1326764512067107,0
2015-01-29 22:00:00,28.268942215070478,85.05544328311672,8.967666305237513,0.29653436485870205,0.11253772042828514,0
2015-01-29 23:00:00,24.87708770670211,74.45534572960678,3.31841699523672,0.15733065787022207,2.2522409898214812,0
2015-01-30 00:00:00,25.62434772172228,76.08655734524856,1.3803182674418153,0.24176464005384266,1.9901771240457538,0
2015-01-30 01:00:00,26.29614588443731,78.26722054458035,5.960491801132802,0.27204088464824727,1.1780626246411952,0
2015-01-30 02:00:00,31.457869663427548,83.06056550472601,2.6540545435951888,0.29887091530391696,0.34237101986819485,0
2015-01-30 03:00:00,24.533085958630675,68.11743161594835,0.6662216545235882,0.3479732515522512,0.7896595263947184,0
2015-01-30 04:00:00,24.840718005148037,69.9290922989273,1.9172858054559985,0.443907508348622,0.0,0
2015-01-30 05:00:00,23.614247545148547,80.01036965224885,0.47934110727048984,0.3732710942769356,1.861556596832584,0
2015-01-30 06:00:00,22.553881561691448,89.58996748923573,3.884070242204413,0.3962164543146245,0.07768372319507377,0
2015-01-30 07:00:00,27.921010870876483,79.79682077399133,30.83008495823566,0.4446104109943138,1.4007816091026735,1
2015-01-30 08:00:00,27.60870999321963,73.66672234894374,3.1700886342734473,0.35697078815226974,0.6094146565542182,0
2015-01-30 09:00:00,30.848285558506056,62.81433055729891,3.0929292995958875,0.2963292804381005,0.20130758850036634,0
2015-01-30 10:00:00,30.12422702318079,87.62140468048223,4.069046173626447,0.4009111906255055,1.3668485652950002,0
2015-01-30 11:00:00,34.19135014359542,74.11254680487616,17.414740374418763,0.4073009285961657,0.966340430281578,1
2015-01-30 12:00:00,26.778381697376712,70.82050467398624,30.34354985525947,0.3648565837966035,1.7867323737977574,1
2015-01-30 13:00:00,26.21841130861138,66.27739818832976,21.79823202488885,0.15453724029638968,0.3126763118899052,0
2015-01-30 14:00:00,23.099320964599922,68.48719351086427,11.74019310645823,0.21585398469053524,0.6698797481683244,0
2015-01-30 15:00:00,29.089734502428975,72.31028623636918,1.4145862213094054,0.2725145895969516,0.0,0
2015-01-30 16:00:00,27.355602724339015,78.08921011044679,11.993088529425066,0.37796210207358993,0.0,0
2015-01-30 17:00:00,28.95379891503205,70.33006636191475,0.6111945254577306,0.297865358092944,2.4587346869849585,0
2015-01-30 18:00:00,23.582627342284802,81.4856643003811,0.43817385887812976,0.41368686334505633,2.6585187708697684,2
2015-01-30 19:00:00,28.0548125670801,78.02841808065519,5.199496194098325,0.4315236628744281,1.264908343656767,0
2015-01-30 20:00:00,27.615598853861826,97.77593831347622,4.529878575264081,0.41991704686772063,0.6233198638654418,0
2015-01-30 21:00:00,27.41710511968106,66.3644550688587,3.6688438636261917,0.4205540564480287,0.9910857521569251,0
2015-01-30 22:00:00,24.950202275428428,81.29183544249905,2.8376722493868995,0.19630060953412815,1.8115019417404548,0
2015-01-30 23:00:00,30.567973945660196,81.39203991232766,7.39207761724675,0.34826354994557757,0.8399276861245677,0
2015-01-31 00:00:00,33.150922736934035,71.75554076861481,5.228618393959258,0.23924709590445836,1.3663437069291824,0
2015-01-31 01:00:00,23.668967921107154,80.76201917957968,10.01391472733676,0.13509336686408013,1.1910707646631251,0
2015-01-31 02:00:00,29.161331938778872,86.15675493125373,10.926728597126168,0.2712528867944164,0.8018311309419994,0
2015-01-31 03:00:00,18.36644954597883,80.77193186046266,6.549741255914571,0.43247369656272516,0.8316650778056902,0
2015-01-31 04:00:00,29.005829848447377,91.0757030785587,2.0624871715118305,0.3460742010118463,1.4053246101798558,0
2015-01-31 05:00:00,21.389536150374735,62.57849905523729,2.0433209725163337,0.5017809371605892,0.516178304528791,0
2015-01-31 06:00:00,25.425097956302224,73.26213269757824,2.9811247673559786,0.3177230145268111,1.516210541936461,0
2015-01-31 07:00:00,23.060926014737248,91.80044837784756,6.512771944065127,0.5447802753592907,0.8698947282455727,0
2015-01-31 08:00:00,26.35316551515181,87.2962106661108,9.44584102973172,0.3177521225517051,1.2891571132537611,0
2015-01-31 09:00:00,29.516381095103487,84.3240936901303,2.22021918063561,0.3022480296153736,2.168773796317991,0
2015-01-31 10:00:00,21.42806020881893,89.86572325215568,15.664355509917087,0.17206099120785034,1.0822655683411333,0
2015-01-31 11:00:00,25.921560931453083,64.66753697038584,3.57489490802897,0.4110562740292768,1.8438630381343946,0
2015-01-31 12:00:00,25.45989369355183,86.36488530178256,25.097010784312616,0.2497874871059521,0.0,1
2015-01-31 13:00:00,31.743146051615625,88.51496129935538,4.966090495988782,0.23529523605912728,0.8707458904515837,0
2015-01-31 14:00:00,28.295283023550855,74.73039867059411,11.091662435752768,0.4281230563762572,1.219382034753251,1
2015-01-31 15:00:00,23.468348660179732,100.0,0.21381245857412412,0.4158222668795957,2.5463314754445214,2
2015-01-31 16:00:00,25.586116862908803,81.57079171249646,1.7737219419205663,0.4132051367210679,0.0,0
2015-01-31 17:00:00,31.668312715156596,62.45784765993167,3.1349332172502455,0.2637808865945019,1.132653096675056,0
2015-01-31 18:00:00,29.143095950322074,83.05017598347003,0.6366829002044949,0.2949024134694748,2.2196821956413837,0
2015-01-31 19:00:00,24.245299612783736,74.24111976008481,3.476377489282419,0.29401456023041483,0.6504857163131896,0
2015-01-31 20:00:00,26.198788384850733,89.31996219143615,2.7109835497484727,0.3782518180672398,1.0510128327020307,0
2015-01-31 21:00:00,26.294672554775556,84.38355226713038,14.20634577040191,0.455356466849423,1.4322172895388776,1
2015-01-31 22:00:00,25.386054218532582,75.21662342179047,8.177945811547623,0.3368146555198407,1.329155987605946,0
2015-01-31 23:00:00,21.86936353103493,92.01961534610317,11.922831901760635,0.49748910853573586,2.29603933281809,1
2015-02-01 00:00:00,24.967134853830096,87.51561044783449,25.28048101847486,0.38971944180330614,1.5139316670512621,1
2015-02-01 01:00:00,31.167597917596122,73.37664009854319,9.76550282869915,0.27652006058855816,2.1294410268599533,0
2015-02-01 02:00:00,25.856566538816473,78.78363935551322,1.2392572538394797,0.3828711406128975,0.947994149883062,0
2015-02-01 03:00:00,26.69023910861724,84.13533432611264,3.3609747094564155,0.47059402787087734,0.6816322121247924,0
2015-02-01 04:00:00,27.421576940560723,77.08589389781902,5.960534118665191,0.49982889833413346,1.0419937648862552,0
2015-02-01 05:00:00,33.654424184136374,77.32480476922196,16.12910831347476,0.4186891344599081,0.3886278346426788,1
2015-02-01 06:00:00,27.026624314250885,80.29380022611588,0.15369780480283718,0.30256744536579994,1.5384581873470666,0
2015-02-01 07:00:00,30.281836060750535,71.47361132770088,8.145849418987428,0.27833067459440797,0.929885321071328,0
2015-02-01 08:00:00,25.20545948384641,62.13787729138426,0.3020410827803936,0.3576069503561391,0.7297477700157673,0
2015-02-01 09:00:00,26.221802218492527,81.9130788986563,2.1707247235831657,0.4673974495271046,1.549060886734701,0
2015-02-01 10:00:00,27.037658169330854,64.08880040563851,0.49673219365253296,0.3433769122214452,0.39939895541799797,0
2015-02-01 11:00:00,24.677601174451848,72.05569037484223,1.7357720213810017,0.34545318718688106,1.7393515496990561,0
2015-02-01 12:00:00,26.388846658191127,65.82734112841142,10.294569162345542,0.3051397854317092,0.8651638280560474,0
2015-02-01 13:00:00,29.66415280743981,66.81244441790957,2.832489443435525,0.26721089373687873,2.0113675108659286,0
2015-02-01 14:00:00,24.59890631672435,83.41084139295434,1.5054664260009907,0.2837865493356082,0.9250836952393029,0
2015-02-01 15:00:00,27.000267092890915,78.22153467951941,1.2175662325965526,0.313542598524553,1.6423367665905468,0
2015-02-01 16:00:00,29.126200654967796,77.93279635625501,0.795232977009148,0.47180999962398223,1.325693661641034,0
2015-02-01 17:00:00,24.526601853561765,69.47278573100792,9.597197966840998,0.2760286221469198,1.7207313116001406,0
2015-02-01 18:00:00,30.286241377844867,74.75320728929151,4.733282380153747,0.30526120759113806,1.276962824503339,0
2015-02-01 19:00:00,27.218650439133967,83.0116412736815,6.637504786756957,0.2134622339593491,0.035621811359729305,0
2015-02-01 20:00:00,26.50463230998213,79.583301877548,0.40981195096027934,0.3716631066473155,1.9061554774694924,0
2015-02-01 21:00:00,20.975556582599356,86.58139248833588,4.7563167789313106,0.43666791787182824,1.1386219542794649,0
2015-02-01 22:00:00,25.87916267395958,87.72073609700732,0.01782644395815601,0.4624497845956756,1.752661254148369,0
2015-02-01 23:00:00,28.11477724843591,77.98224113393431,14.107442384966646,0.32033645246957104,1.6831725338081995,1
2015-02-02 00:00:00,32.2360350564074,65.18200571263606,8.13824492772983,0.3574354283279235,0.6586924632920608,0
2015-02-02 01:00:00,28.70366746233484,73.94684080747027,4.00096622333688,0.2846449677829962,0.5596432163772922,0
2015-02-02 02:00:00,30.378648695335045,79.21848575301847,0.005718354855597273,0.35280186796945223,1.6587485710143026,0
2015-02-02 03:00:00,23.372686279134182,73.78810358396709,1.1231484351510244,0.3313965152499214,0.9877256794126403,0
2015-02-02 04:00:00,26.619532513041136,71.56300630932998,0.4842943944766983,0.3058264387251487,1.855500495626548,0
2015-02-02 05:00:00,30.66223932698659,80.5580182737879,3.7458372647195297,0.31377536922771293,1.0752593399958836,0
2015-02-02 06:00:00,24.33679934880023,99.44242482186624,6.885125715131663,0.34519222833936486,1.9163868442138017,0
2015-02-02 07:00:00,29.89566788691931,76.094495503709,6.499877932258132,0.27058475651544356,1.496313138946371,0
2015-02-02 08:00:00,29.199953593801,79.9775531800658,18.864434298509867,0.27575032079219663,1.4015824955999039,1
2015-02-02 09:00:00,27.82417094534946,69.5037129821521,4.317389426806318,0.4707362013671553,0.9381921608818079,0
2015-02-02 10:00:00,26.013892124592076,89.9472084403321,14.95466470594448,0.5710546768846383,1.3626993298430616,1
2015-02-02 11:00:00,24.041114536282695,86.99794434681138,3.1464161137935704,0.1795633051465956,2.034996900466896,0
2015-02-02 12:00:00,32.32613788230994,86.44587311572734,7.818805279677003,0.1740528795623941,1.1620491789356762,0
2015-02-02 13:00:00,28.895587553172092,90.87836649043795,3.5485334405667377,0.204284717219185,1.5718221105786987,0
2015-02-02 14:00:00,28.021848374026348,76.58126916244154,6.2863960250004105,0.2896711584961445,1.2324520533747942,0
2015-02-02 15:00:00,25.76145075539325,77.58065744123502,4.379916511534372,0.3895780511037257,1.2872228299217952,0
2015-02-02 16:00:00,27.113614888769934,93.6790282550932,1.8781411565782795,0.3591252942048272,2.4063875298568087,0
2015-02-02 17:00:00,27.4941518099101,85.06182482355646,6.520823933902778,0.3172031136780468,2.0412110217276855,0
2015-02-02 18:00:00,28.199627054200718,62.24622542924671,8.349068731014167,0.35289355469578987,1.2555826706370028,0
2015-02-02 19:00:00,29.2030208654158,83.63856780509607,9.875530826494241,0.23079138433716304,1.3501178615552238,0
2015-02-02 20:00:00,24.652585422434726,75.34641551384323,5.686757809152814,0.2755877228247381,0.7086906475143218,0
2015-02-02 21:00:00,22.600209103538987,87.18537459725326,6.865148996729944,0.2979905451624203,1.0789199176145328,0
2015-02-02 22:00:00,27.252842553820493,83.26552375536139,0.7067772384433194,0.1415783661128147,1.4165784512840305,0
2015-02-02 23:00:00,21.758347988025715,66.07565788781761,5.4100818922601945,0.1838689795277404,1.7954295126983895,0
2015-02-03 00:00:00,26.029017015019086,82.15064136396381,6.253132863275579,0.1878433938722341,1.7244546278376434,0
2015-02-03 01:00:00,25.47243050966471,81.68502181801286,0.16231102673344058,0.3764108223683774,0.42351866086684276,0
2015-02-03 02:00:00,28.475244576605007,82.9076998917183,4.643646919710546,0.32453549485724165,1.8838879114750418,0
2015-02-03 03:00:00,32.94779110645893,84.60423081530647,0.39172886216182284,0.3611061200073943,1.1378584244357128,0
2015-02-03 04:00:00,21.16622812828932,91.96772767857385,0.002441447232922724,0.11603450101975354,0.5091060510257235,0
2015-02-03 05:00:00,33.822555090955206,83.31111191691438,0.3707691228231524,0.15164333139483965,2.135469316202345,0
2015-02-03 06:00:00,26.30077452264292,80.18318768379572,4.001911060249498,0.36632154402564954,2.2242952977165666,0
2015-02-03 07:00:00,28.04342604651774,89.1837404335058,3.7238106562126525,0.022133035833394876,1.384622887638462,0
2015-02-03 08:00:00,22.75550352712885,97.94192578871814,2.4188218197968676,0.42246293575998045,1.6961555213336643,0
2015-02-03 09:00:00,29.990614710678962,87.32056603334472,8.031849818409315,0.11766828564772097,1.7372144461211023,0
2015-02-03 10:00:00,27.124417609055172,81.64964901446473,3.46627102777631,0.38433448919249785,2.1770405069685754,0
2015-02-03 11:00:00,26.81559776643514,83.46024439815135,6.957579797338395,0.2111415375243037,1.7096479678022076,0
2015-02-03 12:00:00,21.187844655291137,82.04835007518606,9.787852652690203,0.40489037151715823,0.2706182057930019,0
2015-02-03 13:00:00,27.221390441542283,80.14814732218662,31.98665440807902,0.6208160913916495,2.606865424279789,2
2015-02-03 14:00:00,29.53748497144972,97.32136665205104,4.08146189737182,0.07268223698788742,1.94595982263603,0
2015-02-03 15:00:00,26.291164093550435,74.00757300546854,14.127053783804687,0.36953771478606484,0.8433330563090647,0
2015-02-03 16:00:00,30.52259803693245,89.23924662594159,5.879802701589682,0.11918372864062601,0.4792624493498132,0
2015-02-03 17:00:00,30.39868551567409,78.9931444583954,6.245962059997769,0.3426768922217504,1.5533694012828585,0
2015-02-03 18:00:00,25.076713851777455,68.15664663889021,4.146524404119593,0.2793227836448106,1.0052179731426945,0
2015-02-03 19:00:00,31.785341576392177,78.49345805130795,5.347023383643672,0.3129782322461843,1.4309967477992713,0
2015-02-03 20:00:00,27.13588489297525,75.62579332996869,3.5056901716194817,0.2088313723671763,1.7203847888947843,0
2015-02-03 21:00:00,27.14923575236349,84.62061854734128,11.992875764205959,0.37805411094965,0.8034906784022432,0
2015-02-03 22:00:00,27.296943667808193,80.73040178126857,1.7429017610533974,0.1551642162029619,0.41872440512096387,0
2015-02-03 23:00:00,27.207947252823377,71.82378509081624,0.36243759573695794,0.42416372628987403,1.4700729275103845,0
2015-02-04 00:00:00,19.109599930024473,91.76806330791773,2.313572697054985,0.2590749693389817,0.8266285013061185,0
2015-02-04 01:00:00,26.443480805430838,88.72107203580579,1.991876951648096,0.159730932259691,1.3022670500126787,0
2015-02-04 02:00:00,22.908160585012638,92.6884442567712,2.3118956918403333,0.45949368233406984,0.25967149412641477,0
2015-02-04 03:00:00,31.87900710664703,81.89571731254493,3.8964367285996646,0.2932657347190847,1.0234720928677536,0
2015-02-04 04:00:00,31.7582489751636,79.71413545375448,2.323554693272756,0.49076359704420264,1.7004663237279976,0
2015-02-04 05:00:00,29.555814997366763,85.62848386094896,3.831638843038988,0.4221356129313342,1.6241527553527577,0
2015-02-04 06:00:00,26.284597687983336,75.38019983263278,2.3333442697342224,0.2201854295213565,0.6481494203887119,0
2015-02-04 07:00:00,23.975955190188905,81.04047643775868,7.1091444234711805,0.2915010199063251,0.3822149414773638,0
2015-02-04 08:00:00,25.027256996173186,78.59457680542909,31.750954936132295,0.3121037939663574,1.2110345828262545,1
2015-02-04 09:00:00,32.8279257192781,68.31172546248064,5.754877183053567,0.45263031999864395,1.5927229579135862,0
2015-02-04 10:00:00,24.92340784044012,81.01964403871258,2.464286251913583,0.3437517713367115,1.4836225981347857,0
2015-02-04 11:00:00,19.93321393684181,76.47226486605358,23.58795974069286,0.3176292621096459,0.841488108947083,1
2015-02-04 12:00:00,30.09049652545618,78.05958268785356,6.104369893262229,0.2800120412901692,1.4084771097406223,0
2015-02-04 13:00:00,31.50150934085368,82.91027956519963,3.7913017495306356,0.29494429641453607,2.2516488298931963,0
2015-02-04 14:00:00,31.977647061499567,90.180265071893,4.0307081505866815,0.43045920856783243,1.3436012811163192,0
2015-02-04 15:00:00,30.115044012747987,73.20983927561618,5.297653094358193,0.3003705350797474,0.056796444926966005,0
2015-02-04 16:00:00,30.604559031704344,77.30753427896515,2.3448958426001365,0.2605002728701825,1.3422402366704496,0
2015-02-04 17:00:00,27.158802222160624,73.87933842912152,0.5427990392760621,0.2435492834386313,2.630769879848826,2
2015-02-04 18:00:00,20.771113129525013,73.35855529760806,0.47124280501183125,0.24462348461638378,0.2988264308190831,0
2015-02-04 19:00:00,27.083643124500043,75.24344845080182,23.902396259651944,0.15979040039572348,1.2208072632803155,1
2015-02-04 20:00:00,28.86471831725825,78.42839773747845,5.132058492887863,0.22496246916735207,1.041565196877506,0
2015-02-04 21:00:00,26.59418983030125,84.68697325502004,2.3420602073219756,0.44984202756503233,1.2671180714925447,0
2015-02-04 22:00:00,26.457491643781154,82.5635661182787,4.799960330352141,0.27934007394325033,1.3359765072076402,0
2015-02-04 23:00:00,24.107645882945032,71.545144007334,4.439913071275576,0.37044116685560985,1.997980390244047,0
2015-02-05 00:00:00,23.994783770183922,90.35328259133722,0.42211067829207494,0.05212434820991654,1.2593483004805675,0
2015-02-05 01:00:00,32.51444554429821,87.5552984518163,11.272299386015897,0.3568311308965879,2.0940816900484327,1
2015-02-05 02:00:00,32.62303910964043,72.79051479512238,3.674290798701782,0.2838647295630886,1.1176410388494622,0
2015-02-05 03:00:00,26.99205860626169,89.79288713535648,5.210135532126402,0.25185599771094913,0.9549042582177568,0
2015-02-05 04:00:00,27.844570815278782,82.6155073007702,17.545389140325277,0.31809599574211317,0.731571911872976,1
2015-02-05 05:00:00,24.057425828888945,78.74835757659802,0.5770900173781881,0.2504174746187972,0.0,0
2015-02-05 06:00:00,28.92772454981836,82.8646403558345,1.6125043001300332,0.08761250801116438,1.3930469883480878,0
2015-02-05 07:00:00,32.2789475148426,79.79383363499582,6.453478729763717,0.39222479411719374,2.6378002019302897,2
2015-02-05 08:00:00,22.412307660165922,84.36062923585125,11.065709674481885,0.3243017561348193,1.5207648341001028,1
2015-02-05 09:00:00,28.391649899107183,81.49852418504933,2.0543316805492,0.2686057545252148,1.6807231479131757,0
2015-02-05 10:00:00,28.61706672793512,77.30059158182237,2.2223409559023883,0.20338146279275626,0.9108780724898815,0
2015-02-05 11:00:00,28.58281954466777,63.793385926708936,8.757292822041869,0.15301424838928648,1.0289666261084305,0
2015-02-05 12:00:00,31.928453003545407,84.21746032505541,29.757084421345816,0.32238927070680573,1.8892490418332835,1
2015-02-05 13:00:00,33.10805463651346,77.01075777290613,4.97995816182581,0.4613440960225359,2.6060855482028744,2
2015-02-05 14:00:00,26.299548966382012,86.22357287716197,1.604800978279063,0.32031664767410384,2.2415635550577737,0
2015-02-05 15:00:00,29.019521016469074,83.85340049820576,0.9814682641086951,0.16172383939071738,1.7636712408096153,0
2015-02-05 16:00:00,27.252701117178177,77.21868631075192,3.8828655218776786,0.32251167270384024,1.2246054055733562,0
2015-02-05 17:00:00,25.103654121180913,88.18390552861868,10.594100016414535,0.2946657037753272,1.3468032399871264,1
2015-02-05 18:00:00,27.812442470643045,81.63873329469257,40.77626106975306,0.38640436260742306,0.672544876400222,1
2015-02-05 19:00:00,29.014498585500743,81.3091427790247,3.151992755278666,0.3606733177411726,0.1862827350881402,0
2015-02-05 20:00:00,27.650786056250958,78.89511450589487,4.98881761837127,0.001417746589007618,0.41124114956804136,0
2015-02-05 21:00:00,24.356456371541647,93.46844569791838,20.644921554378968,0.3545242204428457,1.2348600241653562,1
2015-02-05 22:00:00,25.609318080432967,74.29386616723474,6.342829752012479,0.1996520590495916,0.9956054170013259,0
2015-02-05 23:00:00,25.632277739476027,77.41860370032757,5.79788716544072,0.1578271258551301,0.17139080669622087,0
2015-02-06 00:00:00,24.472668135207886,70.10131883936003,17.353227204292345,0.28115265896264363,1.1738736346651846,0
2015-02-06 01:00:00,27.940618744817005,85.81384861859604,5.119833538927217,0.34109711090300115,0.9770987728738385,0
2015-02-06 02:00:00,28.254336288879234,75.34280794913862,1.126392029107063,0.13592653897131754,0.3790058013011438,0
2015-02-06 03:00:00,29.93855280266159,76.23971534618943,14.366980086605377,0.3704576417057551,0.9408746925659506,0
2015-02-06 04:00:00,24.427132955518108,75.86450694274255,0.281201953655611,0.37633388475316,0.9753328994985591,0
2015-02-06 05:00:00,25.26756394131362,80.50177532849911,12.263415780557189,0.3046976196299498,0.7683540020528733,0
2015-02-06 06:00:00,31.663708355793712,69.99392332272683,4.558597910854844,0.21323763697729514,1.8486691153431578,0
2015-02-06 07:00:00,26.50651240778124,62.05403787118191,3.193925796853419,0.2020621995810708,0.0,0
2015-02-06 08:00:00,27.0903930877549,83.66163229914217,3.092312034796765,0.40259321315802277,0.0,0
2015-02-06 09:00:00,26.47468883581305,63.091538350370314,3.865118138976654,0.1488777313504095,1.2023000491143643,0
2015-02-06 10:00:00,30.39909245616493,86.83310227181903,2.643057701622844,0.40644704608191784,1.267289032574614,0
2015-02-06 11:00:00,30.515426042145087,92.46822199628119,7.3379816607168955,0.2834800840869563,1.4829505952132813,0
2015-02-06 12:00:00,30.339624301766545,78.68620956851973,2.7660581245371265,0.29041655003571426,0.8227185442046341,0
2015-02-06 13:00:00,27.079702834072645,90.39594357376392,4.597042363838309,0.12919122945866748,0.5574533364353678,0
2015-02-06 14:00:00,24.382692067532993,79.80594864365425,0.07065232262237088,0.28532833698714133,1.1948787071135367,0
2015-02-06 15:00:00,32.775639233277765,92.79392927262296,4.562712309644146,0.3613585516011376,0.8908953052564026,0
2015-02-06 16:00:00,29.568926930866553,76.35025718309431,2.57425809604231,0.16635899121480188,2.2857499832589863,0
2015-02-06 17:00:00,25.630023055822832,61.080945524551026,11.445199063031415,0.3498635867251845,0.9730409250523657,0
2015-02-06 18:00:00,31.271456540833235,79.36070604714799,3.361278860092768,0.30890122536790227,1.1627703937980454,0
2015-02-06 19:00:00,25.393173254222717,93.66370554728591,9.940206759362148,0.2356244386167693,2.9327926977185594,2
2015-02-06 20:00:00,31.232110209565967,84.27974644752334,8.885106732410836,0.3854673086491304,1.0636678412885192,0
2015-02-06 21:00:00,31.434853768153474,75.87741417169725,9.125460503477814,0.07977432310214436,1.5893098056393633,0
2015-02-06 22:00:00,24.23555168495683,82.63120935427786,3.5099209756552456,0.3346680748743709,1.652416603370447,0
2015-02-06 23:00:00,28.745274909062882,87.76899870762043,4.908247696840366,0.46194351580732923,1.71198115060275,0
2015-02-07 00:00:00,29.346572111883987,79.31506848868423,7.140118455708844,0.44399431391006616,1.4026410857878766,0
2015-02-07 01:00:00,34.84472759875899,100.0,5.077766930378649,0.33898067205385224,1.3356885560873568,0
2015-02-07 02:00:00,24.773096647098427,75.8606563478441,3.37033343108263,0.2698319223869154,1.2702340028859813,0
2015-02-07 03:00:00,31.297629830981485,88.02008577635799,1.3051989383766105,0.23641974434523688,0.7968042684363588,0
2015-02-07 04:00:00,27.052038054100663,86.0954978918544,4.65795486614468,0.26970742060943576,1.4278631619874878,0
2015-02-07 05:00:00,23.27590744925829,74.40138060241554,0.365629574090457,0.3543807247917906,2.620052086197214,2
2015-02-07 06:00:00,26.640038490497137,76.60447786121861,0.8711686771105633,0.21927561945405838,2.0474773362744902,0
2015-02-07 07:00:00,27.00739428329912,88.14478917983492,9.022862262787239,0.3757423818050381,1.4127426155572456,0
2015-02-07 08:00:00,23.823329420654133,81.15830310083393,5.925178950641324,0.5133160518003324,1.799080858674193,0
2015-02-07 09:00:00,27.936520856554587,82.70457381381819,9.111532324034306,0.2938116764872605,0.5915768638885435,0
2015-02-07 10:00:00,29.873427766495745,66.91226117036514,1.838345139743703,0.16556051967166946,1.0176414920601968,0
2015-02-07 11:00:00,27.714601962186038,85.2479892412968,12.550759248657178,0.1655255253683587,1.8634948909288385,1
2015-02-07 12:00:00,25.37446773186037,82.29837475266055,0.4720761728600624,0.37765655517115754,2.241017035420734,0
2015-02-07 13:00:00,26.554583794779102,79.48871981887078,0.9308607875095958,0.2940253821039556,0.6603936795332354,0
2015-02-07 14:00:00,26.986369929619645,82.8871349044726,12.350321965560838,0.3876830896064053,0.86148818340379,0
2015-02-07 15:00:00,27.651964882443146,76.72625834300601,5.476464655561683,0.24663657508406503,2.7269630557149753,2
2015-02-07 16:00:00,30.329492286720093,75.2647799689322,9.164745665640842,0.38306235475398315,1.2673828748382807,0
2015-02-07 17:00:00,27.815819260158268,78.06491574688712,5.951886931991819,0.28417008265502747,2.4763533808902647,0
2015-02-07 18:00:00,22.79191011411087,76.28637457345361,2.234759739025756,0.22674959446760506,1.3448001220930546,0
2015-02-07 19:00:00,25.313036784033926,97.44423648834561,0.7459246933747136,0.25990015211976153,1.3723261976278045,0
2015-02-07 20:00:00,27.49806315268991,87.29496583074872,0.12916032481396877,0.18029456445767633,0.9861563786380717,0
2015-02-07 21:00:00,30.37237345486234,72.2522486082264,22.149839824974297,0.49893595585816114,1.8597885990571599,2
2015-02-07 22:00:00,30.893539324609655,96.29036801808674,0.25432947831995395,0.2903618186441513,2.1504442852128,0
2015-02-07 23:00:00,32.32405602476236,76.5371471085095,16.845837173494886,0.3644514088682196,0.4754984389013931,1
2015-02-08 00:00:00,27.391843192737916,80.23564293971428,5.1538093388799675,0.24631308671292007,0.9532846134456943,0
2015-02-08 01:00:00,29.28992752650748,87.17933755945056,6.148430035603555,0.19480721780201765,1.840554967061954,0
2015-02-08 02:00:00,22.636615396791093,64.24009164881907,5.730524134517867,0.27661194890820645,1.1093159535509705,0
2015-02-08 03:00:00,28.28964471948445,78.10379322447224,8.081935531910554,0.4101192533379199,0.8546301720267528,0
2015-02-08 04:00:00,23.774207695617413,75.41332919226267,1.5903327444472084,0.24792682086017162,1.9066795077085812,0
2015-02-08 05:00:00,26.81238241273575,81.64064063635308,0.02647820697059484,0.21294680272705846,1.9724172432987577,0
2015-02-08 06:00:00,36.08951516661642,82.96039746612354,2.171130481031697,0.31554642443691433,0.8852505365295029,0
2015-02-08 07:00:00,27.910662708571287,79.3819250773412,7.414013525455989,0.3499022600717744,1.348656569591562,0
2015-02-08 08:00:00,24.408560342459012,79.0108216145681,0.9470237587137655,0.4642848168853183,0.35406764286703685,0
2015-02-08 09:00:00,28.223367017873716,88.52105098108356,12.835609615804508,0.3353750478372495,0.5731633626649106,0
2015-02-08 10:00:00,25.448774440231936,82.41188744267231,3.950154585041485,0.3643992678531235,1.286915662493366,0
2015-02-08 11:00:00,24.117767660527345,80.33140008041555,0.7994169761991494,0.37192752369203214,1.2219847513058903,0
2015-02-08 12:00:00,33.309418600171504,81.18296473168111,5.418187448151986,0.18469846180673694,0.5231867357885559,0
2015-02-08 13:00:00,30.20043607880026,94.68711198024175,7.287915622497092,0.20366679295304557,0.6988182526920972,0
2015-02-08 14:00:00,28.036609874987235,81.38139181587285,7.831843947789125,0.19161037103943496,0.45446894103110846,0
2015-02-08 15:00:00,25.824530129257376,75.88441196027436,14.115025665012205,0.1667854244308354,1.5185418998392475,1
2015-02-08 16:00:00,26.0676315510834,64.72800729111152,2.063238386379414,0.3795459874870404,0.0,0
2015-02-08 17:00:00,31.62744560053245,68.52850100772037,3.1263470211417723,0.32900500916637554,0.4918959393078627,0
2015-02-08 18:00:00,27.919732612993705,76.26379283936191,0.9144321631960687,0.3079496063091449,0.0,0
2015-02-08 19:00:00,17.75158457115356,79.13298524836682,0.08903688683777695,0.040728348459773134,1.4933144227005863,0
2015-02-08 20:00:00,34.26281554697651,75.5550283231181,4.316547275501598,0.5055476858618618,0.0,0
2015-02-08 21:00:00,27.549187070916854,82.80915181636648,2.1662896620928116,0.21057279958464442,1.2222104389748782,0
2015-02-08 22:00:00,28.03010701720445,75.45193564393354,10.816426348435115,0.5051812755938958,2.3476668110231964,1
2015-02-08 23:00:00,30.26008444030439,72.68408583891656,0.1897588637747117,0.15507585193486836,2.371403786889631,0
2015-02-09 00:00:00,28.39620848193476,84.90115068285931,1.3921436667375446,0.21875988414434627,0.0,0
2015-02-09 01:00:00,29.24072585315043,90.9551559750241,0.5281246913581985,0.079715061749037,1.408886721141669,0
2015-02-09 02:00:00,25.728829597905225,71.14265921802762,4.427291460301774,0.33621249759426974,0.5077200925336818,0
2015-02-09 03:00:00,23.31061402810084,81.94972690966249,1.8804475062532036,0.18987431791887677,0.3648047750028194,0
2015-02-09 04:00:00,27.84069834441959,64.75996273476946,0.627443911743405,0.19269998459016457,1.1205710319269482,0
2015-02-09 05:00:00,31.29484395682377,68.20369495418272,2.8797607108987404,0.16274857828256026,2.0598038098531877,0
2015-02-09 06:00:00,25.056592324850648,75.28987337618261,1.671963838768723,0.37773550627378627,1.6197612119542506,0
2015-02-09 07:00:00,24.81592801554067,89.07928345901755,1.3732130818170758,0.3711463651567547,0.6994013500619835,0
2015-02-09 08:00:00,30.663057781139813,73.7703517623562,4.902772219385394,0.4812033891078785,1.6935237981870017,0
2015-02-09 09:00:00,25.628264384576724,73.4711962018756,5.826350911272897,0.23142933789270265,0.0,0
2015-02-09 10:00:00,25.768320258496793,80.2886982551556,11.20976242665629,0.32188193710468005,0.6729379410967318,0
2015-02-09 11:00:00,25.880567181161275,80.2966688891988,3.2536064856947466,0.17106648025980484,0.6232759187091245,0
2015-02-09 12:00:00,26.805057057028563,73.71894821796265,5.518398737825944,0.2664960977264682,1.2548244842172518,0
2015-02-09 13:00:00,22.279085712293885,95.8897725381059,3.31856279862102,0.24811546867188222,1.0580204254380001,0
2015-02-09 14:00:00,25.38197966237512,77.87709301507701,1.7199712563696457,0.3464449957495421,1.1009702344660806,0
2015-02-09 15:00:00,27.691104057419167,80.90867985934464,5.969486365612726,0.4017021806418191,1.0776963289257029,0
2015-02-09 16:00:00,27.669713808524488,76.78576369831646,2.688902549445559,0.39910666908314996,1.2156850686923608,0
2015-02-09 17:00:00,30.47397915773876,83.51977249720943,3.468934891215558,0.21571877277823892,1.5780916768707565,0
2015-02-09 18:00:00,32.51817666658442,89.87966047763294,5.172207633402564,0.39984679046229993,1.304531718271668,0
2015-02-09 19:00:00,31.53745033999321,93.30930957563658,0.5403082004810842,0.2955914862892203,1.000953728376809,0
2015-02-09 20:00:00,29.743957152221803,73.90187459788896,0.10020443225912315,0.26754031041029847,1.4812237958633474,0
2015-02-09 21:00:00,26.553796227698378,88.80636141040969,18.828312190368102,0.22914885131810814,1.7782864805569347,1
2015-02-09 22:00:00,25.13079279012936,84.39744655640814,5.555877368344488,0.24400642056384478,0.8107818764941594,0
2015-02-09 23:00:00,27.053635297525204,87.79629287568062,4.765044100465985,0.47423138461962333,1.1584180885291269,0
2015-02-10 00:00:00,28.756736309318693,79.26496581845763,1.5831061216098645,0.33074107664940233,2.01333459413261,0
2015-02-10 01:00:00,29.465813394737005,78.50367381374255,5.722900987151535,0.3174611847501205,0.42806752591285036,0
2015-02-10 02:00:00,28.86925720054755,87.48571716571195,1.5312940588389028,0.2737753141463053,2.4632915373791606,0
2015-02-10 03:00:00,26.636473585871844,87.63754004845029,6.973172475355474,0.5445978611438028,0.26259151768229716,0
2015-02-10 04:00:00,29.360586719526786,92.52576451089509,5.927532826729477,0.43050104888464247,0.9582447721566844,0
2015-02-10 05:00:00,30.782617515250507,81.58838044360391,5.077232419664454,0.2278937885201207,0.5348670021867916,0
2015-02-10 06:00:00,29.640481152202625,79.14468297892195,6.387984431637607,0.2726384945295376,2.7315488978085636,2
2015-02-10 07:00:00,26.903960834509803,60.321171360046364,2.3368735040168227,0.27857554566290893,0.8476549798069937,0
2015-02-10 08:00:00,24.49845392248198,67.10991569603732,2.6107339306186805,0.31458719782825995,0.849411190430027,0
2015-02-10 09:00:00,24.427297711835678,76.84598715853285,7.277578452008553,0.22987740073685647,0.9404758820420566,0
2015-02-10 10:00:00,24.956347129223456,71.19152855003028,4.122675310252414,0.34388165233616963,1.266921965525765,0
2015-02-10 11:00:00,27.771225596024788,86.51304452346596,14.098152571751392,0.44520881320393146,0.9700907547668423,0
2015-02-10 12:00:00,28.5594112606669,69.51983230736838,9.001633276196761,0.16863718909958367,1.1069792367643203,0
2015-02-10 13:00:00,22.75640304616791,75.98956537319769,5.488659580015201,0.18718532629079326,0.0,0
2015-02-10 14:00:00,25.488014674909348,76.3037880548921,1.9299946445925238,0.2516841444702693,1.2400118852012791,0
2015-02-10 15:00:00,27.729856395916183,89.63794466719557,7.58564398806317,0.25632044398921705,1.2124646350406514,0
2015-02-10 16:00:00,24.300960269707193,75.13409000784284,1.572783424569724,0.4998465874745931,1.9269981581886755,0
2015-02-10 17:00:00,28.301712459178813,83.6192969443839,4.242964615712035,0.40017092200148385,2.1163426637955816,0
2015-02-10 18:00:00,26.077715127250304,81.56564902018174,0.39102039998261884,0.3944322352118264,1.0686043570257417,0
2015-02-10 19:00:00,24.82973918499223,87.22630788357824,2.5177510736375392,0.27356343064865996,1.7713603571717687,0
2015-02-10 20:00:00,27.15961629734669,86.80172041693184,2.4640545374449965,0.2713686593213186,0.42890185368863554,0
2015-02-10 21:00:00,28.1768409887373,79.73247909704365,2.8139966067755013,0.15482945862346012,1.737139639887273,0
2015-02-10 22:00:00,24.454413257190218,66.42964389914256,9.658409359911207,0.37817402280478174,0.7992669406057962,0
2015-02-10 23:00:00,26.272162860557856,78.14607290683496,12.072895956892278,0.34910546048087854,0.3707117723089616,0
2015-02-11 00:00:00,28.403035131921325,79.84035484374277,6.327722665388915,0.42859973646782834,1.0700879252571647,0
2015-02-11 01:00:00,24.713729450049698,82.28807386522223,9.011829961581816,0.2789170286643833,2.1803307130384453,0
2015-02-11 02:00:00,22.026729478728296,74.09955883823352,1.6419675313295556,0.2858220853799603,1.3267038757115928,0
2015-02-11 03:00:00,22.390278462930738,89.12720894726891,1.10408843123292,0.31700455285606355,2.247541703374866,0
2015-02-11 04:00:00,25.74584740782909,80.10895534651993,7.743058328826653,0.38918975755070956,0.6758871003289372,0
2015-02-11 05:00:00,23.044745171084585,72.636021217503,0.8631350372361603,0.15297843779025208,1.933495773183593,0
2015-02-11 06:00:00,25.956834314471262,76.33417729006656,0.6995244278856504,0.37360561337383746,0.7434879739341382,0
2015-02-11 07:00:00,31.994828553518037,95.42834123173463,4.888390774186229,0.29795044378271696,1.3577300700424422,0
2015-02-11 08:00:00,22.864204836933954,85.31502314357199,2.466163447210511,0.19413627320463034,1.3516779800615903,0
2015-02-11 09:00:00,26.152185445566897,88.38765244451523,2.1045441457468472,0.09153942473459334,1.6630442137469208,0
2015-02-11 10:00:00,33.39691366281416,71.66730424229269,0.4167617669710827,0.28635262881216467,1.3755184339379292,0
2015-02-11 11:00:00,28.22439024892713,74.4893624625296,6.18756633971455,0.444771298327407,0.6825708235247279,0
2015-02-11 12:00:00,25.8968301375732,74.54862155295004,3.160029431842859,0.4674684666741395,1.8162148664647946,0
2015-02-11 13:00:00,26.529352096442285,81.47514990070897,11.755801279337062,0.33553762106700963,2.412159616027776,1
2015-02-11 14:00:00,28.288087525179833,78.60798535131552,7.989242923887749,0.4962005663842248,0.7913376044207171,0
2015-02-11 15:00:00,32.08731579188232,76.08404470994384,3.0264470890142556,0.2957058917043255,0.0,0
2015-02-11 16:00:00,25.40743917756827,77.08744325997236,0.0693890026176706,0.3953303551642781,1.549523697847652,0
2015-02-11 17:00:00,24.72716915133515,73.64771850659945,4.903238857778121,0.2548769111093573,0.9681737241634957,0
2015-02-11 18:00:00,22.863573801659317,78.56128570478872,4.421250509530961,0.24854011607158513,1.1082280008312924,0
2015-02-11 19:00:00,27.30928809752941,88.90572467066998,0.026480744252528145,0.23224908831193636,1.5893244290117083,0
2015-02-11 20:00:00,22.78293789054626,67.89488518760197,7.088461210620697,0.09394710528756872,0.880525299122081,0
2015-02-11 21:00:00,25.608652125534615,82.77183546908184,0.8113157321766622,0.4287092259946912,1.01180362005943,0
2015-02-11 22:00:00,24.27394967666894,91.04074155903699,12.333162582981814,0.23583675608619836,1.1299163381443895,0
2015-02-11 23:00:00,30.222370530702317,78.53450321147547,4.117348622119955,0.21985612202448035,2.228827756589511,0
2015-02-12 00:00:00,25.474810837899582,75.76899176683283,2.022580565435262,0.18200283183873245,1.221048722879507,0
2015-02-12 01:00:00,28.190790984016846,87.39385188760471,5.703008417652875,0.2795640563463717,0.3350284934295279,0
2015-02-12 02:00:00,22.18772399493431,72.12622498504925,5.328171791332321,0.47634923105597426,0.3628850632012194,0
2015-02-12 03:00:00,27.394520863358537,79.81846776049015,5.115058818386522,0.5093778850822718,1.2974609451617207,0
2015-02-12 04:00:00,23.390519082417754,71.68124719691419,10.859192974593348,0.13391331241979165,0.4094003995163148,0
2015-02-12 05:00:00,25.723054500210424,65.03919223980576,6.084413009911589,0.26455520040237174,0.1063875591530874,0
2015-02-12 06:00:00,33.63360772276867,78.78412588164164,1.7766655591271174,0.19656422299063014,1.6448751936538073,0
2015-02-12 07:00:00,29.79652313172265,69.89283949386413,3.2815843361790207,0.39883377412115195,1.6791488820080511,0
2015-02-12 08:00:00,26.61476225150608,79.90663589336665,16.58230333226204,0.32865935472939267,0.9423044262743027,1
2015-02-12 09:00:00,36.59682572934959,88.92023699504566,1.5518972492468386,0.23634306726201648,1.4055615038061962,0
2015-02-12 10:00:00,24.254475928880048,94.83404325343699,6.971300159806914,0.3072573080591019,1.3316851509368504,0
2015-02-12 11:00:00,30.495649146226086,80.74823427154567,11.239997303559134,0.2522581378592291,1.6216935701783597,1
2015-02-12 12:00:00,22.40197662945866,88.15372665580479,7.679752490426832,0.46142460943748964,1.6233249327578596,0
2015-02-12 13:00:00,26.268231727056158,83.19170120085306,4.937314646341574,0.3546959515016038,0.0,0
2015-02-12 14:00:00,22.95663074945832,76.93509108899953,5.825093347571769,0.3669823420916438,1.031650729062324,0
2015-02-12 15:00:00,27.771827745272624,64.60178916855284,8.17629180298302,0.03330825219671024,1.562532931724693,0
2015-02-12 16:00:00,27.16791076073627,93.01193861665695,1.5241282637325924,0.2933211321171189,0.9126803862726898,0
2015-02-12 17:00:00,26.077005602449255,71.60718248575103,4.454371010387446,0.5083210959059035,1.2253418474818787,0
2015-02-12 18:00:00,30.27617107537892,91.06216729134215,28.656177596155004,0.4326129070036684,1.725489987174654,2
2015-02-12 19:00:00,25.29870308099163,84.294461034098,7.194293370915781,0.11529104140796967,1.2566476632765136,0
2015-02-12 20:00:00,27.98055524342197,72.19189771802112,5.134307571667167,0.26865741673164056,2.2555435920644067,0
2015-02-12 21:00:00,29.461664820814015,82.49598689455162,2.886059631883699,0.17984805340812784,1.9888903765967847,0
2015-02-12 22:00:00,22.550336373311453,97.06328849028264,1.5502368657685146,0.47111015603628703,1.1170050929199962,0
2015-02-12 23:00:00,24.75475697497685,92.28522064691018,6.035643002146635,0.32442782822759086,1.0613676804926548,0
2015-02-13 00:00:00,27.1615829019475,75.89829555092442,6.488276145378297,0.22322044402685637,0.0,0
2015-02-13 01:00:00,28.890460258284957,74.30415393452255,4.118912533505277,0.3034157943540789,0.9714484621766318,0
2015-02-13 02:00:00,31.2637132977646,80.80166429852858,38.44625861284972,0.039263447093151604,0.25271177510263143,1
2015-02-13 03:00:00,26.35236060381624,78.67589016824131,1.7609363346768252,0.19150386965434232,1.3548606794004359,0
2015-02-13 04:00:00,26.05058687205035,89.59789908514185,1.2122490165761297,0.30364437258263094,1.3070094977840012,0
2015-02-13 05:00:00,24.382211909359008,85.91671309137443,2.9389816339968915,0.38456753684533224,1.6870990292187442,0
2015-02-13 06:00:00,27.9899522765311,66.46206718777262,4.274354412583446,0.1058685879402659,2.1776693303637336,0
2015-02-13 07:00:00,26.108647278905725,83.66940204339129,1.4314435400213823,0.26188446922975706,1.181611399229622,0
2015-02-13 08:00:00,26.177903211522846,78.56727231306105,5.881844106521691,0.40096857385188217,2.796291418346237,2
2015-02-13 09:00:00,26.718334482334473,80.29686508822454,6.5774695709113615,0.15485466756267277,1.3627160116539327,0
2015-02-13 10:00:00,28.65488418627102,81.99154411408527,9.156104858846348,0.3229182834784173,0.28284852439835695,0
2015-02-13 11:00:00,25.308808340462218,89.58983204221282,2.368061812513438,0.3065974503106003,0.8065496874229161,0
2015-02-13 12:00:00,24.683525733273285,87.82234370836817,15.380833738801329,0.47143803203566026,0.9390773097845245,1
2015-02-13 13:00:00,28.29517255840231,74.00205807450163,8.566609113869227,0.27698638068883624,1.614489005807365,0
2015-02-13 14:00:00,17.922825294352243,79.53110425848264,1.70911802161315,0.282839940162493,0.5369250698394895,0
2015-02-13 15:00:00,25.188965479014943,76.41182885714231,1.4216338613405513,0.38549597531646884,0.9914168820334228,0
2015-02-13 16:00:00,23.54607150177791,66.54523224874721,3.198506768908006,0.16736513319506552,1.0872718034427393,0
2015-02-13 17:00:00,30.609774669050367,79.12503593919128,6.594220542551163,0.2779116793449141,0.8863154346411195,0
2015-02-13 18:00:00,25.67720171237131,94.75803542047277,7.618143627175062,0.25442749891594896,1.7679907671758028,0
2015-02-13 19:00:00,25.317851654198307,66.30365285000202,8.550821551707775,0.28610881872948996,1.648924971925749,0
2015-02-13 20:00:00,26.85413254424018,79.80750565071946,27.164186837591934,0.3848406448962838,2.016596994572771,1
2015-02-13 21:00:00,25.21388271460526,79.55089483672259,3.989302077567914,0.3554161485082173,0.9682823732221603,0
2015-02-13 22:00:00,25.792055525539396,82.30188377411456,25.31601260624965,0.22513176914713234,2.0417692973535315,1
2015-02-13 23:00:00,27.29133123126949,72.29820034084855,9.566202595745432,0.31366992033272123,0.24520203981606792,0
2015-02-14 00:00:00,25.733878696481195,68.59911527360038,1.0943580360494587,0.44904416141005243,0.22813098930710007,0
2015-02-14 01:00:00,25.71234764318389,68.97121874564299,5.570082341354151,0.21686343012026946,0.35033881973615066,0
2015-02-14 02:00:00,23.969526978866075,90.64747006665183,3.716277917089848,0.31451667803970124,1.2064481848424626,0
2015-02-14 03:00:00,23.538648778438407,72.13851220510514,3.5597495080501416,0.28068393230613714,2.041664681604429,0
2015-02-14 04:00:00,27.181910692770842,76.00350246677462,2.307849893682692,0.2936994984163223,0.778500543552259,0
2015-02-14 05:00:00,27.919801529357468,96.83706078890378,5.0937035830599235,0.13693423777505992,0.866314616524894,0
2015-02-14 06:00:00,22.71553006864815,74.12595474578835,12.935324660831117,0.44107628543122046,1.0487874312834637,0
2015-02-14 07:00:00,29.279824246142542,82.73919678360741,2.595619003748444,0.22256480991118166,1.6009796863713583,0
2015-02-14 08:00:00,29.29214291947424,88.51049341300406,8.613226182455584,0.4026071970153533,0.8656622876517983,0
2015-02-14 09:00:00,29.924067414835868,88.12576149583394,10.12714955111262,0.23786233919524888,0.8266081294584491,0
2015-02-14 10:00:00,27.899667254221793,69.34738914365056,15.269833338114971,0.23744953481042397,0.25822331564961676,0
2015-02-14 11:00:00,28.91124630086699,74.293180418388,1.3845074867557674,0.4213123250465467,0.7997952221760152,0
2015-02-14 12:00:00,33.555077533734966,82.41891181001589,4.659502907964329,0.3993884603477924,2.024223227054733,0
2015-02-14 13:00:00,26.09543519736812,95.43213965906634,1.9626745474828697,0.32086658989639827,1.2636482059349337,0
2015-02-14 14:00:00,23.86292549733133,73.90791473087043,5.104278975260227,0.37611505498063197,0.6821018428264594,0
2015-02-14 15:00:00,22.397820350335614,76.05109612711138,5.066723938115262,0.27114472197436,2.065300780910254,0
2015-02-14 16:00:00,32.26702179069695,83.35659537120803,0.9038772571264166,0.299163237228111,0.7903505485578688,0
2015-02-14 17:00:00,32.30636177609597,84.95726581878701,5.439303896896798,0.23383756075361806,2.1939689056377256,0
2015-02-14 18:00:00,24.22620077419731,85.4420320344219,28.2902461972403,0.390406494930026,2.1825248845300704,1
2015-02-14 19:00:00,24.81803756196433,73.2291530813216,7.6479884673977665,0.23065866688326475,1.239208138462268,0
2015-02-14 20:00:00,26.028026887406483,75.74361490452476,0.6104915266583282,0.4485156344937853,0.15101533083981877,0
2015-02-14 21:00:00,30.67277061643795,81.72400959841575,1.2541853104511866,0.26841658316801753,2.8026504307420286,2
2015-02-14 22:00:00,23.13809340455907,90.09849050102625,4.397633353599951,0.3020508564016334,1.4710932393851823,0
2015-02-14 23:00:00,21.100141425333376,78.09212734305258,1.30108751914922,0.37587280206543344,0.9732790826955868,0
2015-02-15 00:00:00,33.50254342968648,79.82158479932944,14.55290218889458,0.3023864421189582,1.869289540342539,1
2015-02-15 01:00:00,27.937119860760227,71.79257250288472,0.4758744918467837,0.270209168571469,1.691611950914943,0
2015-02-15 02:00:00,28.36323991775568,94.90581465513795,7.701309565800926,0.29699765521915283,2.117656844920508,0
2015-02-15 03:00:00,26.38468198440002,81.23410357713368,0.28930558933194955,0.3893818353557584,0.7363565479240726,0
2015-02-15 04:00:00,28.39735477115407,88.62203823645393,4.318550002617546,0.23371477778632943,1.4229313889420745,0
2015-02-15 05:00:00,22.457382349977042,80.2391776645408,1.020568146978154,0.2873762992726735,0.36989083882854423,0
2015-02-15 06:00:00,24.477238299419312,80.6821365219473,9.136664756537945,0.3010286727337475,1.666434077018864,0
2015-02-15 07:00:00,27.315473653567818,67.99752887318351,12.448894828713666,0.3864585195527656,1.1839382412609687,0
2015-02-15 08:00:00,20.187327321299275,62.793905042459464,6.573890764840526,0.2900154626128563,1.3967064788407684,0
2015-02-15 09:00:00,26.092447158557313,90.01524169468767,12.974405896349237,0.4808299094493722,1.0975551933116707,0
2015-02-15 10:00:00,25.907506888996778,80.62446571409936,0.003941556241634632,0.2843461422284905,1.0243078255881473,0
2015-02-15 11:00:00,26.091929304148916,81.65142498389295,5.3649416386814375,0.276231636159472,0.5922381781897003,0
2015-02-15 12:00:00,25.346754576537055,70.00756998239672,7.593036240849321,0.2828967878382268,1.7533011502789635,0
2015-02-15 13:00:00,24.01232422237651,72.77548657765101,8.594140214542751,0.16833585713419896,2.2427928257190066,0
2015-02-15 14:00:00,21.53390444918724,88.49841600907988,7.152463800708517,0.1963273153241315,0.8103321487629402,0
2015-02-15 15:00:00,27.434241141502238,93.9211501667315,8.777308529615507,0.24693331102609067,1.5874783534797663,0
2015-02-15 16:00:00,26.09962803961127,75.02980788981958,5.299213266081708,0.413582984885013,1.5025285372621695,0
2015-02-15 17:00:00,22.874155360293965,85.37186630690445,0.6226258150783366,0.29668739406379896,1.2056684679442011,0
2015-02-15 18:00:00,27.18760023850131,81.52019946145285,2.284699599313541,0.2515355810384293,0.13138298664469827,0
2015-02-15 19:00:00,26.115149414781882,79.03576847937819,14.619481383234799,0.42265347456065955,0.2888818542225853,0
2015-02-15 20:00:00,25.616928145013656,94.81567216142656,13.189043475181208,0.45511771328922607,0.6533126341939006,0
2015-02-15 21:00:00,20.52931533957765,76.37438683181799,7.454097626605968,0.42553824609077606,0.0,0
2015-02-15 22:00:00,29.04830253692368,89.92570109613989,9.323401921964903,0.21469100027648422,2.18562151093393,0
2015-02-15 23:00:00,23.30084687967261,83.0513865363364,11.819310698693744,0.2504751379806344,1.4573922604257994,1
2015-02-16 00:00:00,27.189810764523724,79.86488542108145,7.3681968597054635,0.4813736070314719,1.1790272661206147,0
2015-02-16 01:00:00,24.575194669701922,90.97613738426463,14.252978325767904,0.3241139692000022,0.0,0
2015-02-16 02:00:00,25.833820447356043,82.32107598738422,13.83554451163231,0.2732372935103921,0.0,0
2015-02-16 03:00:00,30.456877475249733,79.22857976070175,2.416092048449485,0.37183479613308373,1.198361028269129,0
2015-02-16 04:00:00,28.594854602410123,91.03553738385627,2.4753195914370356,0.4007299067358112,2.5793429758387836,2
2015-02-16 05:00:00,30.39011983886841,89.99409803017514,2.673355674750984,0.24285504290717355,0.7109490628888427,0
2015-02-16 06:00:00,27.99115648386472,89.61570656923101,2.4649083115458676,0.3219439958619931,1.8046586100887065,0
2015-02-16 07:00:00,28.18843075302234,48.89756526704269,4.670629203370053,0.3926560069217058,0.8640683146275274,0
2015-02-16 08:00:00,21.656582999321465,83.52141300590729,6.114605979191934,0.18397128540401467,1.2386674815022065,0
2015-02-16 09:00:00,26.047425018400336,81.69693754455976,6.228492972501801,0.301234545742614,2.050278694225052,0
2015-02-16 10:00:00,26.325273204454174,79.72109396731611,4.900184151389143,0.18856103469492846,0.957833858883419,0
2015-02-16 11:00:00,30.670994461055926,84.87823707178143,6.805432480347271,0.2016419503073189,0.7169265643635068,0
2015-02-16 12:00:00,25.481312016279215,82.08445498003623,7.072481874991775,0.24368999225196958,2.1926493878873345,0
2015-02-16 13:00:00,27.79457852716837,85.42245933861746,3.32066216672285,0.34771195378794706,1.2318904747795167,0
2015-02-16 14:00:00,27.677272029254258,77.85630553796005,14.876852538077628,0.26779773713618654,1.963843563410314,1
2015-02-16 15:00:00,30.473025480842182,91.98544504141194,4.661827980236909,0.23515818750315937,0.7203257746307191,0
2015-02-16 16:00:00,26.5987677530816,86.23155353418261,7.883509318568464,0.3051554563324959,2.184671946272683,0
2015-02-16 17:00:00,29.48336084607944,84.34021272411871,17.44993387068311,0.18530372717335702,1.3915390921742277,1
2015-02-16 18:00:00,21.885404597587424,83.94964186965491,12.104101493561558,0.342880321783391,1.504351338350261,1
2015-02-16 19:00:00,22.157941701168177,89.25825045994851,0.31465439164526227,0.413138676195831,1.2921405180004222,0
2015-02-16 20:00:00,20.14996696612642,88.17350229548391,4.4257107208889455,0.2920795959011988,0.8461675126024488,0
2015-02-16 21:00:00,29.3579549254,79.0978235716297,5.05926305407505,0.27973510066997914,1.1988220326535197,0
2015-02-16 22:00:00,29.021000813366207,87.92248304658636,10.524608101997286,0.33734403532155693,0.8901868334074436,0
2015-02-16 23:00:00,29.690482721697848,81.39241792033636,10.610691337477189,0.09715305811684549,1.8716822438513498,1
2015-02-17 00:00:00,24.96791449288142,95.33541433200263,3.671956847084193,0.3536817456597867,1.0578599830519364,0
2015-02-17 01:00:00,25.309357027396,88.78182248837572,3.6786767566027456,0.6101885803744864,0.15244494054427027,0
2015-02-17 02:00:00,26.63685707201307,74.99512545150645,1.1546216594267165,0.28773237788852796,0.02440338550750143,0
2015-02-17 03:00:00,31.33109790884297,98.64568551560212,1.8388125059553664,0.2880874966283669,0.0,0
2015-02-17 04:00:00,32.08148438286615,63.18368131208136,9.767534353082045,0.37436070000996835,1.6325795302877588,0
2015-02-17 05:00:00,29.38142546952409,85.09883792535234,8.699359020867556,0.46453326681979623,0.393946982038589,0
2015-02-17 06:00:00,27.993059174410504,74.4300213644377,5.717889617503353,0.3974967844434135,1.4100600430869967,0
2015-02-17 07:00:00,31.00614809310038,95.05744234938416,6.520676308656384,0.08443931214164493,1.2956021622439893,0
2015-02-17 08:00:00,26.232472628551324,82.0224485223623,18.777986709091756,0.3563398837662747,1.154703983563156,1
2015-02-17 09:00:00,25.827175408553117,73.64963627930302,1.0966213379683363,0.5571930145241675,1.5068836423676586,0
2015-02-17 10:00:00,26.612933638158566,77.86804230224334,7.61303847564302,0.3622441046759465,1.3108124759633684,0
2015-02-17 11:00:00,24.063856891741267,74.28854833067527,17.580110602751773,0.18453980867282505,0.0,0
2015-02-17 12:00:00,26.474971906885163,77.55378417143937,2.8486875590859526,0.3281829624418614,0.9734623314060569,0
2015-02-17 13:00:00,23.64777586864818,77.37081907288396,10.113947178160599,0.1719312748658933,1.4975721938444018,1
2015-02-17 14:00:00,30.075023456698734,73.99075305039156,3.4576213335134094,0.423280368926886,2.348197967528499,0
2015-02-17 15:00:00,28.631062173099053,82.16051049266099,19.069006091795387,0.20441174119720745,2.380520331607748,1
2015-02-17 16:00:00,31.288687192643476,83.12979330725386,0.001673919044744324,0.30742436346920227,0.2457946404903204,0
2015-02-17 17:00:00,22.11215159125743,72.02954886979227,1.8182152201249753,0.21422199980081522,0.9551922904810588,0
2015-02-17 18:00:00,32.70509084076622,66.73384989564802,4.159360747299894,0.24535519424520089,0.10371963040440146,0
2015-02-17 19:00:00,22.28257375861968,82.48765161719658,10.126679277954597,0.4486150645860495,2.263919552577058,1
2015-02-17 20:00:00,23.405075774750383,84.25536440895627,2.38336237001408,0.3103457164893697,1.9089993457039856,0
2015-02-17 21:00:00,25.13753535941073,85.84173409568987,2.0692909113015383,0.24407975262742798,1.4454115208042222,0
2015-02-17 22:00:00,30.923162075909595,84.40939505275303,9.08207457655774,0.1854772029113277,1.316266402882147,0
2015-02-17 23:00:00,27.67672049168572,92.58173420589591,4.36764053500585,0.11282985136005635,2.166441770244632,0
2015-02-18 00:00:00,26.268512248435286,87.97654309545011,9.394946351242126,0.17487193664773132,2.0479276363320973,0
2015-02-18 01:00:00,24.622117696064517,100.0,6.42048598028776,0.3111959241444378,2.010631287659285,0
2015-02-18 02:00:00,22.8721945480179,100.0,0.80117321018859,0.39802337687226635,1.5196759018475816,0
2015-02-18 03:00:00,30.39788197107903,65.93517929884229,3.7026664226424852,0.24396485075777988,0.9555401903400862,0
2015-02-18 04:00:00,29.39591778314592,62.422890950113235,8.437718479825593,0.4570543600719015,1.7369873824122901,0
2015-02-18 05:00:00,31.057351131277052,79.94086961722628,11.91005990453557,0.2282499577771773,1.7712293336785803,1
2015-02-18 06:00:00,28.190454380943372,84.03385943904257,1.8223626169040692,0.27619882771201204,1.0665537712856281,0
2015-02-18 07:00:00,19.073692624333397,79.39291992795422,8.337991385798192,0.1920423279662748,0.954125756816031,0
2015-02-18 08:00:00,23.266251201955644,85.62864356846208,0.23835077548678624,0.3990761734567856,1.9933192886907467,0
2015-02-18 09:00:00,28.394613917540127,77.838063396813,2.977299078635551,0.5097510614044568,2.364881276138725,0
2015-02-18 10:00:00,25.89084892429194,74.44839389268701,2.320545326672826,0.12381830390638021,0.6754229533596636,0
2015-02-18 11:00:00,25.32347409921562,75.65687312119164,18.836308632576042,0.26538379313653016,1.015636327186418,0
2015-02-18 12:00:00,23.690319705331415,78.39865304748636,0.4227821777727309,0.42647798470500353,1.4456531535182886,0
2015-02-18 13:00:00,29.84276870224362,86.7480987524812,16.04332738539925,0.15530544785743985,1.5406192984240272,1
2015-02-18 14:00:00,28.368577912242923,76.10607442667336,2.014264465593977,0.35666839069710865,0.8343435485310939,0
2015-02-18 15:00:00,28.503573668724368,77.68825037666636,3.2771546358871086,0.42214722002075705,2.5184644412408304,2
2015-02-18 16:00:00,25.099193253644827,84.56173475235482,2.6695867930496426,0.3078228814356837,1.4954666858816197,0
2015-02-18 17:00:00,27.52886327669943,78.40962881963848,13.497295136523348,0.3550263070940133,1.571968385929387,1
2015-02-18 18:00:00,22.986705221410556,88.93368440516312,2.186278610036755,0.47609023861276073,2.4312188570582274,0
2015-02-18 19:00:00,26.61051605746142,72.64395014211951,22.347279070399146,0.49484265541011463,0.8856568623287869,1
2015-02-18 20:00:00,19.416211264220674,70.9090899482761,12.385695073084268,0.2938032786965517,1.1380976864904053,0
2015-02-18 21:00:00,22.295651582596335,82.43703227214674,5.159620036859566,0.24676221507007667,0.32267443968485987,0
2015-02-18 22:00:00,26.033064467243967,83.23430769811837,1.179441444589973,0.20800198889263033,1.0793546694224951,0
2015-02-18 23:00:00,34.12535443882479,73.0803240473327,6.210332087648853,0.39769641504287123,0.15775073324524613,0
2015-02-19 00:00:00,21.59777077972541,90.7487632106194,3.951530510441623,0.16282244422090317,1.7234945479352204,0
2015-02-19 01:00:00,23.26925822238041,95.39949447816181,8.300474903027373,0.27474259620087976,1.4939977250489944,0
2015-02-19 02:00:00,27.65032439007843,74.97716629727428,9.683032486844336,0.3102689770954466,1.0060514850730218,0
2015-02-19 03:00:00,32.308268718043806,91.89840538184953,36.31547646184063,0.24969974872812453,1.1297034045275065,1
2015-02-19 04:00:00,27.60651749096422,60.94294262399422,2.5887172633684,0.3279820265019124,1.7330264906322932,0
2015-02-19 05:00:00,29.10642555691247,88.6088981337442,10.384561224604752,0.5564513318292759,0.40494273917707146,0
2015-02-19 06:00:00,25.987188747970567,73.13789783097266,2.7904055968521972,0.28784014096534577,1.3429175072167663,0
2015-02-19 07:00:00,25.46813523318187,87.80858145577712,1.4781658017199404,0.256459437257261,1.6896568645211212,0
2015-02-19 08:00:00,27.24655305620327,72.30979211234667,5.086918138907875,0.40153318243818525,0.0,0
2015-02-19 09:00:00,25.025131828121687,79.45209972298564,2.0986876655161715,0.32395836441455217,1.6794566039914134,0
2015-02-19 10:00:00,29.172808016153237,73.51907522766528,0.09090829741273325,0.4439335771211376,0.028156275716903156,0
2015-02-19 11:00:00,22.18118430316325,78.28895441774335,0.5752953477681437,0.3164687619819718,1.1176838613039273,0
2015-02-19 12:00:00,29.6699610977005,94.63939223144355,0.7545269132788484,0.2751576792028967,0.3856262271333416,0
2015-02-19 13:00:00,27.117939036908258,79.13649762725275,1.6139829896855047,0.12162751119054444,2.2018726055030102,0
2015-02-19 14:00:00,26.35583739419741,96.88241299140668,15.632955336291175,0.13802653061882597,0.3900152620933567,0
2015-02-19 15:00:00,22.071046319440736,76.91349951125731,4.685258396724235,0.11643013095728971,0.0448670756242322,0
2015-02-19 16:00:00,24.06063398400639,91.93411763045441,2.678725832194143,0.337933916628424,1.2933464991174208,0
2015-02-19 17:00:00,30.595954419399536,66.99445914789757,8.402074357082356,0.163775052013254,0.910407913985424,0
2015-02-19 18:00:00,26.374203005899904,77.70792755697447,4.7943282240053335,0.4255577365919383,0.14677633993524686,0
2015-02-19 19:00:00,27.835195397618463,75.71112011739714,5.8043070998937285,0.30302465648559535,1.5680706394083945,0
2015-02-19 20:00:00,24.36140396005396,92.30164480637714,3.279941255378657,0.2755813080898331,0.0,0
2015-02-19 21:00:00,26.912836091323648,81.4819902882886,1.3498284661712643,0.21561449247956616,0.47463131919181256,0
2015-02-19 22:00:00,22.883543855640063,63.29533464282004,4.414347333918215,0.3622258748270206,0.7973472107054507,0
2015-02-19 23:00:00,27.299646762863663,69.5189627622115,4.025160373187271,0.21955021804575886,1.761555674508598,0
2015-02-20 00:00:00,28.111922691810616,71.89870200496479,10.647620915339823,0.20146219959301193,2.1068278569092063,1
2015-02-20 01:00:00,27.961844181555055,87.47240235289735,4.588188306806158,0.41883499206053487,1.971947573129301,0
2015-02-20 02:00:00,24.289245508529515,86.4400598692502,1.8104589779405988,0.33546211607750226,1.092708346676437,0
2015-02-20 03:00:00,25.973847047698495,77.59680453631104,1.6457978629689305,0.27650705717517277,0.0,0
2015-02-20 04:00:00,28.611582437944893,75.61192165105942,28.729442265845357,0.3641432984733717,1.473597114852991,1
2015-02-20 05:00:00,26.365687214165703,85.73110592680042,0.02078157809723062,0.30089318731106984,2.2294016174572295,0
2015-02-20 06:00:00,26.13808385297967,70.96381526054432,14.581218445956189,0.33830131504516836,2.0636532854694978,1
2015-02-20 07:00:00,32.71040282587667,83.66135182360283,6.035515110547514,0.2183152097624545,1.5240643068206037,0
2015-02-20 08:00:00,24.147032643401626,82.98014397496186,7.643356707238622,0.5070398608910622,0.36734806496308314,0
2015-02-20 09:00:00,30.241255404266948,77.80328325546589,11.318193101461425,0.24203800323237748,0.8322850974601095,0
2015-02-20 10:00:00,23.53595800948521,83.18142372036573,6.754152369131356,0.4556016326949977,2.5536700791219724,2
2015-02-20 11:00:00,28.964343257314244,80.81675482459748,3.1677878761096423,0.28111311506955233,0.2082893257351064,0
2015-02-20 12:00:00,29.124457674371918,83.97935595805232,20.65458422010881,0.3807097115654962,0.3965111402947299,1
2015-02-20 13:00:00,25.468904534828862,69.32718153215924,10.256498174999113,0.37342234990261364,1.8597860858156987,1
2015-02-20 14:00:00,23.347569441413683,84.91601584422962,2.1554938087376683,0.41468517551500456,0.8981885286361305,0
2015-02-20 15:00:00,21.088700388589746,88.21281063601818,17.01977571137496,0.2159376292835855,0.37277141445676465,0
2015-02-20 16:00:00,25.154659473223994,82.56761136451556,0.19462184679890115,0.4075635401278862,2.269579825106111,0
2015-02-20 17:00:00,28.578655943856972,84.809726807932,21.753433135573484,0.48464398509114404,1.5227391847015979,2
2015-02-20 18:00:00,23.767115528701265,79.1206454607219,8.086854224668834,0.2741307020758143,0.9327391849359753,0
2015-02-20 19:00:00,27.290845742771182,87.13066053010435,0.14318831210684826,0.3034706067142122,0.3979576148703392,0
2015-02-20 20:00:00,22.570710606267465,80.52197702383883,9.196962803776733,0.24765533575198456,2.633184594701956,2
2015-02-20 21:00:00,26.29833542368811,70.81646974036312,2.911629259102999,0.26535637478149,1.1828837268773746,0
2015-02-20 22:00:00,23.558868287403808,86.56172923906608,2.299738508993665,0.471142279893249,2.1781296437286457,0
2015-02-20 23:00:00,26.76605849431672,66.92683001993782,8.076865521962642,0.19957654738697955,1.8255434812266078,0
2015-02-21 00:00:00,25.496761591177403,82.26223795430707,5.407603362424079,0.2057881178149228,0.8353689068357362,0
2015-02-21 01:00:00,23.4289015912872,76.92621719962416,12.570225881852032,0.4610900936414377,0.8409412195071532,0
2015-02-21 02:00:00,25.02337956633318,76.4149940023623,0.25751400108663525,0.3624548425888362,2.2124204285537434,0
2015-02-21 03:00:00,24.19752941327402,81.37590999940964,8.777014328303464,0.5120370249042524,2.2237621328339845,0
2015-02-21 04:00:00,23.058225899287763,74.32569447345605,7.091717179786658,0.25495613621741464,0.0,0
2015-02-21 05:00:00,30.24823747586825,84.09764811302266,10.101292494259798,0.31262811372375693,1.5848461826875346,1
2015-02-21 06:00:00,25.919475406647226,80.45437306097601,2.4861397070040896,0.23393230562281953,1.1151496366934661,0
2015-02-21 07:00:00,20.393323652779003,75.06164838870242,25.475417542044177,0.3143301168647696,0.47667378594304577,1
2015-02-21 08:00:00,25.130157577215943,90.70543656037054,7.7569323379941695,0.1225903302715696,1.3832222663020382,0
2015-02-21 09:00:00,29.744135141454795,81.63826088239598,4.054495682448854,0.3684954556655008,0.2552822463095239,0
2015-02-21 10:00:00,24.71592410022787,85.04640746739585,2.878370752738147,0.3323474083492338,0.87348125174773,0
2015-02-21 11:00:00,31.493231634400885,91.33270983595537,10.570672859987909,0.2942445337534081,0.6410683870610226,0
2015-02-21 12:00:00,24.430013835115233,91.20142828635498,17.7091672800928,0.2609635675400335,0.850146115090801,0
2015-02-21 13:00:00,28.510224167449365,84.6382836308495,4.846237166468011,0.21052460126319003,1.1499650544366062,0
2015-02-21 14:00:00,30.109915753773034,77.57873439192157,20.30788443434549,0.3727712912032761,0.48910333666615957,1
2015-02-21 15:00:00,28.3505819169343,68.56236969970232,1.214717460572158,0.18289100142965933,2.301225320211308,0
2015-02-21 16:00:00,22.87651807607691,81.65352560383796,7.316925892283868,0.3511895912049243,1.5452982633758876,0
2015-02-21 17:00:00,24.172594269235304,88.75667452653909,7.532660481275026,0.5074451394809457,2.456194119867438,0
2015-02-21 18:00:00,30.510212971159746,82.83451855514627,8.8474972770636,0.44855214886442984,1.0879440216453864,0
2015-02-21 19:00:00,24.586165631004068,52.44332760185682,5.629424185229265,0.14948720573293467,0.8158470263920237,0
2015-02-21 20:00:00,29.927029541706613,86.96049723861174,6.907838290269488,0.2463261939656697,2.43089093014512,0
2015-02-21 21:00:00,25.70914583455517,87.45199323820593,1.16726298842658,0.34214507405553374,0.7953581820882104,0
2015-02-21 22:00:00,27.424311957657455,77.59022245018949,16.23229515197228,0.29297180779856496,1.0751955846076127,0
2015-02-21 23:00:00,22.841678168937143,87.90689340202817,11.789694828594465,0.16005942817175786,1.7040331873481203,1
2015-02-22 00:00:00,25.175197275862505,85.02372331514701,6.626106285844584,0.3385315951473491,0.33359193419190514,0
2015-02-22 01:00:00,24.374080858680834,74.51594566174377,12.050874147225834,0.29899831048837006,1.6979062793555548,1
2015-02-22 02:00:00,27.67679895167452,90.17040892974148,16.69718933589491,0.4914325408603782,1.6083429463152217,1
2015-02-22 03:00:00,27.27959273914765,69.86018461515108,8.720127451399806,0.2746771297382553,2.0885277226264827,0
2015-02-22 04:00:00,28.387949688736903,79.54204263168852,27.813198988518756,0.4168003385326591,1.8230311521070988,2
2015-02-22 05:00:00,25.528432490721983,78.74398149782331,9.454504274471452,0.17329115968700243,2.1099848470142994,0
2015-02-22 06:00:00,24.209309786116265,73.39649478248975,1.4902317049057276,0.19719907021034916,1.1227046696441128,0
2015-02-22 07:00:00,27.54818725663292,82.43035094119172,6.277808540365601,0.372166195980949,0.5961307769050576,0
2015-02-22 08:00:00,23.911233290978895,90.48295119658447,12.494900645686592,0.40837307806073747,2.6769897898583537,2
2015-02-22 09:00:00,30.235267579267763,89.9819349748911,16.711524882464406,0.20426072739256074,0.13131306913462315,0
2015-02-22 10:00:00,26.65643284023266,85.78931371793533,5.761427712542516,0.30240774064839115,0.20144084478833457,0
2015-02-22 11:00:00,26.021594670885133,66.43261994495764,1.3124697287246034,0.16184208264709218,1.5955896283561817,0
2015-02-22 12:00:00,28.386526868250634,69.31238159298304,3.642979430612879,0.28187801736945206,2.3374902337241448,0
2015-02-22 13:00:00,26.77090650170485,81.32935295807015,0.5523400846629849,0.3836922785624126,1.3326855921399154,0
2015-02-22 14:00:00,22.025844849494412,79.72611967133167,10.426356476053837,0.2565041500863855,1.8995125897915441,1
2015-02-22 15:00:00,23.8157103018317,76.01536138001347,2.831781424664644,0.2750965294056197,0.0,0
2015-02-22 16:00:00,30.173126111593845,95.24258557963866,1.875517647573196,0.1870204601703948,0.850318526473204,0
2015-02-22 17:00:00,27.251653043533747,80.84688122536913,11.423402564076587,0.2351641586375074,0.0,0
2015-02-22 18:00:00,21.955296592909676,84.33930192952654,19.9563731041939,0.47581109162143387,1.7462876707600619,1
2015-02-22 19:00:00,28.0563362001455,87.90315104758757,1.8636631254422036,0.30729248917171326,0.11693807138768997,0
2015-02-22 20:00:00,25.322223540390752,80.43966759737968,5.80275132120958,0.19976922333494018,0.305526807777147,0
2015-02-22 21:00:00,24.376500142473652,100.0,3.8321822388142284,0.2685228050082008,1.5598176434729818,0
2015-02-22 22:00:00,23.565381823098463,72.47702158051437,17.4022573323854,0.14025723788334377,1.9432770464124105,1
2015-02-22 23:00:00,29.99978841395606,75.15142728084702,4.380652863854667,0.19858403078597875,1.0887223242395483,0
2015-02-23 00:00:00,21.103504883983952,72.45739425373995,1.120594884691171,0.4360339739046453,1.5991207528759568,0
2015-02-23 01:00:00,24.48740377668153,92.50126629141843,4.628020725087812,0.28575175756133947,1.5764517168111645,0
2015-02-23 02:00:00,27.360380297733727,86.41668699374918,14.305792723862638,0.4890730176101206,1.0492011983902696,0
2015-02-23 03:00:00,31.73508920671049,75.64678469825125,3.565048380269169,0.2904652161503944,0.43370616197962586,0
2015-02-23 04:00:00,28.661574589050957,73.08898900036175,2.1597030130914714,0.2964021303808504,1.5954239848192495,0
2015-02-23 05:00:00,24.461926153401592,91.07912400482083,4.1534597934718684,0.36408941585421234,1.6291669835425577,0
2015-02-23 06:00:00,31.588060362320444,82.89350172271088,1.1819343303164922,0.03274124177805987,1.825817082163181,0
2015-02-23 07:00:00,22.934629800885084,91.2833437489307,3.8261927898518833,0.3204939323653575,1.4184464968552282,0
2015-02-23 08:00:00,27.796008496065465,79.51880519374755,2.394828747938282,0.2951013511939048,0.38205006056447155,0
2015-02-23 09:00:00,28.463353937256645,84.0922825794688,32.09635122334415,0.44860388935151474,1.683238112958426,2
2015-02-23 10:00:00,24.356653250398676,82.40182124195202,1.4800771040193872,0.3964679394163617,1.1990332438401612,0
2015-02-23 11:00:00,29.09277915566476,75.00710932500745,2.1573879061420573,0.18663083144531992,0.8620837889736599,0
2015-02-23 12:00:00,25.45832961317712,78.84684672952793,1.1953627364603103,0.42421386186275806,0.9937549139644014,0
2015-02-23 13:00:00,29.085427282553894,70.52557324561324,7.390902726011027,0.2737685474419005,0.7168199751267341,0
2015-02-23 14:00:00,21.481213522241376,83.95285458981795,1.8152114254836864,0.20955467737039546,1.8221906451981003,0
2015-02-23 15:00:00,28.004928270686623,86.08998997077488,0.43633662421194985,0.3197103250871202,0.2073196864939858,0
2015-02-23 16:00:00,25.763679981919186,87.92128960084256,5.252756695506703,0.27972306443361816,0.5045598456355072,0
2015-02-23 17:00:00,30.449111348903465,85.33235914536805,3.3165226890262387,0.45384653140285236,0.9698589807298137,0
2015-02-23 18:00:00,26.868057810687148,78.9743189079758,1.9434420555006926,0.33406220284912097,2.3296255937672994,0
2015-02-23 19:00:00,30.747688601160355,92.41576516061588,17.019575975935844,0.3205658920886006,1.937996384364994,1
2015-02-23 20:00:00,28.522838295099156,87.13846790183636,7.648847198054522,0.39006470828554396,0.05141143772694212,0
2015-02-23 21:00:00,26.61747462285553,91.10837041325684,6.799666282148684,0.4092871618092712,2.1459429621267403,0
2015-02-23 22:00:00,29.363007928842883,91.6102936357628,7.823149171781058,0.37836050942972993,2.1445941518885787,0
2015-02-23 23:00:00,29.382175393581363,78.99520275754487,7.421070659555973,0.44194634728149534,0.3781941717841498,0
2015-02-24 00:00:00,28.41573001347364,83.1030356551459,3.5312770220606025,0.36086824129137884,0.0,0
2015-02-24 01:00:00,20.12309587612445,86.19652146797982,1.8435324190677376,0.3167651464726702,1.1494448643569302,0
2015-02-24 02:00:00,24.052318527706806,70.8068656997246,5.382212743183278,0.4239172062088029,1.9856970865098753,0
2015-02-24 03:00:00,31.15231753951777,70.9842146209696,3.4518279871955926,0.2909103859917861,2.313883378860141,0
2015-02-24 04:00:00,23.232162433694203,69.60550683203938,1.0293530753239386,0.30332465163446615,0.5904209149471248,0
2015-02-24 05:00:00,29.64738345019742,79.13519929184088,2.933764518551654,0.47215769172969146,2.4263853732640754,0
2015-02-24 06:00:00,29.119357970339006,77.33346352630721,11.65589713805046,0.46219241279552314,0.0,0
2015-02-24 07:00:00,24.82274291525391,68.5146349736381,5.408279320596351,0.2991824193076677,0.9423645703194987,0
2015-02-24 08:00:00,21.014305118649826,81.19486582158942,1.39499519774026,0.2546448422694383,0.9079525315489769,0
2015-02-24 09:00:00,25.29326220615622,79.23504866626726,0.8820622004689189,0.4463173500208498,2.006635917447012,0
2015-02-24 10:00:00,33.234045130899034,89.45792136061594,14.068891348066614,0.3800418357915214,2.108811726157846,1
2015-02-24 11:00:00,24.410168123371935,96.10383263305967,3.7349657381827193,0.3315581254197363,1.8679565588033766,0
2015-02-24 12:00:00,24.61722796620219,83.65160272331386,6.377663229711093,0.26781272898100555,0.2546149658778738,0
2015-02-24 13:00:00,24.00725276907052,74.42695582907012,4.339115129751694,0.33316965787145936,1.803833322259245,0
2015-02-24 14:00:00,30.644353429648557,85.17379501877654,4.218270920523722,0.2978291540112297,1.5563293780154441,0
2015-02-24 15:00:00,26.27125286512468,80.07442338656378,3.8964030128793232,0.2335661820427004,0.030135930304286518,0
2015-02-24 16:00:00,25.122281313152584,78.07899796974802,5.2306183089887055,0.3129042328587235,0.0,0
2015-02-24 17:00:00,31.24042205158605,73.10719103056151,12.505940597070307,0.3265424045639607,1.9265925030145432,1
2015-02-24 18:00:00,28.73848226380661,76.28623968622395,5.586172568257213,0.2624604933079769,1.0739304893145287,0
2015-02-24 19:00:00,24.24212927486922,78.57767190980938,0.18023217132403485,0.39038256886095174,0.30037253528158725,0
2015-02-24 20:00:00,23.32924826681466,86.43277113732358,2.1590999263956485,0.4288832392310989,1.054279649903862,0
2015-02-24 21:00:00,30.47450989463992,84.08820464326293,1.2958856831619374,0.39698976936554126,1.4548287567792417,0
2015-02-24 22:00:00,27.050364491225146,94.60460914342796,22.637870095300805,0.2723751614786005,1.1420042113327171,0
2015-02-24 23:00:00,22.35280794043166,85.39470459077178,20.951268931790874,0.3755821504188372,0.1136096928117396,1
2015-02-25 00:00:00,21.650652939319354,83.39435939649888,4.466613841552662,0.307796139746004,2.5198898324948766,2
2015-02-25 01:00:00,23.651883854400722,77.5501570762194,1.208489060989771,0.1764254021434048,1.9029525782915244,0
2015-02-25 02:00:00,23.28154623569091,71.70029614522632,33.37063142085974,0.36727293784977455,0.9652357838285729,1
2015-02-25 03:00:00,20.86176908729569,75.44085246517486,1.4165531744779343,0.3146131640956948,0.9934337408683986,0
2015-02-25 04:00:00,23.70147904005451,74.40129069790459,1.468479720925733,0.5593548002069307,1.4516411762992232,0
2015-02-25 05:00:00,24.24275831506844,59.51274545654555,12.30381996108062,0.44572708632785596,0.4092650229817679,0
2015-02-25 06:00:00,25.611956134846288,71.93094573940662,12.57445836486988,0.3711150156934524,1.425873505575878,1
2015-02-25 07:00:00,32.07873013538314,92.81767809092779,3.778282974064905,0.32491705012881794,0.2684872941974641,0
2015-02-25 08:00:00,26.199470183705177,82.94880170367195,0.9911685139184436,0.3163722255058018,1.1506260482083837,0
2015-02-25 09:00:00,26.497275486767357,76.98780915723923,2.826418732550588,0.1996310596366892,0.3819999501001988,0
2015-02-25 10:00:00,28.527766091396828,83.18783857712016,5.224561223651386,0.12610127728000892,0.41734121237129984,0
2015-02-25 11:00:00,26.28804578680032,64.37276379416501,0.740901233204859,0.21274408909184347,2.3520058295327466,0
2015-02-25 12:00:00,28.200458891660126,82.25678173169939,6.5708664482533745,0.2952282981829569,1.241458125999188,0
2015-02-25 13:00:00,27.8418446308552,90.21993810517986,10.86993331792442,0.08944607217910155,1.3451845397808173,1
2015-02-25 14:00:00,27.36776569679773,79.03107242328495,0.26135057660601924,0.24556782077272507,0.0,0
2015-02-25 15:00:00,35.299398253256875,65.82408379001146,11.030579846126928,0.2752386966875574,0.7820987690352665,0
2015-02-25 16:00:00,29.733377532133055,76.68847572178642,1.8323384819203765,0.2784573446514542,1.522848483093043,0
2015-02-25 17:00:00,23.754834045879807,90.23409595986496,21.31757279272947,0.23382764018118551,1.3358953861632534,1
2015-02-25 18:00:00,28.11066655856749,82.06903725518136,9.94600138430858,0.26584861856185993,0.0,0
2015-02-25 19:00:00,24.62478958002084,68.65351924165147,8.343643204993658,0.4723893828123862,1.3449965416599567,0
2015-02-25 20:00:00,28.33875229217956,98.94103343347096,3.7921764892947634,0.3662145281490603,1.4565911624847825,0
2015-02-25 21:00:00,22.87443774867519,69.96953187003894,36.96743549969538,0.24396992231018502,2.0986333987390897,1
2015-02-25 22:00:00,23.676661655748063,78.05660334709428,2.5682927002744766,0.29316522116380367,0.7413382167431599,0
2015-02-25 23:00:00,28.03172268747038,71.70091199478237,1.0708797141838269,0.2971686664347733,0.0,0
2015-02-26 00:00:00,29.993007340794076,71.71198388069119,1.927731398355339,0.22320445662598487,0.5022604737363913,0
2015-02-26 01:00:00,28.50793304625904,76.38279107411874,12.78022235549343,0.22308697822561452,0.4320544727920099,0
2015-02-26 02:00:00,29.562352003605653,85.08920127876863,5.1143678702848545,0.4010524020326713,1.7156962144459817,0
2015-02-26 03:00:00,28.12145567629154,90.32425156175681,4.30980829724076,0.2580215622483184,0.0,0
2015-02-26 04:00:00,27.517488297096996,76.91065462374033,2.6196303727725354,0.19053036129691284,0.8861504779491645,0
2015-02-26 05:00:00,25.48892017722469,71.9188515665206,4.053031081700697,0.2956859655930557,2.1980568315040783,0
2015-02-26 06:00:00,29.43900542615039,83.82911453327847,2.3857918726619336,0.31180097531291234,1.2050487239835443,0
2015-02-26 07:00:00,30.074637698479926,84.0637086314335,9.140500227697144,0.10272957758061646,1.8274217713234966,0
2015-02-26 08:00:00,26.810652926010675,81.92301068442761,3.3753942937874695,0.2959253642182807,0.050741166514238545,0
2015-02-26 09:00:00,26.649221874664025,82.20591850325386,1.9797004974843313,0.386797993434826,0.07860734075557407,0
2015-02-26 10:00:00,31.77421743516671,79.09946842925055,11.807469870365162,0.3451229385521833,2.206069720491664,1
2015-02-26 11:00:00,26.938734660551333,80.78520683644705,1.1294918521698118,0.5229795115194971,1.2708507560300772,0
2015-02-26 12:00:00,27.22705761109791,78.54679097101143,5.195032694100282,0.42511094823121787,1.2722920535464008,0
2015-02-26 13:00:00,28.452677723258684,88.56194981629697,0.09130529695066049,0.44489340247508535,0.4172930203251024,0
2015-02-26 14:00:00,26.706581232137538,97.82767600564702,0.4965776434236787,0.5800085935914326,1.270547210265162,0
2015-02-26 15:00:00,24.538979031770715,81.43722521365754,2.9387823959874115,0.3758156261774598,0.39784370216193254,0
2015-02-26 16:00:00,28.133896726570566,79.94742201622911,2.326939744478054,0.3163070207932701,2.030809314233955,0
2015-02-26 17:00:00,26.883734969933034,82.04689092552054,2.322074794444932,0.3973740293431332,3.10948149690772,2
2015-02-26 18:00:00,32.52674926942349,74.73662559213366,10.03387184295089,0.24407635666050062,1.5387587375657306,1
2015-02-26 19:00:00,29.365345650877128,86.11982696883857,10.603698781300722,0.31076863194949694,0.7555375301769194,0
2015-02-26 20:00:00,25.213553140670996,83.52941127264903,6.3558702434106396,0.23522723569216863,0.0,0
2015-02-26 21:00:00,29.187180657571126,76.63623833565848,1.030961455984873,0.33979845575628814,0.020875119820361165,0
2015-02-26 22:00:00,27.92359750419294,87.21653455233982,4.015821994106862,0.23480909119801796,2.2884032817189954,0
2015-02-26 23:00:00,30.92827890583654,80.1519181467631,23.926831272441813,0.23130715001382823,0.4795657097102488,0
2015-02-27 00:00:00,25.42663736151288,72.239546892205,34.07809245960573,0.34134732931055045,0.9404155828194414,1
2015-02-27 01:00:00,27.566028445078572,82.81283556338369,11.914839352414194,0.28622885592194325,1.6587281822054247,1
2015-02-27 02:00:00,26.70271905272252,81.89594002719461,1.1013411577911232,0.10724788642832528,2.2376028595532547,0
2015-02-27 03:00:00,27.175438269174897,87.683345168885,4.05787534980842,0.15444430786879101,1.0602891551853133,0
2015-02-27 04:00:00,24.34440315298815,86.65237560059879,5.921387648925338,0.18527335085385366,0.9167331912337757,0
2015-02-27 05:00:00,28.72773500373953,79.12618935496991,5.007595766623005,0.21170280938860253,1.2501347199574786,0
2015-02-27 06:00:00,28.25389282754849,76.22330450869175,13.0951530624414,0.3414423329478638,0.760653528352548,0
2015-02-27 07:00:00,30.855670850765385,80.01395000046239,9.615203168064898,0.32189388470716357,0.7983265576949314,0
2015-02-27 08:00:00,26.969922444039657,82.90647103734925,1.003945591283129,0.4065279371699199,1.4883160822737116,0
2015-02-27 09:00:00,25.764481475255593,83.87003502212039,2.048582313306229,0.3752801822941771,1.3297040624841405,0
2015-02-27 10:00:00,29.367883133832112,82.41129766508894,11.868436326906739,0.4071902956182658,2.6921237145910086,2
2015-02-27 11:00:00,24.617386855200948,79.27390445222585,16.95607486223713,0.3608396191459123,1.5071941716448005,1
2015-02-27 12:00:00,30.254953605251877,87.97453616018579,6.000859017239786,0.32096793090914894,2.0058018836656792,0
2015-02-27 13:00:00,30.24852599224111,74.60558484725378,18.832262259258883,0.4099351742287656,0.4501003762938083,1
2015-02-27 14:00:00,30.771836703403224,99.83522761723859,5.295162717902603,0.39194127917400995,1.5676101030211897,0
2015-02-27 15:00:00,28.12986895403848,86.10456304123008,1.3300860429168022,0.3376095367553991,0.6939130573792587,0
2015-02-27 16:00:00,25.5405108522067,70.98011677463992,8.790194392366567,0.42710718708601425,1.4768172843075904,0
2015-02-27 17:00:00,27.327563178916087,81.48183464749133,0.6517449438229853,0.0654211757496603,1.6819602186803886,0
2015-02-27 18:00:00,28.14020668523762,86.18146814425705,18.21972082486884,0.270953682585955,1.2349081908010315,1
2015-02-27 19:00:00,25.31957506443637,77.20504715584232,8.308796592328061,0.26942095343482686,2.885128005032355,2
2015-02-27 20:00:00,30.999348866775648,68.03884761938635,1.879760731171094,0.41526828774815705,2.1995858383759166,0
2015-02-27 21:00:00,28.74025250270563,71.68748846720884,0.09943820165194055,0.45713949969507695,2.0240717329803677,0
2015-02-27 22:00:00,24.323331134033985,84.33674355476441,0.014365925597212528,0.15498206297897374,1.7350003346590095,0
2015-02-27 23:00:00,32.64862102939733,65.96306821945302,2.3156251517353064,0.4411167174149276,2.434352572411031,0
2015-02-28 00:00:00,27.292167825510532,68.40524342523182,7.012648617167631,0.1828554813973731,0.1941214917715488,0
2015-02-28 01:00:00,23.717690871450042,84.29467797547142,11.074605736196025,0.18587847544391772,2.159198182593403,1
2015-02-28 02:00:00,24.50923763175818,78.21960626522537,13.573061999884555,0.2765714297672635,0.5061289816003339,0
2015-02-28 03:00:00,31.463350791496033,74.43375688316162,6.385561798711983,0.26817935278674154,0.8049626166532893,0
2015-02-28 04:00:00,32.47495474865046,76.04214282141973,5.385058078164105,0.14415827202831233,1.5929747108431676,0
2015-02-28 05:00:00,30.028455160442753,68.23348949724544,3.0652012005347204,0.3649877973492567,2.0632541158575064,0
2015-02-28 06:00:00,30.957925945761406,83.87562744363956,7.189536326466743,0.3679402424726602,0.3924963578226266,0
2015-02-28 07:00:00,30.649846376395832,73.54765155986044,1.9215460693238464,0.40540415961636705,0.8412185856255883,0
2015-02-28 08:00:00,28.6707484582922,75.71398252332904,0.7211563316471092,0.25665446702221345,1.2682724507509173,0
2015-02-28 09:00:00,27.987125363432778,82.77428109269742,5.0255082460945175,0.2960417285027551,1.0695437967130001,0
2015-02-28 10:00:00,28.61958958342982,77.94697971636627,10.289414555912373,0.2969572835097357,1.7978224428646312,1
2015-02-28 11:00:00,29.208046329429884,74.36277352292531,0.4611768082595056,0.46879954414684644,3.605149331189164,2
2015-02-28 12:00:00,24.775205980420807,64.08449260220857,2.315946994379603,0.016575521736678145,1.4935244959681158,0
2015-02-28 13:00:00,29.19587618793633,82.93940676694251,4.819751439766543,0.20430556510108966,0.6853624932863787,0
2015-02-28 14:00:00,31.375850541891054,80.63194374086721,4.706072342271166,0.30055408427917973,0.29244416855270317,0
2015-02-28 15:00:00,26.380882715012905,75.86090033853301,8.08973106965121,0.19144297650844969,0.9723222604900761,0
2015-02-28 16:00:00,26.06025664403461,71.70080715626523,23.354657698086683,0.27416796427288825,0.541825079779847,0
2015-02-28 17:00:00,28.429638927716,80.1020998292282,0.015258432190179734,0.28739244636300904,1.5272848543827962,0
2015-02-28 18:00:00,25.05102734877559,83.84377408420615,24.245268259345636,0.2342313891207531,1.5164151450489585,1
2015-02-28 19:00:00,23.04954415011748,80.78207105059442,22.48165207236724,0.30644689261026725,0.8757822568325304,1
2015-02-28 20:00:00,30.443157120315533,93.10452416393723,11.248714004809173,0.36281492777578134,2.589468509648648,2
2015-02-28 21:00:00,25.647146219929702,85.63819602084023,5.881795164993617,0.2763733554968998,0.685186876532074,0
2015-02-28 22:00:00,27.05534573616063,79.14173528260767,1.9770225544544195,0.2546805266031264,1.116398252471278,0
2015-02-28 23:00:00,25.169624876975803,85.90623004877251,11.119553913755764,0.2834235083346128,1.647413866122872,1
2015-03-01 00:00:00,30.830264444738997,80.38929822712863,6.212933841290595,0.29925636533544103,1.82443842563888,0
2015-03-01 01:00:00,29.559528474852044,80.36154203618123,3.1493372073775454,0.1259680434665578,2.0943035650802395,0
2015-03-01 02:00:00,26.277781376538897,90.37091037848818,10.848512910709841,0.34615539179612786,1.4999475352952671,1
2015-03-01 03:00:00,23.460307905711744,72.81553697487585,12.680889978089898,0.2548998770553206,1.9356388905515978,1
2015-03-01 04:00:00,25.9592105854254,80.18647718443967,0.16132871963203643,0.42615350748110514,0.7344242795804425,0
2015-03-01 05:00:00,28.71045809984914,89.51768002119684,2.7975937733208585,0.35910534756424745,1.8426573722452675,0
2015-03-01 06:00:00,27.565907112239294,82.47192446539913,19.751431985617632,0.4170066404219655,1.8333104051094797,1
2015-03-01 07:00:00,27.32729413335596,77.04757611704977,4.729642266234991,0.19889962062850913,2.259020672327475,0
2015-03-01 08:00:00,27.635096278409435,66.35072187700665,3.940313398239896,0.2628613358812573,0.0320948054400203,0
2015-03-01 09:00:00,29.27638869449448,61.83722446245032,19.16590253896299,0.17575415125425908,0.564971819079253,0
2015-03-01 10:00:00,26.874422387804866,96.60944951808598,9.565609199749028,0.22948087910706738,1.7761986785571113,0
2015-03-01 11:00:00,28.350040351378507,82.4680945700065,0.7851640610537175,0.42521054245085915,0.0,0
2015-03-01 12:00:00,24.039242376764705,75.3274148873099,3.219516861811152,0.4487490577922495,1.544404321651845,0
2015-03-01 13:00:00,34.66155233092598,82.79565511303872,7.993261325674084,0.185186670519554,1.9418630974519568,0
2015-03-01 14:00:00,26.148422042051237,72.4186068935732,5.638156099563698,0.25417223316827164,0.796537326714692,0
2015-03-01 15:00:00,27.610779023651933,77.35038978082987,0.6351719692632128,0.29238043279760506,0.8988669999216616,0
2015-03-01 16:00:00,28.699396574358634,72.47247685605628,6.391896312335014,0.35856056418097815,0.44810385693206733,0
2015-03-01 17:00:00,25.767628462798378,68.69381132348397,4.750427121869393,0.12401897364635073,0.8349170161880177,0
2015-03-01 18:00:00,27.02347438274839,63.160120433296626,16.694015771728274,0.13969999184715615,0.8552020486267696,0
2015-03-01 19:00:00,26.987025823970324,67.21874086216933,25.652781933821654,0.34896261438724024,0.7220111078741349,1
2015-03-01 20:00:00,24.25788572227987,88.17030211149968,12.39049995591943,0.10509614310820753,0.6836252755508522,0
2015-03-01 21:00:00,28.315768276618915,72.10494431031975,4.440368110061691,0.25532025938611297,1.0102966505781246,0
2015-03-01 22:00:00,22.052334485223806,84.27913689442303,5.254635971906652,0.31620918085588406,1.001826979040715,0
2015-03-01 23:00:00,32.25812532724984,87.65317911876171,1.5875429858703147,0.3415665969933117,2.5118923299027394,2
2015-03-02 00:00:00,29.378912654935178,80.13263748165966,2.0816092142643643,0.2858281904456168,0.9240703998180928,0
2015-03-02 01:00:00,28.91736707296013,77.61146230143143,4.1445129603998385,0.2634243280952469,1.440905151334301,0
2015-03-02 02:00:00,21.790073662700273,81.06418336422131,3.6469206039380904,0.38445708597164796,0.796181923466589,0
2015-03-02 03:00:00,24.62241398012094,76.66703706780709,0.5645936841706679,0.32852059263657574,0.7872829569109799,0
2015-03-02 04:00:00,31.16803536241516,89.63127409645304,16.848151593396572,0.23529833780485399,0.006940623587164296,0
2015-03-02 05:00:00,39.4537241911188,95.01227099315594,18.97550312596504,0.30377228966822384,0.10004362653223486,1
2015-03-02 06:00:00,30.584077395171093,91.59849464296764,16.37123845077252,0.3383169022656193,0.35510120424290026,1
2015-03-02 07:00:00,30.110830230752853,62.78749412181146,19.540413718294097,0.4718237241451381,1.3285877843320495,1
2015-03-02 08:00:00,28.574922684342564,76.50378592911909,32.04929856491332,0.3786323668291579,1.9533215586992096,1
2015-03-02 09:00:00,24.457508412869487,80.03327311024925,1.6339902218007332,0.42145568559539437,0.0,0
2015-03-02 10:00:00,29.98552224960099,83.70446368338034,30.92813802398586,0.238939260370037,0.8156462390558281,1
2015-03-02 11:00:00,23.696377988709212,66.18148369838362,3.058479986237713,0.24758170937449972,0.24317650345475617,0
2015-03-02 12:00:00,23.36824450458044,66.05245071704827,9.241220643293426,0.276462000718701,1.015006034106515,0
2015-03-02 13:00:00,23.17941202368453,90.45431799700314,2.5728515907543885,0.28564273533618356,1.9530386455950053,0
2015-03-02 14:00:00,29.92716793950478,75.52704545112177,12.721645686277224,0.19919750421971094,0.8871823188744172,0
2015-03-02 15:00:00,26.827757835217493,68.10074929237415,9.682503513542853,0.4265933626556818,1.1667381194602122,0
2015-03-02 16:00:00,27.302574299713143,71.17087353821631,2.982584833380743,0.3883351637758792,2.21865987747462,0
2015-03-02 17:00:00,26.95378818884795,83.12379714649772,5.251996993289302,0.2694322138698493,1.5205306513555363,0
2015-03-02 18:00:00,23.622850376405324,73.41961850829203,2.2188678902155785,0.36417106490138534,0.6679357009282385,0
2015-03-02 19:00:00,24.987807281947788,81.9330051374724,12.689192869166305,0.3222899163003838,1.3112407000850075,1
2015-03-02 20:00:00,25.13872138123964,72.17018109802797,17.852945546871076,0.37198279809313745,0.6207156920183965,1
2015-03-02 21:00:00,22.784185658323917,66.04639898092783,1.6452567155540763,0.16556928764743697,1.4943374089151997,0
2015-03-02 22:00:00,25.487369714098946,91.39504130577059,4.669890797585909,0.2854338926802565,1.5607381078509315,0
2015-03-02 23:00:00,23.756080630811283,83.1855192903118,6.188163233968313,0.29419614720942044,0.24298820965108325,0
2015-03-03 00:00:00,28.733026886600978,77.32999311009507,8.305810814891942,0.36236420996116514,1.3226045921700416,0
2015-03-03 01:00:00,28.982913191900472,75.82910622654713,6.74284237348086,0.23715623988178663,1.1176987194028563,0
2015-03-03 02:00:00,23.11908263208033,91.71920295260188,7.660800990571888,0.05000692759176034,1.5812741780204782,0
2015-03-03 03:00:00,26.110104707256,84.7322403642298,4.1144323655754,0.19183002823170792,1.7819429357133934,0
2015-03-03 04:00:00,32.56817964395011,89.17450425308607,4.2320232107221125,0.29389520142890924,1.5342147228872234,0
2015-03-03 05:00:00,24.05771130696512,75.3304585800864,4.00258296032442,0.30638842255033316,0.9877646526341733,0
2015-03-03 06:00:00,28.2799134533852,80.40533232143663,2.4682882683232723,0.46837481226249844,1.8533310146048,0
2015-03-03 07:00:00,27.316565802008654,83.21759132797226,2.903518122938089,0.3582746440658099,0.5888560565828239,0
2015-03-03 08:00:00,30.27866267352272,75.59944712548926,7.929801983579981,0.3081530279231489,0.2756346046413505,0
2015-03-03 09:00:00,27.88640052407222,79.23574312797088,16.863981287052525,0.2967608723218562,0.0,0
2015-03-03 10:00:00,25.70611356622875,75.331117280934,1.230568152199265,0.41041833821696927,1.1509013337839915,0
2015-03-03 11:00:00,27.200292364418655,83.19247358001773,4.213301453212891,0.24098895478425617,0.6249174923545954,0
2015-03-03 12:00:00,27.24410983186121,69.42884668919535,0.8369399184768183,0.2859716212259401,1.4784281332527456,0
2015-03-03 13:00:00,26.724914453151527,84.57576015397646,2.5303218631678916,0.19107418798616982,0.0,0
2015-03-03 14:00:00,23.042665634027948,82.48570561394328,3.132431360867299,0.44189060486953036,0.74697501437035,0
2015-03-03 15:00:00,30.72926582279368,78.37353177194143,5.728109881067326,0.33924989370016134,1.5291889341051397,0
2015-03-03 16:00:00,30.199300763592973,83.59613716521667,5.555180924140471,0.2292476703996054,0.4791146975557137,0
2015-03-03 17:00:00,23.867432919390428,77.08047629013618,4.621746568570321,0.2885544989681692,1.4864797240290033,0
2015-03-03 18:00:00,26.09782310344874,74.63895406938171,7.286456500155648,0.350965076320628,0.8100841834523715,0
2015-03-03 19:00:00,26.324742991937352,84.34980923830942,1.4348807752292358,0.27492810872777246,1.1770341831540017,0
2015-03-03 20:00:00,23.530443598501254,84.69611204123498,5.780028652518423,0.2465529378287399,1.616610604491799,0
2015-03-03 21:00:00,21.3996111967132,75.94183808952772,9.95305522171942,0.23457263140156684,1.866957916180719,0
2015-03-03 22:00:00,24.98822204426299,75.25558166205553,1.4064229107689648,0.33389618992411146,1.264744687924425,0
2015-03-03 23:00:00,25.930792979246423,78.53621212991635,0.1859008775253676,0.2641945720789315,0.6301927935848786,0
2015-03-04 00:00:00,22.676299999907943,75.58395477748786,12.59477823999382,0.25462422652372535,0.879372796334245,0
2015-03-04 01:00:00,27.530933292256435,92.20095287905815,0.8877367002279157,0.1663938244944594,1.6458687541608705,0
2015-03-04 02:00:00,30.48856890994902,82.53180571355365,2.36511443016618,0.30776405765271697,0.48512249156217535,0
2015-03-04 03:00:00,29.526348438495802,80.11680186837772,9.679870477443576,0.2818776561208092,1.075353382351856,0
2015-03-04 04:00:00,26.619943040523843,72.53820021048777,1.2946269670277204,0.2678351651358035,0.9298811311469676,0
2015-03-04 05:00:00,21.47876491043641,85.91191557629313,11.803582973749858,0.3198770677488718,1.1276467516767248,0
2015-03-04 06:00:00,29.147107021977142,75.10716080044467,1.9160088220905156,0.3748002262735898,0.493502229525436,0
2015-03-04 07:00:00,27.439176507193675,74.77802151135168,1.5878434026755182,0.37015654719404684,0.0,0
2015-03-04 08:00:00,28.27305332765406,86.18091730461269,1.9412461466417192,0.3552728500899763,1.5645198311717503,0
2015-03-04 09:00:00,32.80830840090754,83.09858176793519,8.458340505079804,0.27593297213642787,1.874891996442054,0
2015-03-04 10:00:00,24.52556511140804,59.97241912691554,2.3657009947075225,0.2433001664058758,0.0,0
2015-03-04 11:00:00,18.375552200633873,78.73783388988552,12.642287499190385,0.19560843586775625,1.4582483126483514,1
2015-03-04 12:00:00,23.83963626657073,81.00415696438095,4.838626743078411,0.24068434926619178,1.9582280403916235,0
2015-03-04 13:00:00,28.45813520480346,77.28323075375071,5.3277349930382165,0.30196500951365696,1.6171377327336263,0
2015-03-04 14:00:00,27.08077770524412,81.28290932551843,1.514468864062135,0.22137138783475171,0.9083308749267535,0
2015-03-04 15:00:00,23.353091611203954,65.52249597672791,14.396170965290107,0.3096057139117443,0.5395525411744696,0
2015-03-04 16:00:00,22.740847850470708,57.3518352052742,10.030866167420939,0.20345433220881354,1.2566846555449924,1
2015-03-04 17:00:00,25.936172952547814,72.19625409303784,9.761953658339175,0.13390081109929777,1.3734495411928165,0
2015-03-04 18:00:00,23.26171599035458,82.2579769741372,3.8410367341916887,0.3819406120864795,1.267065257809129,0
2015-03-04 19:00:00,28.561900254763575,54.20035017183288,0.6641589473892668,0.2525585404634155,1.073905758917704,0
2015-03-04 20:00:00,25.765719334121194,73.25163146208394,5.645057907823945,0.21629663467761087,0.4421437931140698,0
2015-03-04 21:00:00,25.118646347004866,64.6179122464049,8.106849160134669,0.19061528587025614,1.495881803916196,0
2015-03-04 22:00:00,24.72517079123098,78.05900661974921,8.187636568763084,0.34230359747304007,1.5295981460894668,0
2015-03-04 23:00:00,27.789368179741782,95.6631940636468,7.127977078312296,0.4374907711467967,1.3405754878231702,0
2015-03-05 00:00:00,27.12782767128011,78.26259204268719,6.8284658655531985,0.2596926138993855,1.27769555154988,0
2015-03-05 01:00:00,27.605871809587782,79.13997723735305,1.902504513406659,0.2784436625337418,2.3754746414222736,0
2015-03-05 02:00:00,27.540388331417436,86.71384752630586,2.0400734864396677,0.4071631839889072,0.7629348507986227,0
2015-03-05 03:00:00,26.78341339020988,80.17045246248459,0.8597434233847048,0.11895542956416877,2.097004568219659,0
2015-03-05 04:00:00,23.900608249625726,78.28006583848529,12.777186137499925,0.4966868642912667,0.6861828715447137,0
2015-03-05 05:00:00,24.808859619806213,87.41316739316004,24.687042143256807,0.5444100302326369,1.9762654010694995,2
2015-03-05 06:00:00,25.81597528458319,83.77509720409445,45.98319021050608,0.02936624705799168,2.0633572850563806,1
2015-03-05 07:00:00,33.195585714264965,82.30900609253162,6.075141346319638,0.2902496771083243,0.9948641576186822,0
2015-03-05 08:00:00,22.953491038749565,78.88975877946028,6.846390558426394,0.22810529681304365,2.3626741378425833,0
2015-03-05 09:00:00,25.743070490049327,77.23148236218348,4.027110936953063,0.2735228229095266,1.5283251207222623,0
2015-03-05 10:00:00,27.294801180331465,87.3373670818533,5.974243613730334,0.25816149303840763,0.5859092912016027,0
2015-03-05 11:00:00,26.090001740182522,77.30829904096662,1.2864486153633763,0.3811759098479358,0.9380903839275536,0
2015-03-05 12:00:00,30.221908624313212,89.8500230348481,3.9311941456598856,0.2887430093032009,1.9929336142746559,0
2015-03-05 13:00:00,26.0745062084914,71.62282906968574,1.6077487323009882,0.20890927858000433,1.8461452913136547,0
2015-03-05 14:00:00,26.296375802548173,91.47027163604622,3.350002198887816,0.28278148387048757,0.4593717190344965,0
2015-03-05 15:00:00,29.443885540848953,83.77632066470734,1.8204808900123055,0.35147842369624094,1.102519881466652,0
2015-03-05 16:00:00,32.43213498875513,72.25172061558395,8.111105577234925,0.1816278672234718,1.3424660879435582,0
2015-03-05 17:00:00,31.222495121844986,84.07182907641845,9.1488720622621,0.13537663110300194,0.8446767876470738,0
2015-03-05 18:00:00,26.590038347672568,74.79757681346176,6.630341166160655,0.49927428008353203,2.850459806362303,2
2015-03-05 19:00:00,26.85145736480279,80.2674244347798,2.0521947514296226,0.23575733202915636,1.3635646203837277,0
2015-03-05 20:00:00,27.140157734352613,76.10698290283798,0.7553005909618042,0.2862647013080477,1.1567314663678654,0
2015-03-05 21:00:00,27.440998225387755,78.93670268693538,9.248913989021252,0.2602204594174427,2.0335957309806627,0
2015-03-05 22:00:00,24.457955656956557,87.53144635047893,4.809640407406579,0.3548087704082142,0.9443505256128155,0
2015-03-05 23:00:00,29.809781396566315,84.1480932171735,0.1645428226705683,0.47727899230910437,1.905199327432126,0
2015-03-06 00:00:00,27.61982738316836,70.99707686584738,5.5946645480789075,0.3579933841729284,0.0325873230919107,0
2015-03-06 01:00:00,26.865431433554058,71.45522846673249,6.899243337734319,0.14816348524600087,0.8824421676281037,0
2015-03-06 02:00:00,23.186563870322782,82.16620488212267,0.36498254679573705,0.161587657299147,1.9343492928640726,0
2015-03-06 03:00:00,27.18685862547184,82.74549701516621,8.25185069484165,0.26010352246730833,2.2991384044127696,0
2015-03-06 04:00:00,21.320363090337583,74.60444016490322,0.5062892747672552,0.27317668004667334,0.6586930008958048,0
2015-03-06 05:00:00,25.255051967903306,92.7305238638563,1.7505586505236488,0.1278048730453399,0.5771248546469461,0
2015-03-06 06:00:00,25.310706880562403,86.50795949815677,0.5134309705440671,0.38193409201744405,1.5972125012593212,0
2015-03-06 07:00:00,27.860985579262856,74.99538907692164,1.4923805707828885,0.19136794421185213,0.763876273557601,0
2015-03-06 08:00:00,32.63955007483589,74.22195747347206,0.76764592639165,0.44933015621257555,1.0119954575712242,0
2015-03-06 09:00:00,28.715722396996313,78.17749429029402,12.703288001229287,0.48206325972057207,1.8134835173160102,1
2015-03-06 10:00:00,31.345206217906842,77.34516471140672,3.5984293462871624,0.27517464673678227,0.8191284728701915,0
2015-03-06 11:00:00,28.93563651931073,90.04925994985422,2.7339229350106535,0.3438972640418185,0.0,0
2015-03-06 12:00:00,30.37516046906285,87.87618378395909,13.81969295328851,0.17680527779157984,0.28924089507588313,0
2015-03-06 13:00:00,32.571382058829315,80.28055610801113,13.1843208293189,0.36236763264791144,1.2069689100041965,1
2015-03-06 14:00:00,24.804489503093237,85.42324448711372,3.02369879399686,0.250180757656563,0.0,0
2015-03-06 15:00:00,24.60868669760549,86.5838018107564,6.497231275414551,0.19127646784116464,0.9919877078918755,0
2015-03-06 16:00:00,29.006432701431965,80.46608582613227,2.278748529277088,0.27106650117470155,0.22553243862920558,0
2015-03-06 17:00:00,26.98896463781326,83.22094943495271,4.2843323354094816,0.2534251991594637,2.347957304805919,0
2015-03-06 18:00:00,27.66106149842088,84.75350043273825,1.0426803427313371,0.2674840596996246,2.7155998163359705,2
2015-03-06 19:00:00,26.253999323677917,83.90084578919107,7.51055316759218,0.3949679902816359,0.4592620283605521,0
2015-03-06 20:00:00,25.211223848925847,73.76956937219367,14.315172469326084,0.2214692407364267,1.3797310760265424,1
2015-03-06 21:00:00,31.862294006325076,74.57832194123151,12.125742293052198,0.4735022999773876,0.5277173876022034,0
2015-03-06 22:00:00,23.700416658540256,77.6912427065116,5.06323900734067,0.16749403671746463,0.9834790785618421,0
2015-03-06 23:00:00,29.059176777724634,74.34668576762489,0.12167780376598092,0.46154302731785957,2.4624285295690638,0
2015-03-07 00:00:00,28.572684857191348,68.21519541891477,2.1382250644373464,0.1983489378093306,0.8733180165914602,0
2015-03-07 01:00:00,22.262960107289267,85.40761568759233,4.278167484322957,0.2998986767463384,0.9997737764340204,0
2015-03-07 02:00:00,24.507659010019218,82.77126501495201,0.5954429966562712,0.250980388652198,0.5402295129406122,0
2015-03-07 03:00:00,25.011928317150396,69.28506738965963,0.4106946752278048,0.26562713284621453,2.002332564365404,0
2015-03-07 04:00:00,28.693752339949775,78.07266630617971,17.965212158562785,0.38013572363555487,0.0,1
2015-03-07 05:00:00,25.898894682208347,78.52571346197898,10.849308128711217,0.4499826797228811,0.8900418749278654,0
2015-03-07 06:00:00,26.743230580167584,81.45555542807952,8.104411360673634,0.4190524704955642,1.1678797341051788,0
2015-03-07 07:00:00,22.62705792904582,71.34462041081873,9.696752561744267,0.2595143667658152,0.73724586910436,0
2015-03-07 08:00:00,33.97773515014594,69.16804611204469,0.814759559737011,0.31842552224045534,1.804481855411817,0
2015-03-07 09:00:00,27.21358685621849,84.15779596827129,1.417139498098729,0.2217922126331638,2.0414190987793317,0
2015-03-07 10:00:00,28.49700269189083,67.72830390185102,6.094467714006372,0.2008449687425305,0.21157234098433964,0
2015-03-07 11:00:00,25.378123534304333,78.1386920555627,6.607014873019337,0.1853699094271331,2.665440657639563,2
2015-03-07 12:00:00,25.042118018796447,77.39138251393419,0.5284122917115408,0.25624266930158707,0.20371882295253907,0
2015-03-07 13:00:00,32.7380539648606,79.01372545418572,5.6469927667358615,0.3249605631014942,2.1020414771730893,0
2015-03-07 14:00:00,21.249835178980113,82.02174096942281,4.368971742335654,0.1088184840248495,1.304879388974986,0
2015-03-07 15:00:00,27.83594120529233,92.78856494249125,11.771314079552873,0.2953646297419234,0.8474092320203297,0
2015-03-07 16:00:00,23.36548832667632,67.2040623952728,6.64082446979393,0.4516025124549525,0.9134431492269146,0
2015-03-07 17:00:00,25.784996536808986,87.01265266186199,19.77422145474157,0.4121911069074125,1.1765410465377804,1
2015-03-07 18:00:00,25.08571659697794,59.90273675094898,3.0452561052779905,0.2414815923473334,1.3458925033046472,0
2015-03-07 19:00:00,24.042066949742257,91.14968919053855,0.9172170889254165,0.16031270907172138,0.5558919540399323,0
2015-03-07 20:00:00,27.106325189118984,63.65704527570274,19.327731241680397,0.34598303064648267,1.0362420296251267,1
2015-03-07 21:00:00,19.295912558081803,99.49115710427833,7.003844606790776,0.06825717497924996,0.6605290239506837,0
2015-03-07 22:00:00,26.053534554243907,76.88185736418276,4.398498704091543,0.4110154115882677,0.34946533104828903,0
2015-03-07 23:00:00,26.729130073950074,90.32306448618428,1.500674972657864,0.27864125421167596,0.6278818082794719,0
2015-03-08 00:00:00,22.922170360781962,88.67324818728692,3.0901130599084055,0.4831300320577401,0.3950177571131924,0
2015-03-08 01:00:00,31.539656164348152,76.50808726956473,2.889319754921145,0.1273034514423534,0.9058915610746369,0
2015-03-08 02:00:00,25.216624875608055,77.1220062544992,0.8476807121141914,0.3918146225207833,1.5027324338278907,0
2015-03-08 03:00:00,26.28754727260549,73.30272829494179,0.03503794160082202,0.2899491163185801,1.2844972479245735,0
2015-03-08 04:00:00,25.223342508255893,86.29896133155431,2.8033860219033446,0.2668949468527919,2.582041343662455,2
2015-03-08 05:00:00,26.755301638708243,76.61225516625225,9.93465428632133,0.16301565347878552,0.0,0
2015-03-08 06:00:00,30.924432280518147,73.44813177559412,15.420283508043225,0.35957479067117165,1.5285386763499318,1
2015-03-08 07:00:00,34.41904741177042,84.29820809564922,12.19872887394618,0.36761373847768575,1.2044941669670464,1
2015-03-08 08:00:00,29.236917611101976,72.822588468754,12.855959270862414,0.47851278019658894,1.770969239660377,1
2015-03-08 09:00:00,30.26398130091531,77.36814166598398,1.036199782338244,0.40080502628605924,1.701525643017286,0
2015-03-08 10:00:00,32.14928244443124,80.85684691897755,6.216300997966897,0.2406104671044265,1.0845057749053761,0
2015-03-08 11:00:00,27.74661323029937,74.86056408590986,8.167104997159159,0.19961374163824852,1.3208558993997288,0
2015-03-08 12:00:00,31.71075262083561,76.06761055264052,8.689489414374894,0.16315085664776136,0.6791515509570608,0
2015-03-08 13:00:00,29.377203397171208,92.27986560911566,4.287302302519467,0.44732243456394705,1.6295759855481178,0
2015-03-08 14:00:00,27.431962077934717,78.36611839771882,5.442942664612174,0.22218257157221338,0.0,0
2015-03-08 15:00:00,28.051023103354403,77.1229843217311,11.868494630570094,0.4480229868971307,1.7437785070545222,1
2015-03-08 16:00:00,21.53574910989653,78.59899889545022,7.877910470805736,0.35250720408620667,1.183778589034723,0
2015-03-08 17:00:00,27.87635778133845,83.63563990799254,9.378425537873865,0.332990288159396,0.8590565735182378,0
2015-03-08 18:00:00,22.368757438661113,71.72909053860909,2.639829346895621,0.26931316874397015,1.0372267603872916,0
2015-03-08 19:00:00,22.12419254516668,83.4177232036671,8.910027126050991,0.3660672913002251,1.0885626357881333,0
2015-03-08 20:00:00,27.578636067075674,82.04656152047393,5.365048139894045,0.29845292371631976,2.1081126323363506,0
2015-03-08 21:00:00,23.657764214399837,65.69075692740707,10.787890418841513,0.2630786708531189,3.4634455642739583,2
2015-03-08 22:00:00,26.978658746089867,94.35404482727009,1.9015899057331183,0.36960047866482004,2.0539095769052675,0
2015-03-08 23:00:00,27.415303558049594,91.68650848610565,9.981138345758556,0.28560278907788694,0.8042719498771707,0
2015-03-09 00:00:00,27.549148802451406,73.5954965380413,3.143160618983961,0.22016652212611731,1.6408472769996953,0
2015-03-09 01:00:00,24.287635778873696,71.02058769842174,10.024686005261866,0.3599826775460651,1.6713304162402387,1
2015-03-09 02:00:00,29.696047147443597,81.82441197620194,6.258533096538125,0.2936014344371435,0.5523874942869458,0
2015-03-09 03:00:00,26.732294290601764,68.5930936973497,4.9452412120340625,0.3488910011757804,0.31744049194552293,0
2015-03-09 04:00:00,28.323227040513487,90.91426362961805,3.359421233677354,0.25461401416458135,1.1557033497582478,0
2015-03-09 05:00:00,23.41068115815901,76.25237011398086,4.420204840741424,0.1790878695319044,1.7653953218910043,0
2015-03-09 06:00:00,26.46501732961204,92.97445542647053,2.8118411315773897,0.47350739625142757,0.07173421267900015,0
2015-03-09 07:00:00,30.29188344981036,73.40477303690986,3.2744876341892177,0.4546611410763574,0.6953714926419157,0
2015-03-09 08:00:00,29.910532895426105,79.10238331546624,7.669461200156006,0.3883784961261961,1.6008561962932844,0
2015-03-09 09:00:00,24.608121951226817,90.13770085261893,0.25283972063438137,0.2612189314625727,1.229206529289406,0
2015-03-09 10:00:00,25.363325428275463,77.41408416288935,9.895299770206236,0.26996820268389277,2.1913915344192967,0
2015-03-09 11:00:00,24.033939809808544,82.17673394540593,10.053842576937006,0.43823274458964645,0.21204278214655958,0
2015-03-09 12:00:00,25.030761245217356,88.7412700451041,3.484047197517765,0.2646169962432587,2.846515453414619,2
2015-03-09 13:00:00,22.802797377880413,75.55162039332667,5.597486115300817,0.23674439636527023,0.12340528950129426,0
2015-03-09 14:00:00,26.58547238277458,69.90608727561848,1.268444550213279,0.4872234675636453,0.0,0
2015-03-09 15:00:00,28.89941519454853,68.33031522953938,7.180384666719531,0.29523223183861275,1.1587610543518851,0
2015-03-09 16:00:00,24.644841408596765,84.667461995503,1.5327168314313342,0.47684253285138456,0.4058787502277934,0
2015-03-09 17:00:00,26.728181152016468,83.11022709598095,2.0466203649739803,0.1601608089309998,1.1728710351685847,0
2015-03-09 18:00:00,26.33850477710593,88.49330538464872,1.0536453442991736,0.3518184882784502,1.1483911847317332,0
2015-03-09 19:00:00,30.165356194794658,77.80764224813927,4.312302086882526,0.5071082599216615,1.062958051524798,0
2015-03-09 20:00:00,25.165224489586738,68.55410193919566,5.827613854980987,0.3029750744658862,0.6103122774622546,0
2015-03-09 21:00:00,25.274351677047445,61.177981549747386,7.652466201887792,0.27359955077322035,1.5028593068057836,0
2015-03-09 22:00:00,24.461936615122916,100.0,4.759449098743759,0.18322480824015802,0.9778640196629813,0
2015-03-09 23:00:00,23.587471439764535,84.21538414830002,6.3831757844404216,0.40823430544352474,1.9725654095283345,0
2015-03-10 00:00:00,28.58755497434091,81.09433404865835,3.3854781882362,0.22298719173593123,1.0737394232301853,0
2015-03-10 01:00:00,26.594667611008564,82.22911808251052,0.3855658464566919,0.29051914406100116,0.5247468039933874,0
2015-03-10 02:00:00,27.164429579469907,68.5492884141405,4.556638017298253,0.17654977202073885,0.018602613709630234,0
2015-03-10 03:00:00,30.82392346858619,73.64102407229562,8.728399577362795,0.45568946000974325,1.07952339798614,0
2015-03-10 04:00:00,30.996242177783614,93.94664102392994,1.1646590525151848,0.4154885310725683,0.31155680004616426,0
2015-03-10 05:00:00,22.061297076495592,85.26677828681775,5.891520000685631,0.2968415250786869,0.25502670219665546,0
2015-03-10 06:00:00,28.943504019286703,73.8912187389765,23.20684384813533,0.18458510644130716,1.569220116402891,1
2015-03-10 07:00:00,27.676940777133566,70.18547737533409,4.224672233750169,0.45359070492426323,0.0,0
2015-03-10 08:00:00,25.61522700256219,75.87444712844346,4.4780398477989936,0.26340682729528525,2.1885353648330383,0
2015-03-10 09:00:00,27.983051061083827,77.47655482221697,0.31751906351250364,0.18947951591824813,1.311801469076878,0
2015-03-10 10:00:00,21.820850294337642,96.39316828677363,0.9507535095877483,0.12378819875274558,1.1693101582825272,0
2015-03-10 11:00:00,31.387927028329198,78.49386099227236,1.5582058900518656,0.2354034868106225,0.47566384161458974,0
2015-03-10 12:00:00,28.544832291215723,70.4835857269359,8.399071841812821,0.15453618774700603,1.7350606074400565,0
2015-03-10 13:00:00,24.404406765502024,79.53118109111932,1.2979824129807793,0.23771791634771752,1.1979665464818232,0
2015-03-10 14:00:00,25.24376933454143,82.11470774702401,7.030571754885339,0.3744408733697715,0.7197323500814385,0
2015-03-10 15:00:00,21.89056057335768,69.75562737930103,1.7788185694812548,0.2624599836024767,1.3398772876561122,0
2015-03-10 16:00:00,26.058128250491237,83.21732427562091,0.3481253490414107,0.3355693382113711,0.02205018119243385,0
2015-03-10 17:00:00,25.55180406827825,89.67132761817255,9.426204906924779,0.22766653404677678,0.05527100791560291,0
2015-03-10 18:00:00,23.024668838628724,81.10937026600611,2.929991864971427,0.3065169066364231,0.41586974028924517,0
2015-03-10 19:00:00,29.330106701129335,73.62347878520256,7.709720458869162,0.4920900822086021,1.4446690873267998,0
2015-03-10 20:00:00,30.830391569083424,75.7690364994388,0.32068273220415766,0.2651513921973103,1.1977191747357079,0
2015-03-10 21:00:00,26.917918529866565,66.7293121867051,5.313905770782718,0.3384429437619659,1.9342854858890268,0
2015-03-10 22:00:00,26.083059351460896,78.92931812717971,0.8929537040258031,0.14344727725315615,0.5560071034819962,0
2015-03-10 23:00:00,28.304953806395382,82.4862396546393,5.231748502450947,0.45201061224168704,1.6022674883369392,0
2015-03-11 00:00:00,26.94108311251487,72.82693932107617,5.355616983892246,0.2522793371055135,1.1202906133233033,0
2015-03-11 01:00:00,23.753462351306442,95.51760120822102,4.642125134202002,0.4050533649906501,0.5398683636813499,0
2015-03-11 02:00:00,25.041966040238215,86.33823596360918,12.762938434188456,0.2876819704241095,1.4697153694990432,1
2015-03-11 03:00:00,26.110691979755906,65.65778128841247,6.9047927055053595,0.3611579365020806,1.1537916992283372,0
2015-03-11 04:00:00,27.744559783430088,65.82189953193954,23.187645756416227,0.36710124272110006,0.7596165640982209,1
2015-03-11 05:00:00,27.028010153629406,72.12780957836945,3.0314425330784873,0.2547559660487283,1.229399361000864,0
2015-03-11 06:00:00,27.63110813996135,92.58548325407418,0.6210128991121103,0.4091906435761852,1.1093287298438255,0
2015-03-11 07:00:00,22.425516050148236,87.1273736844189,1.956394703580814,0.22410151360069003,1.0924183520377482,0
2015-03-11 08:00:00,28.99565323225479,92.9896975644663,3.263070814444314,0.3777934220027543,0.9111847950624403,0
2015-03-11 09:00:00,27.010247652025537,80.08167429250204,24.849471454829946,0.2609794705833469,0.28653602277445367,0
2015-03-11 10:00:00,34.65812716245046,78.32408537630178,4.944364155475441,0.334955794863206,1.2523357911264106,0
2015-03-11 11:00:00,25.83709688947076,70.01992411151501,13.20034730569549,0.25380069976457387,0.6380999383950098,0
2015-03-11 12:00:00,27.970375485328116,82.79747139933437,2.722541848528127,0.3049975974706595,0.48576979264915254,0
2015-03-11 13:00:00,35.48765748662551,78.43065466466383,2.31195250549456,0.19253062983082328,1.031510109128175,0
2015-03-11 14:00:00,27.582274888509538,78.1226224761451,0.29001757170880565,0.3247556984688794,1.7138185809205249,0
2015-03-11 15:00:00,26.79710838217195,92.9444067284227,24.18595465636576,0.3044187834959586,1.3299294553836867,1
2015-03-11 16:00:00,24.039234315748047,78.98923517708351,17.34614839618631,0.24598464459275274,0.8282004541496877,0
2015-03-11 17:00:00,31.584799101626956,90.64785155238148,5.956594267244584,0.29449720336097035,0.8000577594924998,0
2015-03-11 18:00:00,23.522695241470288,67.2954027108591,3.504173195948323,0.313400447616791,1.6450692835321374,0
2015-03-11 19:00:00,28.281362750544368,100.0,5.15592452621701,0.23836429467348877,0.0,0
2015-03-11 20:00:00,25.579334036074854,77.01383630595704,0.5728532421349467,0.28712414242703305,1.7581554924396363,0
2015-03-11 21:00:00,26.431991212265935,85.65747218619221,7.695057125145826,0.1994448059105079,0.0,0
2015-03-11 22:00:00,22.728203194169826,86.93018329557209,16.112234916000105,0.5345733038961007,0.20921446417391365,1
2015-03-11 23:00:00,31.029381665201683,76.02114615699652,16.83297903687745,0.4059118660208185,0.8400139181157421,1
2015-03-12 00:00:00,26.16660808224517,86.55224072047243,0.32103020135521654,0.3273094105631551,2.7190869000515914,2
2015-03-12 01:00:00,23.3547310233209,86.96802541264991,13.089436309188851,0.4172112927476695,2.3741935520099866,1
2015-03-12 02:00:00,30.758071791120273,74.29484399163385,0.5806627948257517,0.10207475233162219,1.694541429057995,0
2015-03-12 03:00:00,25.48758956088809,74.38959820654486,13.542218296165892,0.044232026216599385,1.4495796648068149,1
2015-03-12 04:00:00,28.003821875192163,80.36245458787793,2.4451512527540045,0.26007089382500936,0.0,0
2015-03-12 05:00:00,29.524249146403097,79.07604841851732,11.856262604675292,0.1621435856397891,1.309730714016489,1
2015-03-12 06:00:00,28.42210299172296,91.14504076679628,10.892008935217191,0.27633944755516704,0.8155449370080201,0
2015-03-12 07:00:00,20.410093348502894,85.62134547956063,9.624612137224846,0.3205656640594899,0.6283314664640948,0
2015-03-12 08:00:00,29.086070102933363,79.43661144429527,5.086447542591886,0.39204144983406114,1.3083621629822615,0
2015-03-12 09:00:00,26.698158712004616,84.8486236696614,0.7181520872353881,0.18617360157247864,0.8702229933873109,0
2015-03-12 10:00:00,26.01291390959,63.62677537762647,3.271789014101891,0.33996306861600717,1.8085096821781952,0
2015-03-12 11:00:00,26.672775153074333,75.07751221094607,17.080405486120007,0.30143896931522324,0.0,1
2015-03-12 12:00:00,22.169901618176755,82.3025680665511,12.14221416244441,0.33475093099330844,1.2525079956421874,1
2015-03-12 13:00:00,27.576512743985408,88.9229240151396,3.4880666653463095,0.24802280492464002,0.5846319435401696,0
2015-03-12 14:00:00,22.90682587887207,81.59815467724636,3.4355546654948004,0.438313513986212,0.9132549197590145,0
2015-03-12 15:00:00,26.142480871330108,91.66591199982125,8.814284222314669,0.2896491351570274,1.413238493635469,0
2015-03-12 16:00:00,27.46879329461463,86.9435188642021,5.501831076874116,0.4774182223503769,0.4178844961729531,0
2015-03-12 17:00:00,30.222111263962844,76.09336460742925,3.7120686979212425,0.22096113463177763,1.3149624975187253,0
2015-03-12 18:00:00,24.541160520420856,78.87975483236984,8.105063377279981,0.37428273399555534,1.051363256353515,0
2015-03-12 19:00:00,31.354762115537966,83.26737348990858,7.838491932244146,0.29403315194394714,0.7375891943761779,0
2015-03-12 20:00:00,29.840559760545442,76.41091557714908,2.033903237263846,0.2672257583333236,0.8705992597923562,0
2015-03-12 21:00:00,25.711770772528393,92.25032142333275,6.740318212242661,0.3632315340467547,1.0918136761691517,0
2015-03-12 22:00:00,23.67375220079219,71.13019092566168,7.366754977033798,0.27008265208104104,0.6625144412057514,0
2015-03-12 23:00:00,22.668551453308737,82.52885160339508,4.666398987835615,0.03380346628426717,1.204966132727928,0
2015-03-13 00:00:00,27.815261554599417,85.88357450884045,1.7391835102954585,0.0,1.005276364833747,0
2015-03-13 01:00:00,24.78814755137756,77.49242408431118,3.146771958528218,0.4272422160284049,0.7721022240531275,0
2015-03-13 02:00:00,30.598070415845147,75.68960533880602,1.2608771644954568,0.4230258457879696,2.3128895637320883,0
2015-03-13 03:00:00,24.96142851051519,79.39134962840001,6.931647062512869,0.4887340946255947,1.4906679457931347,0
2015-03-13 04:00:00,24.297987059844083,86.49598810228139,18.642123980367124,0.29824717517178223,0.9321014371639318,0
2015-03-13 05:00:00,27.70087905373294,76.00121601977717,15.449553874701047,0.17073651980021085,1.3021023015772961,1
2015-03-13 06:00:00,24.94185942852173,71.44863050472566,7.546462059116589,0.2580416157348998,0.4812259042585443,0
2015-03-13 07:00:00,27.02564998010641,89.20467821594421,11.492377476079861,0.3011424515361313,0.8942598752549917,0
2015-03-13 08:00:00,29.957967990175565,83.1943717834847,10.787349925211648,0.19929617757148904,0.9759457846932267,0
2015-03-13 09:00:00,27.351687995006174,88.06285944391614,5.594242655026197,0.46485747229738666,0.3272442630630822,0
2015-03-13 10:00:00,27.362893382108172,86.07465385013953,3.8373001507167515,0.5239502879643737,1.4711478335960924,0
2015-03-13 11:00:00,27.615440126725254,97.43911446625572,3.337600927858272,0.34782807007301775,0.8460711081710219,0
2015-03-13 12:00:00,21.92070302914382,88.91977628485236,1.6487830258478517,0.2989136253301804,0.9511733327868173,0
2015-03-13 13:00:00,28.17551324979147,74.20736350500144,1.6974632009548074,0.17050330215255677,0.8018960986136514,0
2015-03-13 14:00:00,27.479794730177687,83.76214373785267,12.449132275830852,0.45464338961560513,3.2713634134501692,2
2015-03-13 15:00:00,29.678691980950262,75.54009023165163,11.389505244264956,0.30763068108490466,0.736169394878191,0
2015-03-13 16:00:00,28.817432403411356,76.36699068929732,3.5757262820255526,0.27108356015893875,0.0,0
2015-03-13 17:00:00,26.394154105183457,68.69999679507761,8.378779152409475,0.34811740886745374,0.08004762032881518,0
2015-03-13 18:00:00,30.09717867453207,77.7110945450677,9.494715826451321,0.24142884710108142,1.7315118358868042,0
2015-03-13 19:00:00,26.122107907161837,84.3602743082776,0.6536424485504323,0.31468751731218186,2.1355168841781906,0
2015-03-13 20:00:00,27.741471312233116,79.47182635893007,16.34135927955751,0.15575331491543398,0.7227419660390024,0
2015-03-13 21:00:00,26.06655170856193,71.20505277401047,9.491504110821774,0.4087087189252434,2.0952647687448245,0
2015-03-13 22:00:00,28.385273414769635,67.81584534025347,7.688797965923062,0.2895588958864327,1.7191129998897807,0
2015-03-13 23:00:00,25.870530652086714,96.89476748384453,9.56286158955764,0.4158800860634012,1.0673639083097377,0
2015-03-14 00:00:00,31.9426548268247,82.601286024332,6.7845142272735615,0.27988638221583806,1.017687601360625,0
2015-03-14 01:00:00,33.05208821167692,73.40744664320091,4.367572362642807,0.28638002912160215,1.3266091584909572,0
2015-03-14 02:00:00,29.621814762558014,83.69426767762302,5.648307529908718,0.17876825717080425,1.8142190755075487,0
2015-03-14 03:00:00,31.623889948242084,97.51348862244869,0.5438597754116479,0.3759756973018143,1.4781061959165154,0
2015-03-14 04:00:00,22.38235655742286,84.96369887716716,26.03706470040364,0.21241600459769083,0.726234188740913,1
2015-03-14 05:00:00,22.735866770175015,57.703457047771735,4.28358262657032,0.25135776268007715,1.0780550670815825,0
2015-03-14 06:00:00,26.03531830010636,100.0,25.668263003817618,0.30010471860825366,2.5868844183053468,2
2015-03-14 07:00:00,27.12369289577663,65.20602815767698,5.7522776166924405,0.3121224183689356,1.3758496581073343,0
2015-03-14 08:00:00,26.405377745701003,78.35190443698534,2.2831614884022193,0.12939030597822407,1.8085277988178308,0
2015-03-14 09:00:00,22.07359425110114,70.9327655997372,15.929542605189518,0.27691941345119836,1.5779194910744625,1
2015-03-14 10:00:00,30.45477511897094,74.0799831202143,7.378850851494287,0.3795230218643713,1.3913504207983918,0
2015-03-14 11:00:00,33.46259470007081,82.2752774798611,34.0543769378464,0.26216619654760975,1.2760892300105482,1
2015-03-14 12:00:00,30.84296303751787,63.43181192961113,2.2046071002789738,0.27752682457866784,1.8281734377274854,0
2015-03-14 13:00:00,30.256569806359416,79.27803531608329,16.52320736701081,0.31624060508427265,1.7030495647174781,1
2015-03-14 14:00:00,27.67835881543681,89.17873938193088,17.300008536338243,0.28740395674530006,1.384725434608084,1
2015-03-14 15:00:00,24.47100788781859,73.25407740329959,10.267437871892058,0.19694844976123954,0.7143662321164783,0
2015-03-14 16:00:00,27.217584157907904,68.87771952046276,17.426235346979965,0.29636538763330955,1.4698911638839303,1
2015-03-14 17:00:00,33.31676411052451,78.88555918275406,4.398596430852139,0.3994073170005896,1.1530944444723414,0
2015-03-14 18:00:00,25.944035662478832,77.293268079589,1.636538369888911,0.19488240527329093,0.9842208620584468,0
2015-03-14 19:00:00,25.635128256528176,75.23817863732425,2.5695604209096956,0.26255181105141817,3.075143182476247,2
2015-03-14 20:00:00,30.32191097731174,70.49323139105908,5.333522952760049,0.16183686760649227,0.1226640846045206,0
2015-03-14 21:00:00,30.521058152236787,84.15347664948898,10.774984688591047,0.39413819504903447,1.870959001340238,1
2015-03-14 22:00:00,24.45629458267559,84.76210809153385,1.8116521467189415,0.2907641793162121,0.5961303390223186,0
2015-03-14 23:00:00,26.215546160287733,71.4748261243481,3.3412359596431576,0.21498003663941367,1.2918368425403772,0
2015-03-15 00:00:00,25.494283512295695,72.58197084316993,2.0279537739460323,0.30922656001431775,2.9980112633631295,2
2015-03-15 01:00:00,27.20906813718327,81.0919359520458,12.636417784091497,0.1796399785104547,0.5263417036231559,0
2015-03-15 02:00:00,30.31106001285448,72.28022673529867,25.499586826848766,0.19665044685395933,0.6932891416209154,1
2015-03-15 03:00:00,24.587917436615726,81.4292958615743,1.2484545733450774,0.15398664701482193,1.1877403839938798,0
2015-03-15 04:00:00,30.26899443671081,91.7443722289285,8.773473604390983,0.19332207624426,0.6069481296580468,0
2015-03-15 05:00:00,27.304953746763925,79.5214185501735,14.118298240944071,0.43573375839998063,1.8188394456582107,1
2015-03-15 06:00:00,33.978576408942835,70.29106906048607,3.963329627830091,0.22668816687174037,0.8258293947556934,0
2015-03-15 07:00:00,27.95649265311262,83.13682797857399,0.6052588993712327,0.34662251226514784,1.6578067481045358,0
2015-03-15 08:00:00,26.709244291112203,78.57876216384307,15.798305735469931,0.21636985800440783,0.2695676077399516,0
2015-03-15 09:00:00,28.724144181347977,78.7987437000695,0.5331514752845348,0.37595337457632194,0.0,0
2015-03-15 10:00:00,25.98856128633837,83.8025829830303,20.059962453710014,0.19739179990686842,1.0397105147328654,0
2015-03-15 11:00:00,21.614180629944524,85.52829922222661,1.9681961274101976,0.3039227927761756,0.10204451337368359,0
2015-03-15 12:00:00,26.278436477186705,80.28401732378643,0.38546544621913836,0.30528513098689486,2.262788238935815,0
2015-03-15 13:00:00,26.231119172792326,79.51455746632573,2.82863878664909,0.5327805336426592,0.12913755665350135,0
2015-03-15 14:00:00,22.223047618350563,96.50833192378713,4.876726681210927,0.3630425287980165,0.47361931863051154,0
2015-03-15 15:00:00,26.78089443061652,89.60443199125838,6.084639439149618,0.24070959856707264,1.489533919832227,0
2015-03-15 16:00:00,20.798669326171808,86.66836894452135,9.506366623088828,0.3685048963650514,0.7895452349565957,0
2015-03-15 17:00:00,25.95693949453356,81.04964756704157,6.6807049793985644,0.5138174470485208,0.1371284210926773,0
2015-03-15 18:00:00,27.730787976134017,71.95405411284021,23.784204674838563,0.13703639095157047,2.6279749120503713,2
2015-03-15 19:00:00,27.290988531414698,89.01909108747195,4.6226676333607095,0.2157517957431273,0.4988563377882982,0
2015-03-15 20:00:00,25.766791581339547,81.15435317374417,7.054709952484288,0.2763102440886706,1.0626195347524154,0
2015-03-15 21:00:00,26.743408794155787,75.38264788941493,6.4595857446458,0.25829117728580486,1.0535652359257788,0
2015-03-15 22:00:00,24.647806687566508,78.05487637129845,0.2894838413075427,0.2667243301670125,1.6972164063766044,0
2015-03-15 23:00:00,27.032449558267604,72.27053947009482,0.9022677280873737,0.16957677344067568,1.5236467224697412,0
2015-03-16 00:00:00,27.174259219775312,88.45863234388689,5.357193002188206,0.4403956053550012,0.621239273588296,0
2015-03-16 01:00:00,24.29925006629547,85.46429666497428,7.9589493270064375,0.15773914015233806,0.9719209477896852,0
2015-03-16 02:00:00,27.80309760152729,81.4530596922268,0.08490449406427465,0.27997871903775007,1.041154296520729,0
2015-03-16 03:00:00,27.784357965241362,79.65771541099784,24.70839365502229,0.4045830591760698,1.7242716487389933,2
2015-03-16 04:00:00,26.501370259256788,74.55464898200125,8.613195173935688,0.29698151428541475,0.3821746595989791,0
2015-03-16 05:00:00,34.26314110886045,62.959418849931836,5.031390175891152,0.2020605833097231,2.612677389729047,2
2015-03-16 06:00:00,26.577892839947076,68.69658482671946,8.225692396540207,0.16513243436260422,0.668571628778389,0
2015-03-16 07:00:00,26.162297263880944,74.05883728384568,2.623941193536174,0.2770000803972218,1.1938754222703847,0
2015-03-16 08:00:00,25.732820672376803,72.85626894388918,6.1550495221449495,0.22429704341495332,0.3880073922147308,0
2015-03-16 09:00:00,24.0871823307708,82.31488499692853,7.2311077379788635,0.3205231091702978,0.29128869185156825,0
2015-03-16 10:00:00,29.05769207953021,86.49194993578656,15.9638000014474,0.15985488522758204,0.5879001136456632,0
2015-03-16 11:00:00,24.94125909594165,78.97248624879171,4.164754042341252,0.38130357368876217,0.5206337476350215,0
2015-03-16 12:00:00,25.296155559006742,91.27133548097147,0.5633978157064773,0.3115549523164465,0.9100200830916186,0
2015-03-16 13:00:00,25.385275321384206,73.73681824330696,1.5733750236187667,0.3189836394352477,0.5147244798653815,0
2015-03-16 14:00:00,24.045169452454466,78.91570298601377,3.783470136475393,0.4441076778240017,1.686886694905947,0
2015-03-16 15:00:00,21.74675000236583,79.59210256577923,0.6964397316760201,0.25622045016281336,0.6519112732771375,0
2015-03-16 16:00:00,25.611180398522418,88.73749063067535,1.3260948821867267,0.2274183305266776,0.5743291545836593,0
2015-03-16 17:00:00,29.620005938136874,80.84709665665743,1.595485133166568,0.24522363716531267,0.9249217951179118,0
2015-03-16 18:00:00,27.59093941639573,81.06855131646503,3.4851017159643973,0.2807473430476742,1.894987215087406,0
2015-03-16 19:00:00,31.681725810564377,66.76125507993663,8.502772984016627,0.2909035105208671,1.3504133215272793,0
2015-03-16 20:00:00,29.25286891496755,72.80074632631396,3.2875568754792965,0.21693022633982267,1.1302173290787711,0
2015-03-16 21:00:00,28.571894430822134,88.76761818958066,9.07911905185382,0.09769147469669409,0.1968686610219248,0
2015-03-16 22:00:00,32.64794706795814,63.39726189122253,5.036606763600008,0.24390709991209616,0.4001040780954034,0
2015-03-16 23:00:00,26.708563214990367,90.74394121944502,1.398078605765152,0.335982566628689,0.3051130419722635,0
2015-03-17 00:00:00,27.189227020514856,83.99731591163385,7.3558372700599035,0.3136258306253492,2.1147958565706424,0
2015-03-17 01:00:00,26.965606735019588,74.01982937308996,6.238868848075791,0.4199554469825827,1.5713941861921532,0
2015-03-17 02:00:00,31.63136019355065,73.3436081887417,9.314347921949956,0.49554865439637885,0.5968656437530642,0
2015-03-17 03:00:00,27.007545949377274,95.16764239878646,11.23990162108904,0.37593337714584685,0.8049398493220412,0
2015-03-17 04:00:00,25.05516787776869,91.29124645183536,16.4113454548503,0.4382520642408226,0.6222968766338662,1
2015-03-17 05:00:00,28.763026613888556,79.04447382765201,8.78621365567808,0.376677429226312,0.5798971485335039,0
2015-03-17 06:00:00,24.551220566828917,81.07673383561904,6.023516523352081,0.47098992559273833,1.5222107218513263,0
2015-03-17 07:00:00,28.600414537841775,74.83054911271782,9.355938726910479,0.4850853634291268,0.9987246454509807,0
2015-03-17 08:00:00,28.241522802425504,81.07827182260884,2.8985686283898495,0.3951165170778927,2.656817421008224,2
2015-03-17 09:00:00,26.43179199658051,74.60877049144564,2.6314806154291523,0.37063801464245855,2.0752518771618984,0
2015-03-17 10:00:00,28.69743471626048,79.37165580660655,18.419508601450467,0.27947678280626326,2.1166362383267057,1
2015-03-17 11:00:00,22.536630209074943,94.48263503811793,2.531847437209504,0.295866271903609,1.6699498824636883,0
2015-03-17 12:00:00,27.48888636397496,79.23508762759658,1.6574214670691183,0.2662162668649738,0.9041386506449676,0
2015-03-17 13:00:00,25.611703845999806,71.61582494981099,8.781592483092332,0.36212516108950554,1.6184536191707088,0
2015-03-17 14:00:00,35.58679073185356,69.0690236161202,2.930021459178749,0.22796519626406514,0.9558171138299394,0
2015-03-17 15:00:00,27.467475208920625,81.01694205891584,11.13322705320759,0.280889379022009,2.341193235509854,1
2015-03-17 16:00:00,25.21082385064969,73.91283876405768,15.359564384186633,0.06448301148216998,1.4829955681349443,1
2015-03-17 17:00:00,22.865094791840754,81.97282513586029,2.015082926493384,0.472308989477251,1.3836522510221105,0
2015-03-17 18:00:00,30.916218590382798,67.04397525497163,9.839919991876116,0.27795254174136813,1.2889508637006564,0
2015-03-17 19:00:00,25.949901841428666,85.52200107660705,2.4527876666164463,0.34555804373365767,2.4181864991526005,0
2015-03-17 20:00:00,24.625943798773744,71.51868102565595,3.8803625666050072,0.4457786694711402,0.1963747663142501,0
2015-03-17 21:00:00,28.00889764202718,80.3703780742187,7.016985569928979,0.33002934374411796,2.486801479368108,0
2015-03-17 22:00:00,28.94915649421696,77.29357426048023,2.6390319290191426,0.4444343702093431,1.0696923347821037,0
2015-03-17 23:00:00,28.901858799628588,93.74711169823095,6.382825451978304,0.1758262187848633,0.2156957169290442,0
2015-03-18 00:00:00,27.059251269178084,81.37191338743622,4.266670024633243,0.5397376589597702,0.6734531878498607,0
2015-03-18 01:00:00,27.47757041066016,95.56377558491675,11.36878083880412,0.4087110198488766,0.04443491609349204,0
2015-03-18 02:00:00,27.69611122704211,84.48593920049936,11.396139621805307,0.3209202492486641,1.6575597219099478,1
2015-03-18 03:00:00,28.00918879688662,91.40324737849983,2.6559635894497395,0.44250793326254456,0.47319493475743635,0
2015-03-18 04:00:00,28.274655587704448,78.32961434861663,7.18066246900087,0.1831365114010628,1.31806736634329,0
2015-03-18 05:00:00,30.28335825391664,82.76402439592258,13.036229392436898,0.2711385121230506,1.9939519211160932,1
2015-03-18 06:00:00,27.16924458607755,89.74914871215165,1.292223684330894,0.44442503964023794,0.7295881500037042,0
2015-03-18 07:00:00,24.549590202508913,87.23967958867239,4.23615722900511,0.1132939819105035,1.0123274148829253,0
2015-03-18 08:00:00,26.567124890687897,84.24794622547655,6.865464685472611,0.3560457774958805,0.28764337305878906,0
2015-03-18 09:00:00,29.26134245620499,77.37652133769818,1.2066933963800324,0.3532176159845154,0.9281500237341616,0
2015-03-18 10:00:00,21.640416124845462,78.72978804954623,3.0774457029488076,0.49692258168221626,3.0018165376913606,2
2015-03-18 11:00:00,21.657743413884116,89.10129561282685,21.737645917110992,0.14170445802777634,1.744553214877309,1
2015-03-18 12:00:00,29.754828364176973,90.76728998985712,2.5219683487341187,0.46096310570316334,1.0146887067744765,0
2015-03-18 13:00:00,31.560368450553984,75.25709816576261,2.8985914956004057,0.24405292568510972,0.7718183746727993,0
2015-03-18 14:00:00,23.20439989494158,74.04992820516024,8.68713297504599,0.2552990540088145,1.1701566230404965,0
2015-03-18 15:00:00,27.301377812498686,72.76692969383826,0.9847003333794565,0.17779956130402066,1.2910355265355475,0
2015-03-18 16:00:00,25.801364661248954,86.63760492584125,4.34276807524328,0.19121479625330745,0.9066512049979696,0
2015-03-18 17:00:00,26.217509663275127,72.56419982349985,1.6811078499060013,0.3403522347453922,1.5710414370397905,0
2015-03-18 18:00:00,27.916593026269247,86.54082724817398,6.370186490578137,0.18876680852186445,0.5325867569577137,0
2015-03-18 19:00:00,23.121389312967754,84.3655227449681,5.487468538526647,0.37402843336529157,0.5291286275110123,0
2015-03-18 20:00:00,23.678347498522797,75.63926524507376,7.061247903230708,0.23370339530302464,1.459136819935143,0
2015-03-18 21:00:00,26.096246481236324,92.51087451081013,3.1770526091427804,0.1786966194151352,0.3819507725049215,0
2015-03-18 22:00:00,26.56387320631752,68.30192873519019,3.4270273319097804,0.24721908536401055,1.7103120770037776,0
2015-03-18 23:00:00,23.622134682947486,93.27626079806848,2.7132472152663167,0.33367071917563057,1.1900035713221466,0
2015-03-19 00:00:00,29.368943024367553,82.55108691396397,4.277866960394803,0.27226467380689806,0.0,0
2015-03-19 01:00:00,25.7473170806669,63.412269146730466,18.630967520519675,0.30342101183327985,1.2766493878926628,1
2015-03-19 02:00:00,25.734547181799464,92.7350370865729,11.699484333974194,0.3696207461836084,0.020397362787703877,0
2015-03-19 03:00:00,27.847976370689704,87.77770003375991,4.273125937409171,0.4082421451616949,1.6853534067589628,0
2015-03-19 04:00:00,26.6132751717975,76.5743065326957,3.078803652993784,0.2689904691410569,1.0258999695245827,0
2015-03-19 05:00:00,29.512430438717438,72.28223547806883,10.705466837231254,0.19557779844238413,2.4957589515547736,1
2015-03-19 06:00:00,24.199732386598,67.44746604929291,5.950139427367138,0.3076094478922516,1.9499189910608248,0
2015-03-19 07:00:00,22.80784020880958,99.32356929448312,1.1594580298665156,0.34706495861040715,0.4575152456377227,0
2015-03-19 08:00:00,26.070637308604176,72.61294500670525,3.7275968988335375,0.15392746940280494,0.0,0
2015-03-19 09:00:00,27.180708518805037,69.89129150399259,16.958333319890706,0.21093917029924147,0.6714291202460383,0
2015-03-19 10:00:00,23.277732167707438,82.1433529948012,8.354951165333322,0.22808131040370588,0.34511897801874025,0
2015-03-19 11:00:00,22.836739314899223,66.89685226591108,3.120720269657043,0.27921778112796236,2.4780166608139655,0
2015-03-19 12:00:00,27.546893347013956,72.14761281244355,0.48864616472793143,0.2238966096373214,1.192779738503894,0
2015-03-19 13:00:00,24.726658298055114,87.95975355328375,6.337085950294971,0.37070407250968995,1.8533931629282168,0
2015-03-19 14:00:00,22.64246484897924,83.71368475855503,5.066755227749416,0.13948667985415825,1.0004783612145898,0
2015-03-19 15:00:00,29.896023876942188,76.90904032208495,4.123696752236313,0.14202813028055752,1.074232758203548,0
2015-03-19 16:00:00,25.10461598121872,80.14645338345103,10.817736576606295,0.26661111884885375,1.177161084243764,0
2015-03-19 17:00:00,30.449434811596074,76.46023575839997,8.456651519688732,0.2824347195860143,1.9745775230147125,0
2015-03-19 18:00:00,27.085412373328282,79.50401752504769,0.523535900506809,0.1545356127141896,1.418137328972219,0
2015-03-19 19:00:00,27.88427658616591,73.90550893952278,5.097789344709037,0.2393251157352435,0.45986630956633445,0
2015-03-19 20:00:00,26.36550076170944,75.35808544378058,0.8187995716320096,0.25989561825809104,2.335759896660492,0
2015-03-19 21:00:00,19.034513266362907,75.11457489963654,2.7715851659594435,0.2606702052977854,0.9950291507095808,0
2015-03-19 22:00:00,23.58964052683889,74.19311318515396,0.7146543421028655,0.3151881483289291,0.8811359132863461,0
2015-03-19 23:00:00,26.622871620843828,88.35128797133186,0.762617335548449,0.23384211155764378,0.0,0
2015-03-20 00:00:00,28.094187411878114,86.16093913610442,7.159535888762418,0.4477836300008273,1.644079713812936,0
2015-03-20 01:00:00,21.630977932835638,72.54109385287241,6.4615407973432255,0.3488204639733572,1.2707088477633182,0
2015-03-20 02:00:00,26.839194876418617,70.44484965965944,4.6927477989358035,0.21928864793586778,1.2699479596213314,0
2015-03-20 03:00:00,23.633207738357907,78.74178685495507,2.47561086912411,0.30945114933675727,0.9180227302224273,0
2015-03-20 04:00:00,27.703860495268962,97.24230078631638,0.6217653199129194,0.31240153186056047,0.7973475119070521,0
2015-03-20 05:00:00,26.941797642900525,71.77835837042761,2.788008321505679,0.4214721474497781,0.941293701218699,0
2015-03-20 06:00:00,29.23050480728872,78.71020488236768,6.491310590498772,0.23996175710836487,1.5242126097890956,0
2015-03-20 07:00:00,30.200468790562557,80.70976330974129,6.339362402048319,0.37673386977205736,1.6473824411233453,0
2015-03-20 08:00:00,28.376969697822087,79.1308626076388,16.65322249600135,0.3041854475782477,1.038277888137781,1
2015-03-20 09:00:00,29.581180766911725,76.3343210062441,14.625563584521881,0.4491566516448766,1.8642562460217311,1
2015-03-20 10:00:00,25.948972572228485,89.24063977758843,4.901302043074634,0.4290891452639408,1.1447180732877655,0
2015-03-20 11:00:00,35.46935223380144,83.63566898354763,2.751277057543353,0.31969793045926004,0.8470415073134412,0
2015-03-20 12:00:00,23.343542710515358,86.7664425899606,1.7433333395020907,0.27377173789839393,1.338890902435155,0
2015-03-20 13:00:00,25.416732666272036,84.71503959733064,0.4532670953862893,0.35066059096794555,0.2484295070542979,0
2015-03-20 14:00:00,29.70407574824068,87.15158657444789,0.9829855095294857,0.2819549972872834,1.362902816355474,0
2015-03-20 15:00:00,29.258163914582976,92.6752466637925,6.501177027593381,0.4680307105978335,0.12047252613154003,0
2015-03-20 16:00:00,28.462167057427045,90.64835173430667,9.032315552360204,0.3078470078177012,0.48059112801136505,0
2015-03-20 17:00:00,29.025955973979322,98.59843167676732,3.4897580893354645,0.2594357367487163,0.0,0
2015-03-20 18:00:00,20.749328536181878,89.73873025125754,33.136392574521636,0.2540384913926074,1.0774181331299495,1
2015-03-20 19:00:00,31.7678960836135,74.64442578777995,0.9990451377865537,0.17869644148012925,2.3267435916163657,0
2015-03-20 20:00:00,26.388327123400156,86.77849633444663,0.3663221811941447,0.3556559128093323,1.1180463372429954,0
2015-03-20 21:00:00,30.737682546812557,85.68348143187676,32.67084999160809,0.21799887973604973,1.6505097656031888,1
2015-03-20 22:00:00,20.899420263096133,95.3623592418575,0.5658154123013391,0.4098148252187747,2.846619728118672,2
2015-03-20 23:00:00,27.769705510443572,72.26273186658969,3.433044074989219,0.17070649459984266,1.482839093684067,0
2015-03-21 00:00:00,25.309493162565452,84.46360865114349,1.9566269465846706,0.31272414489732503,0.6643515687883844,0
2015-03-21 01:00:00,28.71636045474391,74.55143724186433,7.004055450866856,0.41502237584974533,0.7607019780849139,0
2015-03-21 02:00:00,27.951211357406535,84.10036083280107,3.131067766009331,0.08477529353763635,1.2004607457561043,0
2015-03-21 03:00:00,28.098143392497533,78.28202668320225,9.059585351311114,0.5018265543792186,0.7569737483173529,0
2015-03-21 04:00:00,23.823174935305524,83.83575043352711,11.023336149686845,0.25747148028018907,0.8093391001305976,0
2015-03-21 05:00:00,26.829092637544168,68.71729451134861,0.44408923502735487,0.3141095382162139,1.8896777364816428,0
2015-03-21 06:00:00,26.459498856211976,86.34581185244718,1.662936740423842,0.3571449225516344,1.9183093965405484,0
2015-03-21 07:00:00,28.485930125122298,81.6484761214888,9.81791378844874,0.37261290561155536,0.047175262565935405,0
2015-03-21 08:00:00,29.9678909863004,81.21754305417524,13.128102010135569,0.3273883938259682,0.6272813374698463,0
2015-03-21 09:00:00,27.451427766025844,95.60182639877864,5.785529874030203,0.39973845837063676,0.8751969291606252,0
2015-03-21 10:00:00,23.171483134834205,76.94013281385742,7.5353371032523455,0.35190707129218124,1.6193622623156763,0
2015-03-21 11:00:00,27.322736428700303,82.73812339817586,17.584654858061953,0.47608811400323037,2.0001529119539594,1
2015-03-21 12:00:00,34.83322868522779,80.80216559231404,3.1792174240985807,0.35223275428545975,3.0913775539917188,2
2015-03-21 13:00:00,31.938015980963357,81.58431328192586,5.718956764463808,0.4964635519883087,0.874028692602137,0
2015-03-21 14:00:00,18.076801311726904,97.77443123714224,14.639968118602397,0.3901078840237656,0.9089898999605797,0
2015-03-21 15:00:00,27.190029461084535,80.51045673930999,15.46034971833588,0.1194249874231737,1.6119990109463997,1
2015-03-21 16:00:00,29.796358575766032,75.4617616040939,4.3147786772683485,0.5611102678387841,0.7224482967315985,0
2015-03-21 17:00:00,26.453018962296063,94.96722236357778,1.7402093252169495,0.2425655891522781,1.101326696956638,0
2015-03-21 18:00:00,25.61972723956835,77.5384898764883,4.260941679732998,0.4495544015201735,0.909473323851518,0
2015-03-21 19:00:00,26.199107354749536,67.15857482232755,4.737746289751701,0.3026793443119438,0.0,0
2015-03-21 20:00:00,28.656568456303958,74.07325034856919,1.6514268968531833,0.406109025760258,1.286263261106082,0
2015-03-21 21:00:00,23.554590076874973,70.02730004765715,2.0237932663512996,0.23115210891342058,1.0723473284880467,0
2015-03-21 22:00:00,30.56606595482811,65.6002762694844,15.479335822850711,0.3625744543089588,2.0898617351798294,1
2015-03-21 23:00:00,26.832021024905792,77.09587996505492,7.885673723256497,0.27468094546055943,1.2038432852754484,0
2015-03-22 00:00:00,24.194927177665353,79.43827227781254,3.4531294016814815,0.4579003111589889,0.32167676518007937,0
2015-03-22 01:00:00,30.373050484196085,89.44422332103125,1.1031999397928818,0.34386681674170094,1.0193307889143337,0
2015-03-22 02:00:00,22.364607284665077,85.03521289649652,2.0570713099839932,0.39359426413015663,0.0,0
2015-03-22 03:00:00,25.334369708995247,84.67067446502934,0.30491727157268333,0.08359231285269295,0.3523575153602502,0
2015-03-22 04:00:00,25.284974804144507,72.85431995841824,5.945811282194046,0.29144273202113746,1.6448541777070984,0
2015-03-22 05:00:00,33.43182581470839,87.07946609571292,1.9064239752461885,0.34105516350582954,1.0268616920324356,0
2015-03-22 06:00:00,24.94493769408167,91.12986269118989,6.446196852565755,0.3223614906439707,1.845755767648646,0
2015-03-22 07:00:00,20.535104338499686,83.15656713236928,9.723135276692751,0.3961157213717851,0.0,0
2015-03-22 08:00:00,25.254554654162575,83.3801402903834,6.543380903389347,0.26340957548625454,1.0302770218733728,0
2015-03-22 09:00:00,28.366651042214336,69.88246160240017,2.9657469875986955,0.30487871050346305,0.8671412511285502,0
2015-03-22 10:00:00,29.352253639750813,88.43548646084263,1.532212871134979,0.4181226764414992,1.8690940078292442,0
2015-03-22 11:00:00,33.829619080328314,94.24664439009135,0.8613890056133531,0.0721310996554643,1.6709339377166357,0
2015-03-22 12:00:00,31.220692712957643,82.5836191923747,14.18527713362672,0.3589350501638341,1.6495765050618085,1
2015-03-22 13:00:00,27.563767781745458,75.24514177306013,6.255536865761728,0.26661151740064465,2.2789870266588705,0
2015-03-22 14:00:00,24.325753597275668,78.70404115209726,3.176829687547735,0.20876818754463783,0.9423390234994036,0
2015-03-22 15:00:00,31.872082294042077,76.6366342798993,8.541998897896763,0.333654422427598,2.134556584710503,0
2015-03-22 16:00:00,25.894309349021306,77.11640277471764,12.224520276436913,0.42274512968086553,0.4690556943841848,0
2015-03-22 17:00:00,25.025528291356185,85.18386450955248,1.9616600285450538,0.4039143831484181,0.44338557516401433,0
2015-03-22 18:00:00,25.74877859353779,82.23571289336273,6.062572733819739,0.28648869690933715,1.726922600048837,0
2015-03-22 19:00:00,23.24313528330957,88.03149284777095,6.190503514593585,0.38757409637609486,0.146681483113839,0
2015-03-22 20:00:00,25.604939726487075,82.96722035822577,16.941893266133267,0.3868067898445844,1.6009359398932705,1
2015-03-22 21:00:00,26.300675010064754,73.08729620817454,3.123339914430701,0.2912628729506833,1.2709192356049281,0
2015-03-22 22:00:00,29.191969817436355,75.99446380920487,1.4525956410549323,0.2306919448011792,1.9502969100584107,0
2015-03-22 23:00:00,25.835734994696942,75.49727141769715,6.773203332268826,0.236476596887767,1.1583892245315774,0
2015-03-23 00:00:00,23.197622274484452,78.50823938705238,9.235044754375828,0.3837853348868137,1.2392342624068688,0
2015-03-23 01:00:00,22.188683534229902,94.3577095313167,5.557845449263049,0.2957853186287309,1.556485495047434,0
2015-03-23 02:00:00,27.628709242569347,95.63919673318102,17.95021941011796,0.19538177802694115,0.7361453149581552,0
2015-03-23 03:00:00,27.217877560407675,86.69280960357268,3.1113729822397587,0.1315137164490875,0.7056555847568451,0
2015-03-23 04:00:00,25.337061866360497,80.95011037466894,5.7046876779577165,0.3831831452096379,1.5321006078903936,0
2015-03-23 05:00:00,25.597630618523787,69.10678224396484,0.5200982562487547,0.2453221577735776,1.1794985336085537,0
2015-03-23 06:00:00,28.16546079839751,81.76006644584066,1.3356076917232875,0.33303877556559813,0.9148802578870037,0
2015-03-23 07:00:00,31.171638761068042,73.67994162850357,1.978913335952646,0.42397069070691235,1.1420511302116327,0
2015-03-23 08:00:00,24.659566247568037,93.04417517252736,3.768369452394598,0.16910755231465147,2.316191655486831,0
2015-03-23 09:00:00,27.266708508646296,67.15115448167609,0.7001253495777345,0.2954862619487155,0.8898871152820752,0
2015-03-23 10:00:00,29.87481121201597,83.07587466664094,8.426343328993656,0.282930585378113,0.8695862707025891,0
2015-03-23 11:00:00,24.67165712940825,73.00608497879705,1.7468694631518793,0.33797428756279607,0.004789042736253579,0
2015-03-23 12:00:00,26.953103656310084,79.92387851613222,28.519838002837403,0.4239159998420435,1.1703529432900195,1
2015-03-23 13:00:00,26.886013190737,85.32854552248845,1.8347752314799366,0.1670548185337592,1.6598184578682744,0
2015-03-23 14:00:00,23.066114294869443,88.17574951025678,5.101450916060908,0.3569797948705767,1.7853386809766076,0
2015-03-23 15:00:00,27.50549638429687,79.51447839254735,4.437234289607033,0.40315237749937016,1.2757523211413728,0
2015-03-23 16:00:00,27.094634035813293,86.08973240145222,1.1696750607679882,0.28136229360432174,1.8690835011566183,0
2015-03-23 17:00:00,28.665252748788173,74.70023921110318,3.7852344735360752,0.2862553007106876,1.7118612813161693,0
2015-03-23 18:00:00,23.439340576017862,81.96430707818577,3.7313066357326288,0.3418449368984922,1.9790651607845837,0
2015-03-23 19:00:00,27.029911155783676,88.01765931550293,11.033273203260466,0.3344817077889788,1.889011858834293,1
2015-03-23 20:00:00,31.145202190967424,82.6567958251199,7.031417366779534,0.35823526073671225,2.2989847372750756,0
2015-03-23 21:00:00,33.23249949573686,75.76525042901355,8.307653604766294,0.35612805264012165,1.0812147834036252,0
2015-03-23 22:00:00,30.840387806914826,77.76766105949254,10.812634727065014,0.20180276943843486,0.27105937034694416,0
2015-03-23 23:00:00,23.468785483049274,88.12524850038352,8.437973107955328,0.39902664977049435,1.664603120579794,0
2015-03-24 00:00:00,28.35315804613088,71.26524306457475,6.01052545145015,0.41667831621902385,1.7463872325259433,0
2015-03-24 01:00:00,25.55056027511666,72.44547892794037,1.9543148265889185,0.3186082893690298,2.2989967753667973,0
2015-03-24 02:00:00,27.851701779389764,84.81271007849388,5.620513021511526,0.1505844693450333,2.0969032493187942,0
2015-03-24 03:00:00,24.68334988266923,76.48685124366563,1.486753983751474,0.28852542939999093,2.5618307191051954,2
2015-03-24 04:00:00,21.8595796744431,68.37553442920249,4.123631588243214,0.3194405876940568,1.633897786228573,0
2015-03-24 05:00:00,25.9664482839005,90.80654933633528,3.540103117101133,0.18553997622131826,1.3601674143570397,0
2015-03-24 06:00:00,29.167808089830046,71.20319769696074,3.8082321576166356,0.26398619364229864,0.23051181507197738,0
2015-03-24 07:00:00,27.863999266421434,78.4045598934429,0.7129401223896715,0.1590630612441458,1.4156675741598561,0
2015-03-24 08:00:00,28.20884357974306,75.04383485050322,2.818808481421135,0.36072922249864436,0.8132476501900774,0
2015-03-24 09:00:00,27.649050968938134,77.61853211567824,13.21808332760696,0.31659553149020514,1.3480570094027295,1
2015-03-24 10:00:00,28.213582424537133,72.92304433878928,5.021268883410825,0.13542168351857553,1.2381592304167592,0
2015-03-24 11:00:00,28.588535277260107,85.7142339015477,12.371552873235313,0.33514648615819803,1.5302135121950944,1
2015-03-24 12:00:00,26.175955713136144,80.8865881944553,1.501241600166608,0.29434910526097086,1.1318685033230425,0
2015-03-24 13:00:00,27.24867168425885,87.86922876168714,2.6492266131323743,0.3516414282754405,1.8545141335128092,0
2015-03-24 14:00:00,32.22977512460907,75.12665430766623,29.91960913136731,0.2608467566244572,0.0,1
2015-03-24 15:00:00,27.426093087003416,97.06417415959369,1.636907117740731,0.21985205992569756,1.3329955026104912,0
2015-03-24 16:00:00,27.127690489361754,64.76280971596844,8.151719324627356,0.22291553735421932,2.041742845406793,0
2015-03-24 17:00:00,27.308653521679197,67.31892073662165,8.139340880629955,0.2461829783451595,2.5090339559193504,2
2015-03-24 18:00:00,26.346274445051343,94.02467878173142,7.293779791986479,0.3018825096581047,1.712372936869544,0
2015-03-24 19:00:00,25.69393210883759,83.79233333957107,8.25203197671271,0.3147958465424792,2.379418115807777,0
2015-03-24 20:00:00,27.626035573096296,82.7310886644486,1.6034529483229614,0.2809280122191897,1.3182551970311196,0
2015-03-24 21:00:00,25.482854394122548,83.45020245854408,2.988745580881609,0.2576680451003481,1.2020038031489442,0
2015-03-24 22:00:00,26.563455211568353,84.56965816120359,17.434942818306233,0.2648596731994518,1.570590950259426,1
2015-03-24 23:00:00,24.62845588042114,82.3981417634716,8.204270784785324,0.5507724785506933,1.1977640019762543,0
2015-03-25 00:00:00,27.324035413602953,72.27276406699916,1.9820299321491404,0.2229274848501791,0.6523497723878475,0
2015-03-25 01:00:00,28.752584832528083,86.54552724058233,1.525375088972529,0.24420279914538073,0.8393318291076703,0
2015-03-25 02:00:00,26.364255420267256,85.28542569230586,13.423713737104151,0.6293854108368149,0.42149296574668993,0
2015-03-25 03:00:00,20.97486468933205,91.42744917391865,1.7974871900859926,0.34210133024605527,1.5698639664056713,0
2015-03-25 04:00:00,28.771114632166416,94.11392861520932,1.9736111679740107,0.1620019334096304,1.207974268750334,0
2015-03-25 05:00:00,27.36055152827928,82.6438086371461,1.0926647891348238,0.3842687203977263,0.9477997182693316,0
2015-03-25 06:00:00,24.02030564995962,70.17960785894253,9.744897742639596,0.20899611107988522,0.8033213702138968,0
2015-03-25 07:00:00,29.31981072696982,94.18018344961709,12.20843329697927,0.3909061507805097,1.5535394423397384,1
2015-03-25 08:00:00,22.804724397852457,71.85480051997646,3.5654807673188493,0.2789037720629318,1.746313726427049,0
2015-03-25 09:00:00,30.136222845973403,82.70371354937905,12.280212343117698,0.25602041505105927,0.4086402024463721,0
2015-03-25 10:00:00,26.82790014105836,77.94612858863316,6.693091672762003,0.46091649688275826,0.29862073115706766,0
2015-03-25 11:00:00,20.19340477386801,76.55499719852166,0.9896920273483136,0.3566401352659245,1.8681569689347104,0
2015-03-25 12:00:00,27.534988761789712,86.11440097225214,16.360854317888897,0.39729894374492075,0.237406733057983,1
2015-03-25 13:00:00,25.781422895727193,81.95567679414373,1.074300089663058,0.34349196795199466,1.583240783675739,0
2015-03-25 14:00:00,25.32945212453059,84.10593193014505,3.874286597368366,0.2555555476206901,2.331836439127809,0
2015-03-25 15:00:00,24.786822715631345,73.47450967869304,3.5776636314439028,0.3611354420258208,2.333464362375194,0
2015-03-25 16:00:00,26.618352627420382,78.60740027700271,2.8761161019328867,0.42092153926844605,1.716510813442464,0
2015-03-25 17:00:00,25.544433956498576,73.8437201612744,0.12312198453960424,0.3134738043517553,1.6961666607254844,0
2015-03-25 18:00:00,21.429929270434844,78.40742729618027,25.04680441493736,0.4801642604346506,2.776335215137518,2
2015-03-25 19:00:00,30.816203660031615,79.04990220106073,0.1810275302499794,0.3850487203201909,0.0,0
2015-03-25 20:00:00,26.266927032114584,94.75443338563836,17.253641033429474,0.3211982549771612,0.8749650267435554,1
2015-03-25 21:00:00,24.80419495236521,77.92489188425007,1.4505576704035696,0.32514865310178176,1.7939442943536208,0
2015-03-25 22:00:00,23.614728952364008,62.99521340375483,2.2416050625942194,0.3137237128967625,0.96389909451063,0
2015-03-25 23:00:00,29.312196202358763,91.16073229856629,15.8200410524556,0.17487612144050083,2.067844816024924,1
2015-03-26 00:00:00,23.104704092710424,83.59407499220819,7.435652770847117,0.29099278041913945,1.172452157782865,0
2015-03-26 01:00:00,27.4019619055739,78.95191652357289,0.5561139546670728,0.3221186485341167,1.2922207022363184,0
2015-03-26 02:00:00,25.249052994379255,76.50227706511124,0.5338889340534233,0.2583914878733471,1.0077277350278435,0
2015-03-26 03:00:00,25.423741018313002,72.42459475154492,6.390031557070253,0.33376770187046945,0.8342423288343574,0
2015-03-26 04:00:00,23.6893214070723,95.50438477669194,1.0444720557015856,0.3021307490355111,0.8170230257966437,0
2015-03-26 05:00:00,25.13904170243502,80.4147591092803,7.7857137364757385,0.3773691891098768,1.3898164077857433,0
2015-03-26 06:00:00,27.026437174520574,66.0979908521482,8.583001610574758,0.3663112381065731,0.6578045239239931,0
2015-03-26 07:00:00,27.705936679046978,82.62192026628193,1.687978100751749,0.3167153287584841,1.867243418443901,0
2015-03-26 08:00:00,24.643222556151066,89.64937361627872,2.404221901130002,0.16327871086980014,1.6572581472219763,0
2015-03-26 09:00:00,26.727196792687756,81.25147734682798,6.604788275352227,0.47907227386811707,1.9695915086788882,0
2015-03-26 10:00:00,29.665363292911266,72.78725222243749,1.5838791682161035,0.2858109001428857,0.40975295080490093,0
2015-03-26 11:00:00,22.01211432915278,72.07140571180274,5.028838019102663,0.2919113546304868,0.01036641724948928,0
2015-03-26 12:00:00,26.981193079224422,72.66144857824612,31.39452460459865,0.26574791513006124,1.1970699710577655,1
2015-03-26 13:00:00,24.14764816379348,92.17326397637561,6.928958850466024,0.25115883439344633,3.2291604294916647,2
2015-03-26 14:00:00,23.841947483650404,79.4266875581054,2.926457758350027,0.4544058048000524,2.0863461446661993,0
2015-03-26 15:00:00,27.7830345389943,66.57020468257096,27.17331184100516,0.438604432038608,0.8118875840453008,1
2015-03-26 16:00:00,25.36424559399732,83.07307140675572,10.410195237773745,0.3444393403577671,1.4971584941019387,1
2015-03-26 17:00:00,23.349590621294702,81.12829428458842,1.0859633449984794,0.28924998455692746,1.7093108352105784,0
2015-03-26 18:00:00,30.972849576209963,76.40883626493336,1.440173777871188,0.36191179850137534,0.24212823148699703,0
2015-03-26 19:00:00,29.760268542995487,71.83674595128952,0.24431899485845804,0.3073796981769373,2.1587381083242234,0
2015-03-26 20:00:00,21.203082130922493,71.48884080181699,6.48296761950846,0.2809777081676901,1.0828031112253416,0
2015-03-26 21:00:00,22.5767156159938,88.69307052373071,27.145952108762536,0.333810592150633,1.1365234087744978,1
2015-03-26 22:00:00,28.780371213956045,81.98010284644079,3.3762633264905886,0.2558842253054555,1.2166492616036988,0
2015-03-26 23:00:00,26.145378500887592,83.82914931729427,11.017210238993831,0.3252264264003432,2.001178097515526,1
2015-03-27 00:00:00,31.501723933064874,81.95807047664096,3.020954926948373,0.32042209256216353,0.6713724892590144,0
2015-03-27 01:00:00,28.84900919562303,82.62150963929457,6.366934217800077,0.3602936021257924,0.0051209966508833915,0
2015-03-27 02:00:00,27.898396571561996,76.25284269257408,3.9356941276257125,0.2380863042524391,1.4260687050300311,0
2015-03-27 03:00:00,23.934411924523687,78.35336516415379,4.873277154661611,0.3710136352876541,0.0,0
2015-03-27 04:00:00,28.474320884593414,89.31929444340034,14.329263009580913,0.20936885070494948,0.9892274834051219,0
2015-03-27 05:00:00,23.1727081357486,91.3167213425529,20.831552457592785,0.24274333483787613,2.0308120029011727,1
2015-03-27 06:00:00,30.915733600230205,70.223264097922,19.479462373908813,0.2471074940854256,1.6053657324561166,1
2015-03-27 07:00:00,28.266415767054724,78.33392933513774,52.066309983157375,0.19279482276263216,1.929649246007693,2
2015-03-27 08:00:00,24.525508269727222,86.71428287194932,1.8457330280920339,0.40156622833856626,1.6342459556419802,0
2015-03-27 09:00:00,29.414032284396946,95.05663785772585,7.018395068703745,0.20309475238102026,2.887234142148386,2
2015-03-27 10:00:00,33.72457466740901,94.255676650646,1.9063179263100003,0.23010836625933279,0.7882322606402294,0
2015-03-27 11:00:00,26.347148700571648,73.633937480428,13.80839889097013,0.42554077104866417,1.4786921739058263,1
2015-03-27 12:00:00,28.651239569073876,90.2003689456466,1.1731241675493425,0.24294172981463494,0.8933156701511447,0
2015-03-27 13:00:00,25.704512040926996,80.46909041685613,14.552327203414759,0.2811857314861903,1.8697608889404096,1
2015-03-27 14:00:00,27.256056652855037,88.3553331110059,5.759236552946088,0.1987970999083464,1.1568975867646527,0
2015-03-27 15:00:00,22.47829631990566,86.3062294465703,4.1986307571383366,0.38329512076226846,2.4031914156108316,0
2015-03-27 16:00:00,26.998411459482405,69.88828765948189,4.765515554131665,0.3846736244191065,0.8284288312186164,0
2015-03-27 17:00:00,27.130731989491835,84.3997916530174,0.8662008179363235,0.3738945904123447,2.184988568001889,0
2015-03-27 18:00:00,32.396993330534244,88.04557272935432,0.9976194681891388,0.3537529828193944,1.6151976713807796,0
2015-03-27 19:00:00,21.61499066188995,79.83875795977734,5.868454555303872,0.30735891110194763,1.1772772516391135,0
2015-03-27 20:00:00,26.157349622676662,78.02946858154704,5.826604072612181,0.24756233330620153,1.579709636501947,0
2015-03-27 21:00:00,30.864351653493106,67.4266887058153,2.0287338762384355,0.2185030693333979,1.3828850712704346,0
2015-03-27 22:00:00,26.27468551260373,85.46894013240747,3.332031073271353,0.42899055267616704,1.449168276176267,0
2015-03-27 23:00:00,26.485975401045007,81.66998694251129,7.6281313889524105,0.376480427172659,1.0551902488339264,0
2015-03-28 00:00:00,24.500222925353476,72.62252868231931,1.5713759015010966,0.23066957727995757,0.708888044711506,0
2015-03-28 01:00:00,24.202183859211726,77.3932800249888,0.1785342853912515,0.30398317682231346,0.9654502160262286,0
2015-03-28 02:00:00,21.522438702500544,81.23602599302218,17.981710138228838,0.26998849070149866,0.021798515436244115,0
2015-03-28 03:00:00,25.112354257067537,75.53091368757863,6.30967487146805,0.18717892942942496,1.7893638327728378,0
2015-03-28 04:00:00,24.03193483466363,80.02141702007913,2.5576610371565507,0.3177651376621302,0.33538521947716426,0
2015-03-28 05:00:00,27.35411650097122,66.0005388223724,1.8982284294560539,0.2584507335760804,1.0476470613350102,0
2015-03-28 06:00:00,24.636995392728807,90.79537357481564,1.5488870113857707,0.2047463333704314,1.6536315290367232,0
2015-03-28 07:00:00,25.56122704485448,80.12727427973027,13.759327901784044,0.1520867445858238,1.787577701969938,1
2015-03-28 08:00:00,25.64338382082702,71.20517194807752,0.6321458816269402,0.14361964997943286,0.0,0
2015-03-28 09:00:00,26.855504453128884,60.32232921289854,7.00006702981292,0.26285738723053603,1.1357063473424456,0
2015-03-28 10:00:00,25.414433230785477,88.23307952826714,6.99399109843506,0.29149050295750845,1.5218212896141754,0
2015-03-28 11:00:00,23.814641730188605,84.46473242178914,9.913428969790445,0.21246991898376838,1.2364112764836286,0
2015-03-28 12:00:00,27.257299331843516,81.6854857077524,2.885112866243255,0.36507394276572275,2.140852470371481,0
2015-03-28 13:00:00,30.202449648793834,86.90918401011683,16.67594109838113,0.29344534582170373,0.6247351700597784,0
2015-03-28 14:00:00,27.385398587372322,86.88718717037369,10.193670919975432,0.357688531059865,0.0,0
2015-03-28 15:00:00,25.170538685284132,81.55550456042826,2.763469690134651,0.28170892098122924,1.7672282117379647,0
2015-03-28 16:00:00,26.630560784719126,77.96628626193747,1.7757975196284739,0.2212882364792894,0.8240397162670586,0
2015-03-28 17:00:00,20.848101688930385,76.66286721107794,3.948407348024623,0.3114117571138614,0.0,0
2015-03-28 18:00:00,26.581791751383406,83.3675361912416,2.647258651886537,0.17373254879816774,1.0890413266034682,0
2015-03-28 19:00:00,25.79893689272858,91.17625099903479,1.3862021713300994,0.3539438520636648,2.061390583152191,0
2015-03-28 20:00:00,24.199618925980463,79.17677462947223,5.0041343654540045,0.20628507934868662,0.3157231675311113,0
2015-03-28 21:00:00,24.743704943004097,91.81181924733377,3.358753165311141,0.3918232526533449,2.835197167763087,2
2015-03-28 22:00:00,25.76929649538106,82.9852197876193,20.239897497960797,0.2661544253758085,0.6134828838243367,0
2015-03-28 23:00:00,29.97737482801947,83.0455277481333,2.641759027684545,0.4062533516309917,1.2609075978880249,0
2015-03-29 00:00:00,30.27618125034028,99.24087573859178,1.7529746888283815,0.18773768114116846,0.3466073075066741,0
2015-03-29 01:00:00,24.215624515326567,93.22142572974747,4.65404193606154,0.23222302992711796,1.2291272440872099,0
2015-03-29 02:00:00,25.44576788026982,93.42887395510571,6.103123287265048,0.33809349468485705,1.1063765247689261,0
2015-03-29 03:00:00,25.522230128134265,73.61909073306514,6.602278137603303,0.4170497093426755,0.15735426836823896,0
2015-03-29 04:00:00,29.428636546650374,97.53746001725032,6.535993621521591,0.4666608908314922,3.178078878265637,2
2015-03-29 05:00:00,27.436519657894852,79.34226564704035,4.832064381721547,0.30413661636808725,0.8532639816869138,0
2015-03-29 06:00:00,27.278369587923127,78.18007056197195,4.450975504334804,0.4837745630786756,0.85387620988578,0
2015-03-29 07:00:00,28.60878784026357,62.726012692694084,8.630790772984675,0.2710335450174569,1.878325115547558,0
2015-03-29 08:00:00,25.210759774767205,82.61032659643058,1.2014699893428256,0.40987676223629727,2.469978418343928,0
2015-03-29 09:00:00,31.091659723062172,71.33316833517888,1.7709933815716714,0.20578190030406945,1.988505807603012,0
2015-03-29 10:00:00,26.994766027739395,83.26603062837593,0.36729569143229235,0.3420200506863254,0.35917391388138953,0
2015-03-29 11:00:00,24.43226266142426,70.70747893409846,1.2327801056743695,0.06583069591435542,1.349736306646264,0
2015-03-29 12:00:00,26.31107926860648,94.38159870235843,12.564317694421556,0.1878408988346876,0.0,0
2015-03-29 13:00:00,30.695784972623617,84.41259170301383,8.278966956936914,0.34666767980807645,1.8311935569256494,0
2015-03-29 14:00:00,25.724573592048685,98.23897260599661,22.571656592499078,0.16875611477994765,0.05536830302867668,0
2015-03-29 15:00:00,29.848673397134494,71.8158077480599,18.209823905953343,0.34269496107891845,0.6377590734735341,1
2015-03-29 16:00:00,25.123962621685436,92.3934339576638,8.348522835426303,0.39064581208123633,1.1977589471780825,0
2015-03-29 17:00:00,24.703008909668082,65.57830066373738,5.443230941703381,0.24986798072817218,1.5115045927987085,0
2015-03-29 18:00:00,28.978792231782876,81.66460381179435,4.754254236527796,0.20310470443258016,1.0173457636232766,0
2015-03-29 19:00:00,24.378082318062777,74.9470150404644,0.05164199301780968,0.2525813384145261,2.263358573713017,0
2015-03-29 20:00:00,29.467620750485086,76.41634771799714,4.186919186420933,0.20341876808158144,1.7062677075345953,0
2015-03-29 21:00:00,28.054877997070047,75.86802865672936,2.2395659964277583,0.2898786441984082,1.651307327844946,0
2015-03-29 22:00:00,24.379218196597225,72.68227051718937,1.3209960296691623,0.31020906248880814,0.3394193686107354,0
2015-03-29 23:00:00,26.785671768016996,69.92249354679446,7.0875214233987744,0.2693989876903191,2.389557528281782,0
2015-03-30 00:00:00,25.353677128321387,76.46058554454824,3.6289067498571397,0.46743592401868217,0.6378543990050418,0
2015-03-30 01:00:00,28.046929670007177,80.92822717829497,5.083226699110574,0.22805961803130245,2.4162797030909657,0
2015-03-30 02:00:00,32.66339473486626,89.30955485300815,1.0386789495977622,0.4391433179255312,2.6155365398479,2
2015-03-30 03:00:00,25.88788619133773,82.36280317296843,10.610711325508056,0.19587607636878862,1.5588595726546424,1
2015-03-30 04:00:00,28.60132882157552,89.3323216103551,2.6254712760555297,0.3072777569941549,1.9224091683755944,0
2015-03-30 05:00:00,27.07332192500255,68.1745850243432,6.711258886493761,0.41831054085480696,0.0,0
2015-03-30 06:00:00,27.072173109189542,76.53624475433007,2.9182841142334297,0.41313571522533177,1.0634983091567358,0
2015-03-30 07:00:00,26.50438463780543,85.6880393530914,0.021675195039795397,0.25797421022997646,1.9715159479436777,0
2015-03-30 08:00:00,24.427747660945336,82.74552604633087,7.380057198044501,0.3555069720071345,1.8471571878198592,0
2015-03-30 09:00:00,28.005419847847364,73.11059908272658,3.9160763786970385,0.3421179083664226,0.3461936633300857,0
2015-03-30 10:00:00,26.133774750241834,87.47255113732722,0.31272294209787826,0.246006082140726,0.9943945720924883,0
2015-03-30 11:00:00,24.285599748783824,75.74981454438014,0.8403585363588512,0.3615949937148074,0.0,0
2015-03-30 12:00:00,30.042519786744897,73.78109150885024,10.904268727537001,0.4862492172052373,1.4890949881209274,1
2015-03-30 13:00:00,27.297028868107027,83.89558208397446,0.34994289061838096,0.34717006650626303,0.0,0
2015-03-30 14:00:00,26.31570312797028,80.04935492267388,2.5376392997844506,0.3566356379070671,1.9913344899513001,0
2015-03-30 15:00:00,31.020169844238893,75.81670131977111,24.247884863192567,0.36721549782007074,2.027907402502186,1
2015-03-30 16:00:00,21.491755393401007,75.54505179802317,7.5725501878305215,0.15390233926448593,0.8679432299154509,0
2015-03-30 17:00:00,30.818462411187266,71.44162560154642,9.533507008099408,0.34602246732062886,1.5648931513178619,0
2015-03-30 18:00:00,24.35943615259135,76.83401403152908,3.266230172434467,0.19832404251614724,1.048030893157644,0
2015-03-30 19:00:00,27.63459761824656,88.80007548389949,0.25211485021996044,0.24101130593022002,1.3693358765104062,0
2015-03-30 20:00:00,25.235808737637868,81.95640370390531,5.626266058720649,0.5161941781188503,0.39691840372979503,0
2015-03-30 21:00:00,24.230996878642728,87.66875264621876,0.9476030670155304,0.274673839034119,1.6357448362679365,0
2015-03-30 22:00:00,30.941659577905305,84.12854830139761,0.797801208532932,0.22598258957057726,0.05117033884290856,0
2015-03-30 23:00:00,32.56864970218585,75.10203034422544,4.955428411755328,0.4152582578901392,0.0,0
2015-03-31 00:00:00,26.336323048046765,66.80686980172605,1.0645297682762618,0.2052322997157623,1.1146501783331058,0
2015-03-31 01:00:00,28.006424106582884,72.58516508236964,4.3499588765763475,0.25525808558103225,1.0521297042721043,0
2015-03-31 02:00:00,27.1709737549875,74.63011351121985,1.8564375947609673,0.4249052167986167,1.3906112113862252,0
2015-03-31 03:00:00,32.19152051205857,74.01133703766672,4.180909694958817,0.30427675653079594,0.7453447568345697,0
2015-03-31 04:00:00,20.660548657639396,87.84815941487776,2.3287538271631996,0.14384029548734706,2.5199841660499125,2
2015-03-31 05:00:00,28.13137032381066,87.76470773479761,4.314664699000883,0.3543989614322619,1.3124234925656093,0
2015-03-31 06:00:00,24.8186210575682,97.69503712221317,16.923743083570418,0.2603534117953491,1.3630172449613578,1
2015-03-31 07:00:00,19.932107935586465,73.89023063046092,9.74118419740939,0.45398514865302453,1.3380637141849319,0
2015-03-31 08:00:00,25.91840970771228,92.77958644851532,3.7871889480560146,0.23938130523658663,1.9020369082636543,0
2015-03-31 09:00:00,32.54414637273166,92.73013764531304,14.628012704801435,0.4051225973725926,1.603212190139125,1
2015-03-31 10:00:00,25.0318524287988,78.1418899356891,6.810348886452783,0.4775698032365714,1.5094125297957954,0
2015-03-31 11:00:00,29.372296519693833,83.78844317552188,13.741582606910438,0.21490567761884294,1.7151888734059135,1
2015-03-31 12:00:00,30.5960165911901,89.92586599312969,0.4441276246212341,0.2806786979241807,0.0,0
2015-03-31 13:00:00,26.96190959214143,79.52860301870192,1.0848184051129974,0.33886252741444506,0.0,0
2015-03-31 14:00:00,27.361366855233875,78.90886578228286,5.5560374272474276,0.21426542474458254,1.1467588782889893,0
2015-03-31 15:00:00,21.851106280376666,74.98130063106038,3.677961284799853,0.327029494670783,1.0616282821226686,0
2015-03-31 16:00:00,24.85150841048206,61.11969185069576,4.3263517619977385,0.27750797124940074,1.6058668908337457,0
2015-03-31 17:00:00,29.721022872989987,80.56377293190783,7.975083526434721,0.27549324284066345,1.2140118315284536,0
2015-03-31 18:00:00,27.182037291111204,74.3210453803726,5.615869899228796,0.30489383927081115,1.6073054541179475,0
2015-03-31 19:00:00,28.102024324331047,71.39721101106538,10.646835367596914,0.3071264715578564,0.3280833113071,0
2015-03-31 20:00:00,27.399472739049152,83.37753320115452,10.375215132426913,0.316388076907604,1.1924788007139135,0
2015-03-31 21:00:00,33.57601183288929,68.38950207343122,1.170007978923215,0.24011736545432155,0.2612602834295511,0
2015-03-31 22:00:00,25.708440506434197,86.44863913024494,0.026104269696139326,0.24448282756502465,1.4708005540599807,0
2015-03-31 23:00:00,31.816230128958928,83.86879452208417,1.0523109205751875,0.28814124111751693,0.0,0
2015-04-01 00:00:00,27.4005096666202,76.79845430642199,0.9433643320129997,0.29552423587642046,1.4438170689786156,0
2015-04-01 01:00:00,32.08259692374239,79.49351797724432,4.702286908255825,0.2561150660053383,0.17170043337202134,0
2015-04-01 02:00:00,23.32506573222555,70.47823124676606,4.635471133183562,0.3323939642086018,0.9315305447447431,0
2015-04-01 03:00:00,27.55395662289258,86.00270882692301,3.4210538693067827,0.1185238251324803,1.8264493840144742,0
2015-04-01 04:00:00,25.81893964822959,81.49891392841012,7.080567628229659,0.22695337410910482,1.359165992018892,0
2015-04-01 05:00:00,27.41841700755012,82.09479963671636,33.58672301154783,0.27200721737971456,0.04803784339298933,1
2015-04-01 06:00:00,30.667128787998383,84.01512303738504,3.33167622671713,0.2143884812969395,0.7293243087141832,0
2015-04-01 07:00:00,28.136428816073835,74.8606766888662,5.8067607572651445,0.4629198014808891,0.1490350321662386,0
2015-04-01 08:00:00,30.661148070080813,67.84753380063253,4.3252506634221275,0.3018861846724952,0.013669050276364558,0
2015-04-01 09:00:00,24.989336720178166,87.65854699930105,2.060375389944486,0.3176769678225903,1.282364223293782,0
2015-04-01 10:00:00,24.53149662742885,85.50974730889926,8.048627261157518,0.2516769292034539,1.5922088404920722,0
2015-04-01 11:00:00,27.048315219411798,75.71712957383252,3.1359006002437537,0.2984221079627039,1.5084241445009825,0
2015-04-01 12:00:00,26.884043464826743,83.27288159304032,1.5043850124236462,0.17847465356972658,1.6218387704158257,0
2015-04-01 13:00:00,26.44242189352742,90.0637875097436,1.6771648488560709,0.28301829639049264,1.191662404379927,0
2015-04-01 14:00:00,24.124104822987945,89.10960642467151,11.008937128936177,0.2062991571404244,1.0086268468750226,0
2015-04-01 15:00:00,30.595954769555664,75.48352930854404,7.8526438160427325,0.27225964152438376,0.4488514710563799,0
2015-04-01 16:00:00,25.911488398099536,68.08991163652598,2.3846825173054045,0.044008343369750236,0.8919442297746507,0
2015-04-01 17:00:00,31.278234366638046,69.46227888322598,6.963335189729814,0.18719967915564742,0.27505613027168063,0
2015-04-01 18:00:00,27.038230095612175,77.50619189635911,4.383267682408584,0.44639264045143334,0.6083841310111564,0
2015-04-01 19:00:00,28.945286792442133,91.69853706629726,5.913404918553926,0.38303977491075425,1.2622488093066293,0
2015-04-01 20:00:00,28.673128928891046,74.17243670286905,1.9873323446801536,0.4319039335915231,1.1175357387213543,0
2015-04-01 21:00:00,24.527175778947445,75.22937717592515,0.9941563299991061,0.43877212696709234,3.345309626526343,2
2015-04-01 22:00:00,28.101608764657467,75.06471121505345,3.114365880679725,0.3672987424164477,0.2579430817464947,0
2015-04-01 23:00:00,32.78499883340132,75.74615362969067,1.2988793212883452,0.2547131314620865,1.1124308954177524,0
2015-04-02 00:00:00,27.75483675930107,79.91018524730698,1.1545847252161894,0.19627490537343772,0.20338752215739309,0
2015-04-02 01:00:00,29.703830218679023,69.75959860358596,0.5001506894670238,0.4146744605449697,0.9285498868210343,0
2015-04-02 02:00:00,29.079815533776554,88.67487965061561,2.440750553906058,0.30645679743873905,0.9570347725193709,0
2015-04-02 03:00:00,27.92114897509496,78.84143137592282,12.985137744807648,0.5494022816381907,1.7914160183631966,1
2015-04-02 04:00:00,27.55943615317424,99.83307659780269,10.185497882333586,0.26349020239892457,0.8852334225474552,0
2015-04-02 05:00:00,28.6419466773639,70.61143201159987,19.18664233962179,0.497289585478048,1.0660762799606887,1
2015-04-02 06:00:00,29.28984763942684,92.71892937459927,1.0764980979287766,0.2843208209304245,0.8987774262694463,0
2015-04-02 07:00:00,22.943507828846784,91.1307631838919,8.570839037707302,0.43360485972587004,0.21926377915995376,0
2015-04-02 08:00:00,27.741908667289366,76.70652792923481,3.766468531969166,0.46966917372324546,0.7435283397448247,0
2015-04-02 09:00:00,26.44776635775805,76.83951509190506,1.6812709963964028,0.19770500718192874,0.9326442994413275,0
2015-04-02 10:00:00,25.825419469044874,72.62961747096082,11.65862616038807,0.25150019217091313,1.2516781183844692,1
2015-04-02 11:00:00,30.88789313708572,72.72142859808356,3.8113840357007582,0.1967020774301469,1.5912631010573774,0
2015-04-02 12:00:00,24.80056125580844,79.99515240180114,0.1776963694146248,0.17700555117417763,1.0357824432022795,0
2015-04-02 13:00:00,22.815692819069994,80.16556787397089,10.082314503065728,0.366706685052495,1.0234766152130572,0
2015-04-02 14:00:00,29.38714867615756,67.18115786447068,6.483416851060514,0.2803371629750978,0.0,0
2015-04-02 15:00:00,22.738818430338334,98.34804258660691,5.004969560470013,0.3052366323190136,1.5778141620794457,0
2015-04-02 16:00:00,21.216170766124307,77.9238651426955,0.7569807012796947,0.355623913497328,0.7128714789949715,0
2015-04-02 17:00:00,29.724803069969894,80.5248982177375,5.664335545704306,0.11426131662850852,1.7229862667608429,0
2015-04-02 18:00:00,27.476166751687465,74.99010053269247,16.963072221086986,0.42867660039570543,2.121507963497937,1
2015-04-02 19:00:00,28.41815888210633,77.86392368726533,6.298788864064444,0.26509058366600824,1.0684594813148962,0
2015-04-02 20:00:00,25.672717275661135,77.13697511004634,0.36415328752337417,0.35324013062378573,0.4836821034638755,0
2015-04-02 21:00:00,22.846781605172943,79.97655659339792,6.805460005379263,0.3620712839228547,1.1883109708395914,0
2015-04-02 22:00:00,23.442638359146997,79.88328071657509,6.367584994779092,0.43707965607638405,1.4440913986130468,0
2015-04-02 23:00:00,26.18343330170615,86.43893078832856,9.265206526786688,0.28951426122169666,0.9791359991272953,0
2015-04-03 00:00:00,23.182791426245874,81.8177594967902,6.184179705599405,0.08763625409570691,0.8051731134344733,0
2015-04-03 01:00:00,27.92115872113696,85.63426416319602,1.1609188311536878,0.3057127613453561,1.5944725474881896,0
2015-04-03 02:00:00,25.612626185896744,79.92151342555653,4.712269744853961,0.3200706858161601,1.5483047922859365,0
2015-04-03 03:00:00,27.555108142095918,81.85002044084713,3.18141017597617,0.19657391408598826,0.9575972517709896,0
2015-04-03 04:00:00,27.46544438467929,78.06955453853382,5.3559322541403365,0.31474906544329384,0.042153684317517204,0
2015-04-03 05:00:00,28.160398663273583,88.02489387470119,12.0569166363518,0.2638981565273708,1.5194647297656165,1
2015-04-03 06:00:00,28.498447581866998,82.5809794361274,1.848286781848056,0.16572460507174894,0.6628709645910364,0
2015-04-03 07:00:00,25.968298227662263,78.7354011638968,21.734857801177267,0.3671484895009284,1.3500387527592161,1
2015-04-03 08:00:00,27.551907799901493,78.49671892358944,6.760366986565082,0.24362748491022038,1.305810062175326,0
2015-04-03 09:00:00,27.708024385260522,79.12608527002402,10.136981110424294,0.25936207852629306,0.0,0
2015-04-03 10:00:00,19.713329072719905,80.24355138941625,8.88176580971518,0.25374211527129154,1.2567571790881014,0
2015-04-03 11:00:00,28.93957723757847,79.54911119024864,6.484201724431964,0.4235478597464147,1.5601727677621189,0
2015-04-03 12:00:00,27.449826588660752,75.52926675830912,7.767507728220906,0.29590838382266077,1.6460066907173407,0
2015-04-03 13:00:00,28.692146595730712,86.11920444214608,5.605277621292602,0.30790998205458214,1.282156025767419,0
2015-04-03 14:00:00,23.139469213658213,86.62460794038536,7.36292509437631,0.25593638456136025,0.0,0
2015-04-03 15:00:00,26.05268047451282,94.27085470320597,0.5351320385307791,0.3462866822254905,2.093956743530646,0
2015-04-03 16:00:00,23.72541163030326,75.17096231484192,7.3037414230752145,0.43493180484506716,1.4877158672798063,0
2015-04-03 17:00:00,29.233804128638624,85.33150980121684,6.779953954098358,0.3647860817486506,0.3576764694406659,0
2015-04-03 18:00:00,22.78465037379452,64.72690146973854,9.867583479393835,0.3686866961334856,0.6485658718892086,0
2015-04-03 19:00:00,24.214035654233037,86.6323445201751,10.223338833354322,0.36062302058843454,1.3618569465061645,1
2015-04-03 20:00:00,28.602942384815943,68.34734307994252,15.227547637023708,0.16197573566888365,1.6758489353087789,1
2015-04-03 21:00:00,25.111876403168257,72.12535117142171,7.519925273052262,0.21238811683008613,0.8584260005566088,0
2015-04-03 22:00:00,24.214828029632823,82.65780263212655,17.85769473395616,0.27950126064008735,1.7778677851653524,1
2015-04-03 23:00:00,29.72015828862055,75.0280077166215,2.5875483361515896,0.22741359575067743,0.0,0
2015-04-04 00:00:00,29.843135269775605,73.93317191997672,18.438684439678273,0.19354629752440017,0.4702786922343489,0
2015-04-04 01:00:00,29.166213577622997,76.12147182001323,3.227244978985806,0.11278242591294257,0.0,0
2015-04-04 02:00:00,29.54612902182088,85.8370079353482,6.786525145275453,0.16534707868658588,0.5718163999912148,0
2015-04-04 03:00:00,26.30526216318583,72.53687682865805,10.839457855118779,0.27434744426574,2.2556540291808664,1
2015-04-04 04:00:00,26.386221076090155,79.56676108621971,6.56264465714839,0.29305736331811155,2.6404615642097813,2
2015-04-04 05:00:00,25.05575616439919,76.9707497236853,23.394020908757053,0.22069462238694243,1.3642133277613098,1
2015-04-04 06:00:00,27.50318750314793,86.55912617063211,4.835805101943181,0.30789252126832256,0.7530995549120119,0
2015-04-04 07:00:00,25.416305018022456,86.78337403266275,8.193655632552856,0.25661663590916234,1.0448520694043395,0
2015-04-04 08:00:00,25.70080138221907,65.3177456205111,5.669947636754567,0.4090573587373848,1.5313379235831155,0
2015-04-04 09:00:00,28.7997013019487,88.36087535011453,15.33270679722937,0.28383742359751624,0.10591340385264236,0
2015-04-04 10:00:00,30.55361773654314,75.11395274832951,2.682834384176263,0.36963308814017154,0.7992505768131566,0
2015-04-04 11:00:00,28.194780762810286,81.89033758877339,24.99088581127409,0.32032137622946927,2.2044251521151743,1
2015-04-04 12:00:00,32.3829475957277,72.48873007693362,1.9132146012127658,0.1597928960755945,0.46800295147014626,0
2015-04-04 13:00:00,24.883453283901755,82.96907682167827,19.977636566805163,0.29093418242628244,0.6756825705169199,0
2015-04-04 14:00:00,21.486076082372225,100.0,1.0871264258473536,0.1764375900671316,1.2092355591870083,0
2015-04-04 15:00:00,29.143883668768662,81.01732449028026,8.45488214397567,0.28918791617830786,1.3981995816532964,0
2015-04-04 16:00:00,24.684499342059805,76.32121825882915,4.383276478577653,0.22548691827693107,0.7624971676603693,0
2015-04-04 17:00:00,26.17892327467391,78.14271012259567,10.63077470594855,0.33819630334848083,1.2538750682763689,1
